jec,t,label_occ,horizon,occ_now,occ_prev,occ_2ago,approaching,queue_len,intent_count,downstream_occ,demand_factor,blockage_active,recent_blockages,resv_active
JEC-J03,1.1,0.0,5.0,0.0,0.0,0.0,0.0,0.0,3.0,0.0,1.13,0.0,0.0,0.0
JEC-J03,2.2,0.0,5.0,0.0,0.0,0.0,0.0,0.0,3.0,0.0,1.13,0.0,0.0,0.0
JEC-J03,3.3,0.0,5.0,0.0,0.0,0.0,0.0,0.0,3.0,0.0,1.13,0.0,0.0,0.0
JEC-J03,4.4,0.0,5.0,0.0,0.0,0.0,0.0,0.0,3.0,0.0,1.13,0.0,0.0,0.0
JEC-J03,5.5,0.0,5.0,0.0,0.0,0.0,0.0,0.0,3.0,0.0,1.13,0.0,0.0,0.0
JEC-J03,6.6,0.0,5.0,0.0,0.0,0.0,0.0,0.0,3.0,0.0,1.13,0.0,0.0,0.0
JEC-J03,7.7,0.0,5.0,0.0,0.0,0.0,0.0,0.0,4.0,0.0,1.13,0.0,0.0,0.0
JEC-J03,8.8,0.0,5.0,0.0,0.0,0.0,0.0,0.0,4.0,0.0,1.13,0.0,0.0,0.0
JEC-J03,9.9,0.0,5.0,0.0,0.0,0.0,1.0,0.0,4.0,0.0,1.13,0.0,0.0,0.0
JEC-J03,11.0,0.0,5.0,0.0,0.0,0.0,1.0,0.0,4.0,0.0,1.13,0.0,0.0,0.0
JEC-J03,12.1,0.0,5.0,0.0,0.0,0.0,1.0,0.0,4.0,0.0,1.13,0.0,0.0,0.0
JEC-J03,13.2,0.0,5.0,0.0,0.0,0.0,1.0,0.0,4.0,0.0,1.13,0.0,0.0,0.0
JEC-J03,14.3,0.0,5.0,0.0,0.0,0.0,1.0,0.0,4.0,0.0,1.13,0.0,0.0,0.0
JEC-J03,15.4,0.0,5.0,0.0,0.0,0.0,1.0,0.0,4.0,0.0,1.13,0.0,0.0,0.0
JEC-J03,16.5,1.0,5.0,0.0,0.0,0.0,1.0,0.0,4.0,0.0,1.13,0.0,0.0,0.0
JEC-J03,17.6,1.0,5.0,0.0,0.0,0.0,1.0,0.0,4.0,0.0,1.13,0.0,0.0,0.0
JEC-J03,18.7,1.0,5.0,0.0,0.0,0.0,1.0,0.0,4.0,0.0,1.13,0.0,0.0,0.0
JEC-J03,19.8,0.0,5.0,0.0,0.0,0.0,0.0,0.0,4.0,1.0,1.13,0.0,0.0,1.0
JEC-J03,20.9,0.0,5.0,0.0,0.0,0.0,0.0,0.0,3.0,1.0,1.13,0.0,0.0,1.0
JEC-J03,22.0,0.0,5.0,1.0,0.0,0.0,0.0,0.0,3.0,1.0,1.13,0.0,0.0,2.0
JEC-J03,23.1,0.0,5.0,1.0,0.0,0.0,0.0,0.0,3.0,1.0,1.13,0.0,0.0,0.0
JEC-J03,24.2,0.0,5.0,1.0,0.0,0.0,0.0,0.0,3.0,1.0,1.13,0.0,0.0,0.0
JEC-J03,25.3,0.0,5.0,0.0,0.0,0.0,0.0,0.0,3.0,1.0,1.13,0.0,0.0,0.0
JEC-J03,26.4,0.0,5.0,0.0,0.0,0.0,0.0,0.0,4.0,1.0,1.13,0.0,0.0,0.0
JEC-J03,27.5,0.0,5.0,0.0,0.0,0.0,0.0,0.0,4.0,0.0,1.13,0.0,0.0,0.0
JEC-J03,28.6,0.0,5.0,0.0,0.0,0.0,0.0,0.0,4.0,0.0,1.13,0.0,0.0,0.0
JEC-J03,29.7,0.0,5.0,0.0,0.0,0.0,0.0,0.0,4.0,0.0,1.13,0.0,0.0,0.0
JEC-J03,30.8,0.0,5.0,0.0,0.0,0.0,0.0,0.0,4.0,0.0,1.13,0.0,0.0,0.0
JEC-J03,31.9,0.0,5.0,0.0,0.0,0.0,0.0,0.0,4.0,0.0,1.13,0.0,0.0,0.0
JEC-J03,33.0,0.0,5.0,0.0,0.0,0.0,0.0,0.0,4.0,0.0,1.13,0.0,0.0,0.0
JEC-J03,34.1,0.0,5.0,0.0,0.0,0.0,0.0,0.0,4.0,0.0,1.13,0.0,0.0,0.0
JEC-J03,35.2,0.0,5.0,0.0,0.0,0.0,0.0,0.0,4.0,0.0,1.13,0.0,0.0,0.0
JEC-J03,36.3,0.0,5.0,0.0,0.0,0.0,0.0,0.0,4.0,0.0,1.13,0.0,0.0,0.0
JEC-J03,37.4,0.0,5.0,0.0,0.0,0.0,0.0,0.0,4.0,0.0,1.13,0.0,0.0,0.0
JEC-J03,38.5,0.0,5.0,0.0,0.0,0.0,0.0,0.0,4.0,0.0,1.13,0.0,0.0,0.0
JEC-J03,39.6,0.0,5.0,0.0,0.0,0.0,0.0,0.0,4.0,0.0,1.13,0.0,0.0,0.0
JEC-J03,40.7,0.0,5.0,0.0,0.0,0.0,1.0,0.0,4.0,0.0,1.03,0.0,0.0,0.0
JEC-J03,41.8,0.0,5.0,0.0,0.0,0.0,1.0,0.0,4.0,0.0,1.03,0.0,0.0,0.0
JEC-J03,42.9,0.0,5.0,0.0,0.0,0.0,1.0,0.0,4.0,0.0,1.03,0.0,0.0,0.0
JEC-J03,44.0,0.0,5.0,0.0,0.0,0.0,1.0,0.0,4.0,0.0,1.03,0.0,0.0,0.0
JEC-J03,45.1,0.0,5.0,0.0,0.0,0.0,1.0,0.0,4.0,0.0,1.03,0.0,0.0,0.0
JEC-J03,46.2,0.0,5.0,0.0,0.0,0.0,1.0,0.0,4.0,0.0,1.03,0.0,0.0,0.0
JEC-J03,47.3,0.0,5.0,0.0,0.0,0.0,1.0,0.0,4.0,0.0,1.03,0.0,0.0,0.0
JEC-J03,48.4,0.0,5.0,0.0,0.0,0.0,1.0,0.0,4.0,0.0,1.03,0.0,0.0,0.0
JEC-J03,49.5,0.0,5.0,0.0,0.0,0.0,1.0,0.0,4.0,0.0,1.03,0.0,0.0,0.0
JEC-J03,50.6,0.0,5.0,0.0,0.0,0.0,1.0,0.0,4.0,0.0,1.03,0.0,0.0,0.0
JEC-J03,51.7,1.0,5.0,0.0,0.0,0.0,1.0,0.0,4.0,0.0,1.03,0.0,0.0,0.0
JEC-J03,52.8,1.0,5.0,0.0,0.0,0.0,1.0,0.0,4.0,0.0,1.03,0.0,0.0,0.0
JEC-J03,53.9,1.0,5.0,0.0,0.0,0.0,1.0,0.0,4.0,0.0,1.03,0.0,0.0,0.0
JEC-J03,55.0,1.0,5.0,0.0,0.0,0.0,1.0,0.0,4.0,0.0,1.03,0.0,0.0,1.0
JEC-J03,56.1,0.0,5.0,0.0,0.0,0.0,0.0,0.0,4.0,1.0,1.13,0.0,0.0,1.0
JEC-J03,57.2,0.0,5.0,1.0,0.0,0.0,0.0,0.0,4.0,1.0,1.13,0.0,0.0,2.0
JEC-J03,58.3,0.0,5.0,1.0,0.0,0.0,0.0,0.0,5.0,1.0,1.13,0.0,0.0,2.0
JEC-J03,59.4,0.0,5.0,1.0,0.0,0.0,1.0,0.0,5.0,1.0,1.13,0.0,0.0,0.0
JEC-J03,60.5,0.0,5.0,1.0,0.0,0.0,1.0,0.0,5.0,1.0,1.13,0.0,0.0,0.0
JEC-J03,61.6,0.0,5.0,0.0,0.0,0.0,1.0,0.0,5.0,1.0,1.13,0.0,0.0,0.0
JEC-J03,62.7,0.0,5.0,0.0,0.0,0.0,1.0,0.0,5.0,0.0,1.13,0.0,0.0,0.0
JEC-J03,63.8,1.0,5.0,0.0,0.0,0.0,2.0,0.0,5.0,0.0,1.13,0.0,0.0,0.0
JEC-J03,64.9,1.0,5.0,0.0,0.0,0.0,2.0,0.0,5.0,0.0,1.13,0.0,0.0,0.0
JEC-J03,66.0,1.0,5.0,0.0,0.0,0.0,2.0,0.0,5.0,0.0,1.13,0.0,0.0,0.0
JEC-J03,67.1,0.0,5.0,0.0,0.0,0.0,1.0,0.0,5.0,1.0,1.13,0.0,0.0,1.0
JEC-J03,68.2,0.0,5.0,0.0,0.0,0.0,1.0,0.0,5.0,1.0,1.13,0.0,0.0,1.0
JEC-J03,69.3,0.0,5.0,1.0,0.0,0.0,1.0,0.0,5.0,1.0,1.13,0.0,0.0,2.0
JEC-J03,70.4,0.0,5.0,1.0,0.0,0.0,1.0,0.0,5.0,1.0,1.13,0.0,0.0,0.0
JEC-J03,71.5,0.0,5.0,1.0,0.0,0.0,1.0,0.0,5.0,1.0,1.13,0.0,0.0,0.0
JEC-J03,72.6,0.0,5.0,0.0,0.0,0.0,1.0,0.0,5.0,1.0,1.13,0.0,0.0,0.0
JEC-J03,73.7,0.0,5.0,0.0,0.0,0.0,1.0,0.0,5.0,1.0,1.13,0.0,0.0,0.0
JEC-J03,74.8,0.0,5.0,0.0,0.0,0.0,1.0,0.0,5.0,0.0,1.13,0.0,0.0,0.0
JEC-J03,75.9,0.0,5.0,0.0,0.0,0.0,1.0,0.0,5.0,0.0,1.13,0.0,0.0,0.0
JEC-J03,77.0,0.0,5.0,0.0,0.0,0.0,1.0,0.0,5.0,0.0,1.13,0.0,0.0,0.0
JEC-J03,78.1,0.0,5.0,0.0,0.0,0.0,1.0,0.0,5.0,0.0,1.13,0.0,0.0,0.0
JEC-J03,79.2,0.0,5.0,0.0,0.0,0.0,1.0,0.0,5.0,0.0,1.13,0.0,0.0,0.0
JEC-J03,80.3,0.0,5.0,0.0,0.0,0.0,1.0,0.0,4.0,0.0,1.13,0.0,0.0,0.0
JEC-J03,81.4,0.0,5.0,0.0,0.0,0.0,1.0,0.0,4.0,0.0,1.13,0.0,0.0,0.0
JEC-J03,82.5,0.0,5.0,0.0,0.0,0.0,1.0,0.0,5.0,0.0,1.13,0.0,0.0,0.0
JEC-J03,83.6,0.0,5.0,0.0,0.0,0.0,1.0,0.0,5.0,0.0,1.13,0.0,0.0,0.0
JEC-J03,84.7,0.0,5.0,0.0,0.0,0.0,1.0,0.0,5.0,0.0,1.13,0.0,0.0,0.0
JEC-J03,85.8,0.0,5.0,0.0,0.0,0.0,1.0,0.0,5.0,0.0,1.13,0.0,0.0,0.0
JEC-J03,86.9,0.0,5.0,0.0,0.0,0.0,1.0,0.0,5.0,0.0,1.13,0.0,0.0,0.0
JEC-J03,88.0,0.0,5.0,0.0,0.0,0.0,1.0,0.0,5.0,0.0,1.13,0.0,0.0,0.0
JEC-J03,89.1,0.0,5.0,0.0,0.0,0.0,1.0,0.0,5.0,0.0,1.13,0.0,0.0,0.0
JEC-J03,90.2,0.0,5.0,0.0,0.0,0.0,1.0,0.0,5.0,0.0,1.13,0.0,0.0,0.0
JEC-J03,91.3,0.0,5.0,0.0,0.0,0.0,1.0,0.0,6.0,0.0,1.13,0.0,0.0,0.0
JEC-J03,92.4,0.0,5.0,0.0,0.0,0.0,1.0,0.0,6.0,0.0,1.13,0.0,0.0,0.0
JEC-J03,93.5,0.0,5.0,0.0,0.0,0.0,1.0,0.0,6.0,0.0,1.13,0.0,0.0,0.0
JEC-J03,94.6,0.0,5.0,0.0,0.0,0.0,1.0,0.0,6.0,0.0,1.13,0.0,0.0,0.0
JEC-J03,95.7,0.0,5.0,0.0,0.0,0.0,1.0,0.0,7.0,0.0,1.0,0.0,0.0,0.0
JEC-J03,96.8,0.0,5.0,0.0,0.0,0.0,1.0,0.0,7.0,0.0,1.0,0.0,0.0,0.0
JEC-J03,97.9,0.0,5.0,0.0,0.0,0.0,1.0,0.0,7.0,0.0,1.0,0.0,0.0,0.0
JEC-J03,99.0,0.0,5.0,0.0,0.0,0.0,1.0,0.0,7.0,0.0,1.0,0.0,0.0,0.0
JEC-J03,100.1,0.0,5.0,0.0,0.0,0.0,1.0,0.0,7.0,0.0,1.06,0.0,0.0,0.0
JEC-J03,101.2,0.0,5.0,0.0,0.0,0.0,1.0,0.0,8.0,0.0,1.06,0.0,0.0,0.0
JEC-J03,102.3,0.0,5.0,0.0,0.0,0.0,1.0,0.0,8.0,0.0,1.06,0.0,0.0,0.0
JEC-J03,103.4,0.0,5.0,0.0,0.0,0.0,1.0,0.0,8.0,0.0,1.06,0.0,0.0,0.0
JEC-J03,104.5,0.0,5.0,0.0,0.0,0.0,1.0,0.0,8.0,0.0,1.06,0.0,0.0,0.0
JEC-J03,105.6,0.0,5.0,0.0,0.0,0.0,1.0,0.0,8.0,0.0,1.06,0.0,0.0,0.0
JEC-J03,106.7,0.0,5.0,0.0,0.0,0.0,1.0,0.0,8.0,0.0,1.06,0.0,0.0,0.0
JEC-J03,107.8,0.0,5.0,0.0,0.0,0.0,1.0,0.0,8.0,0.0,1.06,0.0,0.0,0.0
JEC-J03,108.9,0.0,5.0,0.0,0.0,0.0,1.0,0.0,8.0,0.0,1.06,0.0,0.0,0.0
JEC-J03,110.0,0.0,5.0,0.0,0.0,0.0,1.0,0.0,7.0,0.0,1.06,0.0,0.0,0.0
JEC-J03,111.1,0.0,5.0,0.0,0.0,0.0,1.0,0.0,7.0,0.0,1.06,0.0,0.0,0.0
JEC-J03,112.2,0.0,5.0,0.0,0.0,0.0,1.0,0.0,8.0,0.0,1.06,0.0,0.0,0.0
JEC-J03,113.3,0.0,5.0,0.0,0.0,0.0,1.0,0.0,8.0,0.0,1.06,0.0,0.0,0.0
JEC-J03,114.4,0.0,5.0,0.0,0.0,0.0,1.0,0.0,8.0,0.0,1.06,0.0,0.0,0.0
JEC-J03,115.5,0.0,5.0,0.0,0.0,0.0,1.0,0.0,8.0,0.0,1.06,0.0,0.0,0.0
JEC-J03,116.6,0.0,5.0,0.0,0.0,0.0,1.0,0.0,8.0,0.0,1.06,0.0,0.0,0.0
JEC-J03,117.7,0.0,5.0,0.0,0.0,0.0,1.0,0.0,8.0,0.0,1.06,0.0,0.0,0.0
JEC-J03,118.8,0.0,5.0,0.0,0.0,0.0,1.0,0.0,8.0,0.0,1.06,0.0,0.0,0.0
JEC-J03,119.9,0.0,5.0,0.0,0.0,0.0,1.0,0.0,8.0,0.0,1.06,0.0,0.0,0.0
JEC-J03,121.0,0.0,5.0,0.0,0.0,0.0,1.0,0.0,8.0,0.0,1.06,0.0,0.0,0.0
JEC-J03,122.1,0.0,5.0,0.0,0.0,0.0,1.0,0.0,8.0,0.0,1.06,0.0,0.0,0.0
JEC-J03,123.2,0.0,5.0,0.0,0.0,0.0,1.0,0.0,8.0,0.0,1.06,0.0,0.0,0.0
JEC-J03,124.3,0.0,5.0,0.0,0.0,0.0,1.0,0.0,8.0,0.0,1.06,0.0,0.0,0.0
JEC-J03,125.4,0.0,5.0,0.0,0.0,0.0,1.0,0.0,8.0,0.0,1.06,0.0,0.0,0.0
JEC-J03,126.5,0.0,5.0,0.0,0.0,0.0,1.0,0.0,8.0,0.0,1.06,0.0,0.0,0.0
JEC-J03,127.6,0.0,5.0,0.0,0.0,0.0,1.0,0.0,8.0,0.0,1.06,0.0,0.0,0.0
JEC-J03,128.7,0.0,5.0,0.0,0.0,0.0,1.0,0.0,8.0,0.0,1.06,0.0,0.0,0.0
JEC-J03,129.8,0.0,5.0,0.0,0.0,0.0,1.0,0.0,8.0,0.0,1.06,0.0,0.0,0.0
JEC-J03,130.9,0.0,5.0,0.0,0.0,0.0,1.0,0.0,8.0,0.0,1.06,0.0,0.0,0.0
JEC-J03,132.0,0.0,5.0,0.0,0.0,0.0,1.0,0.0,8.0,0.0,1.06,0.0,0.0,0.0
JEC-J03,133.1,0.0,5.0,0.0,0.0,0.0,1.0,0.0,8.0,0.0,1.06,0.0,0.0,0.0
JEC-J03,134.2,0.0,5.0,0.0,0.0,0.0,1.0,0.0,8.0,0.0,1.06,0.0,0.0,0.0
JEC-J03,135.3,0.0,5.0,0.0,0.0,0.0,1.0,0.0,8.0,0.0,1.06,0.0,0.0,0.0
JEC-J03,136.4,0.0,5.0,0.0,0.0,0.0,1.0,0.0,8.0,0.0,1.06,0.0,0.0,0.0
JEC-J03,137.5,0.0,5.0,0.0,0.0,0.0,2.0,0.0,8.0,0.0,1.06,0.0,0.0,0.0
JEC-J03,138.6,0.0,5.0,0.0,0.0,0.0,2.0,0.0,8.0,0.0,1.06,0.0,0.0,0.0
JEC-J03,139.7,1.0,5.0,0.0,0.0,0.0,2.0,0.0,8.0,0.0,1.06,0.0,0.0,0.0
JEC-J03,140.8,1.0,5.0,0.0,0.0,0.0,2.0,0.0,8.0,0.0,1.06,0.0,0.0,0.0
JEC-J03,141.9,1.0,5.0,0.0,0.0,0.0,2.0,0.0,9.0,0.0,1.06,0.0,0.0,0.0
JEC-J03,143.0,1.0,5.0,0.0,0.0,0.0,1.0,0.0,9.0,1.0,1.06,0.0,0.0,1.0
JEC-J03,144.1,0.0,5.0,0.0,0.0,0.0,1.0,0.0,9.0,1.0,1.06,0.0,0.0,1.0
JEC-J03,145.2,0.0,5.0,1.0,0.0,0.0,1.0,0.0,9.0,1.0,1.06,0.0,0.0,2.0
JEC-J03,146.3,0.0,5.0,1.0,0.0,0.0,1.0,0.0,9.0,1.0,1.06,0.0,0.0,0.0
JEC-J03,147.4,0.0,5.0,1.0,0.0,0.0,1.0,0.0,9.0,1.0,1.06,0.0,0.0,0.0
JEC-J03,148.5,0.0,5.0,1.0,0.0,0.0,1.0,0.0,9.0,1.0,1.06,0.0,0.0,0.0
JEC-J03,149.6,0.0,5.0,0.0,0.0,0.0,1.0,0.0,9.0,1.0,1.06,0.0,0.0,0.0
JEC-J03,150.7,0.0,5.0,0.0,0.0,0.0,1.0,0.0,9.0,1.0,1.06,0.0,0.0,0.0
JEC-J03,151.8,0.0,5.0,0.0,0.0,0.0,1.0,0.0,9.0,1.0,1.06,0.0,0.0,0.0
JEC-J03,152.9,0.0,5.0,0.0,0.0,0.0,1.0,0.0,9.0,1.0,1.06,0.0,0.0,0.0
JEC-J03,154.0,0.0,5.0,0.0,0.0,0.0,1.0,0.0,9.0,1.0,1.06,0.0,0.0,0.0
JEC-J03,155.1,0.0,5.0,0.0,0.0,0.0,1.0,0.0,9.0,1.0,1.06,0.0,0.0,0.0
JEC-J03,156.2,0.0,5.0,0.0,0.0,0.0,1.0,0.0,9.0,1.0,1.06,0.0,0.0,0.0
JEC-J03,157.3,0.0,5.0,0.0,0.0,0.0,1.0,0.0,9.0,1.0,1.06,0.0,0.0,0.0
JEC-J03,158.4,0.0,5.0,0.0,0.0,0.0,1.0,0.0,9.0,1.0,1.06,0.0,0.0,1.0
JEC-J03,159.5,0.0,5.0,0.0,0.0,0.0,1.0,0.0,9.0,1.0,1.06,0.0,0.0,1.0
JEC-J03,160.6,0.0,5.0,0.0,0.0,0.0,1.0,0.0,9.0,1.0,1.0,0.0,0.0,1.0
JEC-J03,161.7,0.0,5.0,0.0,0.0,0.0,1.0,0.0,9.0,1.0,1.0,0.0,0.0,1.0
JEC-J03,162.8,0.0,5.0,0.0,0.0,0.0,1.0,0.0,9.0,1.0,1.0,0.0,0.0,1.0
JEC-J03,163.9,0.0,5.0,0.0,0.0,0.0,1.0,0.0,9.0,1.0,1.0,0.0,0.0,0.0
JEC-J03,165.0,0.0,5.0,0.0,0.0,0.0,1.0,0.0,9.0,1.0,1.0,0.0,0.0,0.0
JEC-J03,166.1,0.0,5.0,0.0,0.0,0.0,1.0,0.0,9.0,1.0,1.0,0.0,0.0,0.0
JEC-J03,167.2,0.0,5.0,0.0,0.0,0.0,1.0,0.0,9.0,1.0,1.0,0.0,0.0,1.0
JEC-J03,168.3,0.0,5.0,0.0,0.0,0.0,1.0,0.0,9.0,1.0,1.0,0.0,0.0,1.0
JEC-J03,169.4,0.0,5.0,0.0,0.0,0.0,1.0,0.0,9.0,1.0,1.0,0.0,0.0,1.0
JEC-J03,170.5,0.0,5.0,0.0,0.0,0.0,1.0,0.0,9.0,1.0,1.0,0.0,0.0,1.0
JEC-J03,171.6,0.0,5.0,0.0,0.0,0.0,1.0,0.0,9.0,1.0,1.0,0.0,0.0,1.0
JEC-J03,172.7,0.0,5.0,0.0,0.0,0.0,1.0,0.0,9.0,1.0,1.0,0.0,0.0,0.0
JEC-J03,173.8,0.0,5.0,0.0,0.0,0.0,1.0,0.0,9.0,1.0,1.0,0.0,0.0,0.0
JEC-J03,174.9,0.0,5.0,0.0,0.0,0.0,1.0,0.0,9.0,1.0,1.0,0.0,0.0,0.0
JEC-J03,176.0,0.0,5.0,0.0,0.0,0.0,1.0,0.0,9.0,1.0,1.0,0.0,0.0,1.0
JEC-J03,177.1,0.0,5.0,0.0,0.0,0.0,1.0,0.0,9.0,1.0,1.0,0.0,0.0,1.0
JEC-J03,178.2,0.0,5.0,0.0,0.0,0.0,1.0,0.0,9.0,1.0,1.0,0.0,0.0,1.0
JEC-J03,179.3,1.0,5.0,0.0,0.0,0.0,1.0,0.0,9.0,1.0,1.0,0.0,0.0,1.0
JEC-J03,180.4,0.0,5.0,0.0,0.0,0.0,1.0,0.0,9.0,1.0,1.0,0.0,0.0,1.0
JEC-J03,181.5,0.0,5.0,0.0,0.0,0.0,1.0,0.0,9.0,1.0,1.0,0.0,0.0,1.0
JEC-J03,182.6,0.0,5.0,0.0,0.0,0.0,1.0,0.0,9.0,1.0,1.0,0.0,0.0,0.0
JEC-J03,183.7,0.0,5.0,0.0,0.0,0.0,1.0,0.0,9.0,1.0,1.0,0.0,0.0,0.0
JEC-J03,184.8,0.0,5.0,1.0,0.0,0.0,1.0,0.0,9.0,1.0,1.0,0.0,0.0,1.0
JEC-J03,185.9,0.0,5.0,0.0,0.0,0.0,1.0,0.0,9.0,1.0,1.0,0.0,0.0,1.0
JEC-J03,187.0,0.0,5.0,0.0,0.0,0.0,1.0,0.0,9.0,1.0,1.0,0.0,0.0,1.0
JEC-J03,188.1,0.0,5.0,0.0,0.0,0.0,1.0,0.0,9.0,1.0,1.0,0.0,0.0,1.0
JEC-J03,189.2,0.0,5.0,0.0,0.0,0.0,1.0,0.0,9.0,1.0,1.0,0.0,0.0,1.0
JEC-J03,190.3,0.0,5.0,0.0,0.0,0.0,1.0,0.0,9.0,1.0,1.0,0.0,0.0,1.0
JEC-J03,191.4,0.0,5.0,0.0,0.0,0.0,1.0,0.0,9.0,1.0,1.0,0.0,0.0,0.0
JEC-J03,192.5,0.0,5.0,0.0,0.0,0.0,1.0,0.0,9.0,1.0,1.0,0.0,0.0,0.0
JEC-J03,193.6,0.0,5.0,0.0,0.0,0.0,1.0,0.0,9.0,1.0,1.0,0.0,0.0,1.0
JEC-J05,1.1,0.0,5.0,0.0,0.0,0.0,0.0,0.0,4.0,0.0,1.13,0.0,0.0,0.0
JEC-J05,2.2,0.0,5.0,0.0,0.0,0.0,0.0,0.0,4.0,0.0,1.13,0.0,0.0,0.0
JEC-J05,3.3,0.0,5.0,0.0,0.0,0.0,0.0,0.0,4.0,0.0,1.13,0.0,0.0,0.0
JEC-J05,4.4,0.0,5.0,0.0,0.0,0.0,1.0,0.0,4.0,0.0,1.13,0.0,0.0,0.0
JEC-J05,5.5,0.0,5.0,0.0,0.0,0.0,1.0,0.0,4.0,0.0,1.13,0.0,0.0,0.0
JEC-J05,6.6,0.0,5.0,0.0,0.0,0.0,1.0,0.0,4.0,0.0,1.13,0.0,0.0,0.0
JEC-J05,7.7,0.0,5.0,0.0,0.0,0.0,1.0,0.0,4.0,0.0,1.13,0.0,0.0,0.0
JEC-J05,8.8,1.0,5.0,0.0,0.0,0.0,1.0,0.0,4.0,0.0,1.13,0.0,0.0,0.0
JEC-J05,9.9,1.0,5.0,0.0,0.0,0.0,1.0,0.0,4.0,0.0,1.13,0.0,0.0,0.0
JEC-J05,11.0,1.0,5.0,0.0,0.0,0.0,1.0,0.0,4.0,0.0,1.13,0.0,0.0,0.0
JEC-J05,12.1,0.0,5.0,0.0,0.0,0.0,0.0,0.0,4.0,1.0,1.13,0.0,0.0,1.0
JEC-J05,13.2,0.0,5.0,0.0,0.0,0.0,0.0,0.0,4.0,1.0,1.13,0.0,0.0,1.0
JEC-J05,14.3,0.0,5.0,1.0,0.0,0.0,0.0,0.0,4.0,1.0,1.13,0.0,0.0,2.0
JEC-J05,15.4,0.0,5.0,1.0,0.0,0.0,0.0,0.0,4.0,1.0,1.13,0.0,0.0,0.0
JEC-J05,16.5,0.0,5.0,1.0,0.0,0.0,0.0,0.0,4.0,1.0,1.13,0.0,0.0,0.0
JEC-J05,17.6,0.0,5.0,0.0,0.0,0.0,0.0,0.0,4.0,1.0,1.13,0.0,0.0,0.0
JEC-J05,18.7,0.0,5.0,0.0,0.0,0.0,0.0,0.0,4.0,1.0,1.13,0.0,0.0,0.0
JEC-J05,19.8,0.0,5.0,0.0,0.0,0.0,0.0,0.0,4.0,0.0,1.13,0.0,0.0,0.0
JEC-J05,20.9,0.0,5.0,0.0,0.0,0.0,0.0,0.0,4.0,0.0,1.13,0.0,0.0,0.0
JEC-J05,22.0,0.0,5.0,0.0,0.0,0.0,0.0,0.0,4.0,0.0,1.13,0.0,0.0,0.0
JEC-J05,23.1,0.0,5.0,0.0,0.0,0.0,0.0,0.0,4.0,0.0,1.13,0.0,0.0,0.0
JEC-J05,24.2,0.0,5.0,0.0,0.0,0.0,0.0,0.0,4.0,0.0,1.13,0.0,0.0,0.0
JEC-J05,25.3,0.0,5.0,0.0,0.0,0.0,0.0,0.0,4.0,0.0,1.13,0.0,0.0,0.0
JEC-J05,26.4,0.0,5.0,0.0,0.0,0.0,0.0,0.0,4.0,0.0,1.13,0.0,0.0,0.0
JEC-J05,27.5,0.0,5.0,0.0,0.0,0.0,0.0,0.0,4.0,0.0,1.13,0.0,0.0,0.0
JEC-J05,28.6,0.0,5.0,0.0,0.0,0.0,0.0,0.0,4.0,0.0,1.13,0.0,0.0,0.0
JEC-J05,29.7,0.0,5.0,0.0,0.0,0.0,0.0,0.0,4.0,0.0,1.13,0.0,0.0,0.0
JEC-J05,30.8,0.0,5.0,0.0,0.0,0.0,0.0,0.0,4.0,0.0,1.13,0.0,0.0,0.0
JEC-J05,31.9,0.0,5.0,0.0,0.0,0.0,0.0,0.0,4.0,0.0,1.13,0.0,0.0,0.0
JEC-J05,33.0,0.0,5.0,0.0,0.0,0.0,0.0,0.0,4.0,0.0,1.13,0.0,0.0,0.0
JEC-J05,34.1,0.0,5.0,0.0,0.0,0.0,0.0,0.0,5.0,0.0,1.13,0.0,0.0,0.0
JEC-J05,35.2,0.0,5.0,0.0,0.0,0.0,0.0,0.0,5.0,0.0,1.13,0.0,0.0,0.0
JEC-J05,36.3,0.0,5.0,0.0,0.0,0.0,0.0,0.0,5.0,0.0,1.13,0.0,0.0,0.0
JEC-J05,37.4,0.0,5.0,0.0,0.0,0.0,0.0,0.0,5.0,0.0,1.13,0.0,0.0,0.0
JEC-J05,38.5,0.0,5.0,0.0,0.0,0.0,0.0,0.0,5.0,0.0,1.13,0.0,0.0,0.0
JEC-J05,39.6,0.0,5.0,0.0,0.0,0.0,0.0,0.0,6.0,0.0,1.13,0.0,0.0,0.0
JEC-J05,40.7,0.0,5.0,0.0,0.0,0.0,0.0,0.0,6.0,0.0,1.03,0.0,0.0,0.0
JEC-J05,41.8,0.0,5.0,0.0,0.0,0.0,0.0,0.0,5.0,0.0,1.03,0.0,0.0,0.0
JEC-J05,42.9,0.0,5.0,0.0,0.0,0.0,0.0,0.0,5.0,0.0,1.03,0.0,0.0,0.0
JEC-J05,44.0,0.0,5.0,0.0,0.0,0.0,0.0,0.0,5.0,0.0,1.03,0.0,0.0,0.0
JEC-J05,45.1,0.0,5.0,0.0,0.0,0.0,0.0,0.0,5.0,0.0,1.03,0.0,0.0,0.0
JEC-J05,46.2,0.0,5.0,0.0,0.0,0.0,0.0,0.0,5.0,0.0,1.03,0.0,0.0,0.0
JEC-J05,47.3,0.0,5.0,0.0,0.0,0.0,0.0,0.0,5.0,0.0,1.03,0.0,0.0,0.0
JEC-J05,48.4,0.0,5.0,0.0,0.0,0.0,0.0,0.0,5.0,0.0,1.03,0.0,0.0,0.0
JEC-J05,49.5,0.0,5.0,0.0,0.0,0.0,0.0,0.0,5.0,0.0,1.03,0.0,0.0,0.0
JEC-J05,50.6,0.0,5.0,0.0,0.0,0.0,0.0,0.0,5.0,0.0,1.03,0.0,0.0,0.0
JEC-J05,51.7,0.0,5.0,0.0,0.0,0.0,0.0,0.0,5.0,0.0,1.03,0.0,0.0,0.0
JEC-J05,52.8,0.0,5.0,0.0,0.0,0.0,1.0,0.0,5.0,0.0,1.03,0.0,0.0,0.0
JEC-J05,53.9,0.0,5.0,0.0,0.0,0.0,1.0,0.0,5.0,0.0,1.03,0.0,0.0,0.0
JEC-J05,55.0,0.0,5.0,0.0,0.0,0.0,1.0,0.0,5.0,0.0,1.03,0.0,0.0,0.0
JEC-J05,56.1,0.0,5.0,0.0,0.0,0.0,1.0,0.0,5.0,0.0,1.13,0.0,0.0,0.0
JEC-J05,57.2,0.0,5.0,0.0,0.0,0.0,1.0,0.0,5.0,0.0,1.13,0.0,0.0,0.0
JEC-J05,58.3,0.0,5.0,0.0,0.0,0.0,2.0,0.0,6.0,0.0,1.13,0.0,0.0,0.0
JEC-J05,59.4,1.0,5.0,0.0,0.0,0.0,2.0,0.0,6.0,0.0,1.13,0.0,0.0,0.0
JEC-J05,60.5,1.0,5.0,0.0,0.0,0.0,2.0,0.0,6.0,0.0,1.13,0.0,0.0,0.0
JEC-J05,61.6,1.0,5.0,0.0,0.0,0.0,2.0,0.0,6.0,0.0,1.13,0.0,0.0,0.0
JEC-J05,62.7,0.0,5.0,0.0,0.0,0.0,1.0,0.0,6.0,1.0,1.13,0.0,0.0,2.0
JEC-J05,63.8,0.0,5.0,0.0,0.0,0.0,1.0,0.0,6.0,1.0,1.13,0.0,0.0,3.0
JEC-J05,64.9,0.0,5.0,1.0,0.0,0.0,3.0,0.0,6.0,1.0,1.13,0.0,0.0,5.0
JEC-J05,66.0,1.0,5.0,1.0,0.0,0.0,2.0,2.0,6.0,2.0,1.13,0.0,0.0,7.0
JEC-J05,67.1,1.0,5.0,1.0,0.0,0.0,2.0,2.0,6.0,2.0,1.13,0.0,0.0,6.0
JEC-J05,68.2,1.0,5.0,0.0,0.0,0.0,2.0,2.0,6.0,2.0,1.13,0.0,0.0,7.0
JEC-J05,69.3,1.0,5.0,0.0,0.0,0.0,2.0,2.0,6.0,2.0,1.13,0.0,0.0,8.0
JEC-J05,70.4,1.0,5.0,0.0,0.0,0.0,2.0,2.0,6.0,2.0,1.13,0.0,0.0,8.0
JEC-J05,71.5,1.0,5.0,1.0,0.0,0.0,2.0,1.0,6.0,2.0,1.13,0.0,0.0,9.0
JEC-J05,72.6,1.0,5.0,1.0,0.0,0.0,2.0,0.0,5.0,1.0,1.13,0.0,0.0,5.0
JEC-J05,73.7,1.0,5.0,1.0,0.0,0.0,2.0,0.0,5.0,1.0,1.13,0.0,0.0,6.0
JEC-J05,74.8,1.0,5.0,1.0,0.0,0.0,0.0,0.0,5.0,3.0,1.13,0.0,0.0,7.0
JEC-J05,75.9,1.0,5.0,1.0,0.0,0.0,0.0,1.0,5.0,3.0,1.13,0.0,0.0,8.0
JEC-J05,77.0,1.0,5.0,1.0,0.0,0.0,0.0,2.0,5.0,3.0,1.13,0.0,0.0,11.0
JEC-J05,78.1,1.0,5.0,1.0,0.0,0.0,0.0,3.0,5.0,3.0,1.13,0.0,0.0,13.0
JEC-J05,79.2,1.0,5.0,1.0,0.0,0.0,0.0,5.0,5.0,3.0,1.13,0.0,0.0,16.0
JEC-J05,80.3,1.0,5.0,1.0,0.0,0.0,0.0,6.0,5.0,3.0,1.13,0.0,0.0,19.0
JEC-J05,81.4,1.0,5.0,1.0,0.0,0.0,0.0,8.0,6.0,3.0,1.13,0.0,0.0,21.0
JEC-J05,82.5,1.0,5.0,1.0,0.0,0.0,0.0,8.0,6.0,3.0,1.13,0.0,0.0,23.0
JEC-J05,83.6,1.0,5.0,1.0,0.0,0.0,0.0,9.0,6.0,3.0,1.13,0.0,0.0,24.0
JEC-J05,84.7,1.0,5.0,1.0,0.0,0.0,2.0,9.0,6.0,3.0,1.13,0.0,0.0,24.0
JEC-J05,85.8,1.0,5.0,1.0,0.0,0.0,0.0,10.0,6.0,3.0,1.13,0.0,0.0,24.0
JEC-J05,86.9,1.0,5.0,1.0,0.0,0.0,0.0,11.0,6.0,3.0,1.13,0.0,0.0,25.0
JEC-J05,88.0,1.0,5.0,1.0,0.0,0.0,0.0,12.0,6.0,4.0,1.13,0.0,0.0,23.0
JEC-J05,89.1,1.0,5.0,1.0,0.0,0.0,0.0,14.0,6.0,4.0,1.13,0.0,0.0,22.0
JEC-J05,90.2,1.0,5.0,1.0,0.0,0.0,0.0,15.0,6.0,4.0,1.13,0.0,0.0,21.0
JEC-J05,91.3,1.0,5.0,1.0,0.0,0.0,0.0,17.0,6.0,4.0,1.13,0.0,0.0,20.0
JEC-J05,92.4,1.0,5.0,1.0,0.0,0.0,0.0,20.0,6.0,4.0,1.13,0.0,0.0,20.0
JEC-J05,93.5,1.0,5.0,1.0,0.0,0.0,0.0,19.0,6.0,4.0,1.13,0.0,0.0,19.0
JEC-J05,94.6,1.0,5.0,1.0,0.0,0.0,0.0,17.0,6.0,4.0,1.13,0.0,0.0,19.0
JEC-J05,95.7,1.0,5.0,1.0,0.0,0.0,0.0,15.0,6.0,4.0,1.0,0.0,0.0,19.0
JEC-J05,96.8,1.0,5.0,1.0,0.0,0.0,0.0,14.0,6.0,4.0,1.0,0.0,0.0,18.0
JEC-J05,97.9,1.0,5.0,1.0,0.0,0.0,0.0,14.0,6.0,4.0,1.0,0.0,0.0,18.0
JEC-J05,99.0,1.0,5.0,1.0,0.0,0.0,0.0,13.0,7.0,4.0,1.0,0.0,0.0,16.0
JEC-J05,100.1,1.0,5.0,1.0,0.0,0.0,0.0,13.0,7.0,4.0,1.06,0.0,0.0,16.0
JEC-J05,101.2,1.0,5.0,1.0,0.0,0.0,0.0,13.0,7.0,4.0,1.06,0.0,0.0,15.0
JEC-J05,102.3,1.0,5.0,1.0,0.0,0.0,0.0,14.0,7.0,4.0,1.06,0.0,0.0,14.0
JEC-J05,103.4,1.0,5.0,1.0,0.0,0.0,1.0,14.0,7.0,4.0,1.06,0.0,0.0,13.0
JEC-J05,104.5,1.0,5.0,1.0,0.0,0.0,0.0,13.0,7.0,4.0,1.06,0.0,0.0,11.0
JEC-J05,105.6,1.0,5.0,1.0,0.0,0.0,0.0,11.0,7.0,4.0,1.06,0.0,0.0,9.0
JEC-J05,106.7,1.0,5.0,1.0,0.0,0.0,0.0,12.0,7.0,4.0,1.06,0.0,0.0,8.0
JEC-J05,107.8,1.0,5.0,1.0,0.0,0.0,0.0,13.0,7.0,4.0,1.06,0.0,0.0,7.0
JEC-J05,108.9,1.0,5.0,1.0,0.0,0.0,0.0,12.0,7.0,4.0,1.06,0.0,0.0,5.0
JEC-J05,110.0,1.0,5.0,1.0,0.0,0.0,0.0,12.0,7.0,4.0,1.06,0.0,0.0,6.0
JEC-J05,111.1,1.0,5.0,1.0,0.0,0.0,0.0,12.0,7.0,4.0,1.06,0.0,0.0,6.0
JEC-J05,112.2,1.0,5.0,1.0,0.0,0.0,1.0,14.0,7.0,4.0,1.06,0.0,0.0,6.0
JEC-J05,113.3,1.0,5.0,1.0,0.0,0.0,0.0,14.0,7.0,4.0,1.06,0.0,0.0,6.0
JEC-J05,114.4,1.0,5.0,1.0,0.0,0.0,0.0,14.0,7.0,4.0,1.06,0.0,0.0,6.0
JEC-J05,115.5,1.0,5.0,1.0,0.0,0.0,0.0,12.0,6.0,4.0,1.06,0.0,0.0,6.0
JEC-J05,116.6,1.0,5.0,1.0,0.0,0.0,0.0,13.0,6.0,4.0,1.06,0.0,0.0,6.0
JEC-J05,117.7,1.0,5.0,1.0,0.0,0.0,0.0,14.0,6.0,4.0,1.06,0.0,0.0,6.0
JEC-J05,118.8,1.0,5.0,1.0,0.0,0.0,0.0,14.0,6.0,4.0,1.06,0.0,0.0,6.0
JEC-J05,119.9,1.0,5.0,1.0,0.0,0.0,0.0,13.0,7.0,4.0,1.06,0.0,0.0,6.0
JEC-J05,121.0,1.0,5.0,1.0,0.0,0.0,1.0,12.0,7.0,4.0,1.06,0.0,0.0,5.0
JEC-J05,122.1,1.0,5.0,1.0,0.0,0.0,0.0,14.0,7.0,4.0,1.06,0.0,0.0,5.0
JEC-J05,123.2,1.0,5.0,1.0,0.0,0.0,0.0,14.0,7.0,4.0,1.06,0.0,0.0,5.0
JEC-J05,124.3,1.0,5.0,1.0,0.0,0.0,0.0,14.0,7.0,4.0,1.06,0.0,0.0,5.0
JEC-J05,125.4,1.0,5.0,1.0,0.0,0.0,0.0,12.0,7.0,4.0,1.06,0.0,0.0,5.0
JEC-J05,126.5,1.0,5.0,1.0,0.0,0.0,0.0,13.0,7.0,4.0,1.06,0.0,0.0,5.0
JEC-J05,127.6,1.0,5.0,1.0,0.0,0.0,0.0,14.0,7.0,4.0,1.06,0.0,0.0,5.0
JEC-J05,128.7,1.0,5.0,1.0,0.0,0.0,0.0,14.0,7.0,4.0,1.06,0.0,0.0,5.0
JEC-J05,129.8,1.0,5.0,1.0,0.0,0.0,1.0,13.0,7.0,4.0,1.06,0.0,0.0,5.0
JEC-J05,130.9,1.0,5.0,1.0,0.0,0.0,0.0,12.0,7.0,4.0,1.06,0.0,0.0,5.0
JEC-J05,132.0,1.0,5.0,1.0,0.0,0.0,0.0,14.0,7.0,4.0,1.06,0.0,0.0,5.0
JEC-J05,133.1,1.0,5.0,1.0,0.0,0.0,0.0,14.0,7.0,4.0,1.06,0.0,0.0,5.0
JEC-J05,134.2,1.0,5.0,1.0,0.0,0.0,0.0,14.0,7.0,4.0,1.06,0.0,0.0,5.0
JEC-J05,135.3,1.0,5.0,1.0,0.0,0.0,0.0,12.0,7.0,4.0,1.06,0.0,0.0,5.0
JEC-J05,136.4,1.0,5.0,1.0,0.0,0.0,0.0,13.0,8.0,4.0,1.06,0.0,0.0,6.0
JEC-J05,137.5,1.0,5.0,1.0,0.0,0.0,0.0,14.0,8.0,4.0,1.06,0.0,0.0,6.0
JEC-J05,138.6,1.0,5.0,1.0,0.0,0.0,1.0,14.0,8.0,4.0,1.06,0.0,0.0,6.0
JEC-J05,139.7,1.0,5.0,1.0,0.0,0.0,0.0,13.0,8.0,4.0,1.06,0.0,0.0,6.0
JEC-J05,140.8,1.0,5.0,1.0,0.0,0.0,0.0,12.0,8.0,4.0,1.06,0.0,0.0,6.0
JEC-J05,141.9,1.0,5.0,1.0,0.0,0.0,1.0,14.0,8.0,4.0,1.06,0.0,0.0,6.0
JEC-J05,143.0,1.0,5.0,1.0,0.0,0.0,2.0,14.0,8.0,4.0,1.06,0.0,0.0,6.0
JEC-J05,144.1,1.0,5.0,1.0,0.0,0.0,2.0,14.0,8.0,4.0,1.06,0.0,0.0,6.0
JEC-J05,145.2,1.0,5.0,1.0,0.0,0.0,2.0,12.0,8.0,4.0,1.06,0.0,0.0,6.0
JEC-J05,146.3,1.0,5.0,1.0,0.0,0.0,2.0,13.0,8.0,4.0,1.06,0.0,0.0,6.0
JEC-J05,147.4,1.0,5.0,1.0,0.0,0.0,2.0,14.0,8.0,4.0,1.06,0.0,0.0,6.0
JEC-J05,148.5,1.0,5.0,1.0,0.0,0.0,3.0,14.0,8.0,4.0,1.06,0.0,0.0,6.0
JEC-J05,149.6,1.0,5.0,1.0,0.0,0.0,2.0,13.0,8.0,4.0,1.06,0.0,0.0,6.0
JEC-J05,150.7,1.0,5.0,1.0,0.0,0.0,2.0,12.0,8.0,4.0,1.06,0.0,0.0,6.0
JEC-J05,151.8,1.0,5.0,1.0,0.0,0.0,2.0,14.0,8.0,4.0,1.06,0.0,0.0,6.0
JEC-J05,152.9,1.0,5.0,1.0,0.0,0.0,2.0,14.0,8.0,4.0,1.06,0.0,0.0,6.0
JEC-J05,154.0,1.0,5.0,1.0,0.0,0.0,2.0,14.0,8.0,4.0,1.06,0.0,0.0,6.0
JEC-J05,155.1,1.0,5.0,1.0,0.0,0.0,2.0,12.0,8.0,4.0,1.06,0.0,0.0,6.0
JEC-J05,156.2,1.0,5.0,1.0,0.0,0.0,2.0,13.0,8.0,4.0,1.06,0.0,0.0,6.0
JEC-J05,157.3,1.0,5.0,1.0,0.0,0.0,3.0,14.0,8.0,4.0,1.06,0.0,0.0,6.0
JEC-J05,158.4,1.0,5.0,1.0,0.0,0.0,2.0,14.0,8.0,4.0,1.06,0.0,0.0,6.0
JEC-J05,159.5,1.0,5.0,1.0,0.0,0.0,2.0,13.0,8.0,4.0,1.06,0.0,0.0,6.0
JEC-J05,160.6,1.0,5.0,1.0,0.0,0.0,2.0,12.0,8.0,4.0,1.0,0.0,0.0,6.0
JEC-J05,161.7,1.0,5.0,1.0,0.0,0.0,2.0,14.0,8.0,4.0,1.0,0.0,0.0,6.0
JEC-J05,162.8,1.0,5.0,1.0,0.0,0.0,2.0,14.0,8.0,4.0,1.0,0.0,0.0,6.0
JEC-J05,163.9,1.0,5.0,1.0,0.0,0.0,2.0,14.0,8.0,4.0,1.0,0.0,0.0,6.0
JEC-J05,165.0,1.0,5.0,1.0,0.0,0.0,1.0,12.0,8.0,4.0,1.0,0.0,0.0,6.0
JEC-J05,166.1,1.0,5.0,1.0,0.0,0.0,3.0,13.0,8.0,4.0,1.0,0.0,0.0,6.0
JEC-J05,167.2,1.0,5.0,1.0,0.0,0.0,2.0,14.0,8.0,4.0,1.0,0.0,0.0,6.0
JEC-J05,168.3,1.0,5.0,1.0,0.0,0.0,2.0,14.0,8.0,4.0,1.0,0.0,0.0,6.0
JEC-J05,169.4,1.0,5.0,1.0,0.0,0.0,2.0,13.0,8.0,4.0,1.0,0.0,0.0,6.0
JEC-J05,170.5,1.0,5.0,1.0,0.0,0.0,2.0,12.0,8.0,4.0,1.0,0.0,0.0,6.0
JEC-J05,171.6,1.0,5.0,1.0,0.0,0.0,2.0,14.0,8.0,4.0,1.0,0.0,0.0,6.0
JEC-J05,172.7,1.0,5.0,1.0,0.0,0.0,2.0,14.0,8.0,4.0,1.0,0.0,0.0,6.0
JEC-J05,173.8,1.0,5.0,1.0,0.0,0.0,1.0,13.0,8.0,4.0,1.0,0.0,0.0,6.0
JEC-J05,174.9,1.0,5.0,1.0,0.0,0.0,3.0,11.0,8.0,4.0,1.0,0.0,0.0,5.0
JEC-J05,176.0,1.0,5.0,1.0,0.0,0.0,2.0,12.0,8.0,4.0,1.0,0.0,0.0,5.0
JEC-J05,177.1,1.0,5.0,1.0,0.0,0.0,2.0,13.0,8.0,4.0,1.0,0.0,0.0,5.0
JEC-J05,178.2,1.0,5.0,1.0,0.0,0.0,2.0,13.0,8.0,4.0,1.0,0.0,0.0,5.0
JEC-J05,179.3,1.0,5.0,1.0,0.0,0.0,2.0,12.0,8.0,4.0,1.0,0.0,0.0,5.0
JEC-J05,180.4,1.0,5.0,1.0,0.0,0.0,2.0,12.0,8.0,4.0,1.0,0.0,0.0,5.0
JEC-J05,181.5,1.0,5.0,1.0,0.0,0.0,2.0,14.0,8.0,4.0,1.0,0.0,0.0,6.0
JEC-J05,182.6,1.0,5.0,1.0,0.0,0.0,1.0,14.0,8.0,4.0,1.0,0.0,0.0,6.0
JEC-J05,183.7,1.0,5.0,1.0,0.0,0.0,3.0,14.0,8.0,4.0,1.0,0.0,0.0,5.0
JEC-J05,184.8,1.0,5.0,1.0,0.0,0.0,2.0,12.0,8.0,4.0,1.0,0.0,0.0,5.0
JEC-J05,185.9,1.0,5.0,1.0,0.0,0.0,2.0,13.0,8.0,4.0,1.0,0.0,0.0,5.0
JEC-J05,187.0,1.0,5.0,1.0,0.0,0.0,2.0,14.0,8.0,4.0,1.0,0.0,0.0,5.0
JEC-J05,188.1,1.0,5.0,1.0,0.0,0.0,2.0,14.0,8.0,4.0,1.0,0.0,0.0,5.0
JEC-J05,189.2,1.0,5.0,1.0,0.0,0.0,2.0,13.0,8.0,4.0,1.0,0.0,0.0,5.0
JEC-J05,190.3,1.0,5.0,1.0,0.0,0.0,2.0,12.0,8.0,4.0,1.0,0.0,0.0,6.0
JEC-J05,191.4,1.0,5.0,1.0,0.0,0.0,2.0,14.0,8.0,4.0,1.0,0.0,0.0,6.0
JEC-J05,192.5,1.0,5.0,1.0,0.0,0.0,2.0,14.0,8.0,4.0,1.0,0.0,0.0,6.0
JEC-J05,193.6,1.0,5.0,1.0,0.0,0.0,2.0,14.0,8.0,4.0,1.0,0.0,0.0,6.0
JEC-J06,1.1,0.0,5.0,0.0,0.0,0.0,0.0,0.0,4.0,0.0,1.13,0.0,0.0,0.0
JEC-J06,2.2,0.0,5.0,0.0,0.0,0.0,0.0,0.0,4.0,0.0,1.13,0.0,0.0,0.0
JEC-J06,3.3,0.0,5.0,0.0,0.0,0.0,0.0,0.0,4.0,0.0,1.13,0.0,0.0,0.0
JEC-J06,4.4,0.0,5.0,0.0,0.0,0.0,0.0,0.0,4.0,1.0,1.13,0.0,0.0,1.0
JEC-J06,5.5,1.0,5.0,0.0,0.0,0.0,0.0,0.0,4.0,1.0,1.13,0.0,0.0,1.0
JEC-J06,6.6,1.0,5.0,0.0,0.0,0.0,0.0,0.0,4.0,1.0,1.13,0.0,0.0,1.0
JEC-J06,7.7,1.0,5.0,0.0,0.0,0.0,0.0,0.0,4.0,1.0,1.13,0.0,0.0,1.0
JEC-J06,8.8,0.0,5.0,0.0,0.0,0.0,0.0,0.0,4.0,1.0,1.13,0.0,0.0,2.0
JEC-J06,9.9,0.0,5.0,0.0,0.0,0.0,0.0,0.0,4.0,1.0,1.13,0.0,0.0,2.0
JEC-J06,11.0,0.0,5.0,1.0,0.0,0.0,0.0,0.0,4.0,1.0,1.13,0.0,0.0,3.0
JEC-J06,12.1,0.0,5.0,1.0,0.0,0.0,0.0,0.0,4.0,1.0,1.13,0.0,0.0,0.0
JEC-J06,13.2,0.0,5.0,1.0,0.0,0.0,0.0,0.0,4.0,1.0,1.13,0.0,0.0,0.0
JEC-J06,14.3,0.0,5.0,0.0,0.0,0.0,0.0,0.0,4.0,1.0,1.13,0.0,0.0,0.0
JEC-J06,15.4,0.0,5.0,0.0,0.0,0.0,0.0,0.0,4.0,1.0,1.13,0.0,0.0,0.0
JEC-J06,16.5,0.0,5.0,0.0,0.0,0.0,0.0,0.0,4.0,0.0,1.13,0.0,0.0,0.0
JEC-J06,17.6,0.0,5.0,0.0,0.0,0.0,0.0,0.0,4.0,0.0,1.13,0.0,0.0,0.0
JEC-J06,18.7,0.0,5.0,0.0,0.0,0.0,0.0,0.0,4.0,0.0,1.13,0.0,0.0,0.0
JEC-J06,19.8,0.0,5.0,0.0,0.0,0.0,0.0,0.0,4.0,0.0,1.13,0.0,0.0,0.0
JEC-J06,20.9,0.0,5.0,0.0,0.0,0.0,0.0,0.0,4.0,0.0,1.13,0.0,0.0,0.0
JEC-J06,22.0,0.0,5.0,0.0,0.0,0.0,0.0,0.0,4.0,0.0,1.13,0.0,0.0,0.0
JEC-J06,23.1,0.0,5.0,0.0,0.0,0.0,0.0,0.0,4.0,0.0,1.13,0.0,0.0,0.0
JEC-J06,24.2,0.0,5.0,0.0,0.0,0.0,0.0,0.0,4.0,0.0,1.13,0.0,0.0,0.0
JEC-J06,25.3,0.0,5.0,0.0,0.0,0.0,0.0,0.0,4.0,0.0,1.13,0.0,0.0,0.0
JEC-J06,26.4,0.0,5.0,0.0,0.0,0.0,0.0,0.0,4.0,0.0,1.13,0.0,0.0,0.0
JEC-J06,27.5,0.0,5.0,0.0,0.0,0.0,0.0,0.0,4.0,0.0,1.13,0.0,0.0,0.0
JEC-J06,28.6,0.0,5.0,0.0,0.0,0.0,0.0,0.0,4.0,0.0,1.13,0.0,0.0,0.0
JEC-J06,29.7,0.0,5.0,0.0,0.0,0.0,0.0,0.0,4.0,0.0,1.13,0.0,0.0,0.0
JEC-J06,30.8,0.0,5.0,0.0,0.0,0.0,0.0,0.0,4.0,0.0,1.13,0.0,0.0,0.0
JEC-J06,31.9,0.0,5.0,0.0,0.0,0.0,0.0,0.0,4.0,0.0,1.13,0.0,0.0,0.0
JEC-J06,33.0,0.0,5.0,0.0,0.0,0.0,0.0,0.0,4.0,0.0,1.13,0.0,0.0,0.0
JEC-J06,34.1,0.0,5.0,0.0,0.0,0.0,0.0,0.0,4.0,0.0,1.13,0.0,0.0,0.0
JEC-J06,35.2,0.0,5.0,0.0,0.0,0.0,0.0,0.0,4.0,0.0,1.13,0.0,0.0,0.0
JEC-J06,36.3,0.0,5.0,0.0,0.0,0.0,0.0,0.0,3.0,0.0,1.13,0.0,0.0,0.0
JEC-J06,37.4,0.0,5.0,0.0,0.0,0.0,0.0,0.0,4.0,0.0,1.13,0.0,0.0,0.0
JEC-J06,38.5,0.0,5.0,0.0,0.0,0.0,0.0,0.0,4.0,0.0,1.13,0.0,0.0,0.0
JEC-J06,39.6,0.0,5.0,0.0,0.0,0.0,0.0,0.0,4.0,0.0,1.13,0.0,0.0,0.0
JEC-J06,40.7,0.0,5.0,0.0,0.0,0.0,0.0,0.0,4.0,0.0,1.03,0.0,0.0,0.0
JEC-J06,41.8,0.0,5.0,0.0,0.0,0.0,0.0,0.0,4.0,0.0,1.03,0.0,0.0,0.0
JEC-J06,42.9,0.0,5.0,0.0,0.0,0.0,0.0,0.0,4.0,0.0,1.03,0.0,0.0,0.0
JEC-J06,44.0,0.0,5.0,0.0,0.0,0.0,0.0,0.0,4.0,0.0,1.03,0.0,0.0,0.0
JEC-J06,45.1,0.0,5.0,0.0,0.0,0.0,0.0,0.0,4.0,0.0,1.03,0.0,0.0,0.0
JEC-J06,46.2,0.0,5.0,0.0,0.0,0.0,0.0,0.0,4.0,0.0,1.03,0.0,0.0,0.0
JEC-J06,47.3,0.0,5.0,0.0,0.0,0.0,0.0,0.0,4.0,0.0,1.03,0.0,0.0,0.0
JEC-J06,48.4,0.0,5.0,0.0,0.0,0.0,0.0,0.0,4.0,0.0,1.03,0.0,0.0,0.0
JEC-J06,49.5,0.0,5.0,0.0,0.0,0.0,0.0,0.0,4.0,0.0,1.03,0.0,0.0,0.0
JEC-J06,50.6,0.0,5.0,0.0,0.0,0.0,0.0,0.0,4.0,0.0,1.03,0.0,0.0,0.0
JEC-J06,51.7,0.0,5.0,0.0,0.0,0.0,0.0,0.0,4.0,0.0,1.03,0.0,0.0,0.0
JEC-J06,52.8,0.0,5.0,0.0,0.0,0.0,0.0,0.0,5.0,0.0,1.03,0.0,0.0,0.0
JEC-J06,53.9,0.0,5.0,0.0,0.0,0.0,0.0,0.0,5.0,0.0,1.03,0.0,0.0,0.0
JEC-J06,55.0,0.0,5.0,0.0,0.0,0.0,0.0,0.0,5.0,0.0,1.03,0.0,0.0,0.0
JEC-J06,56.1,0.0,5.0,0.0,0.0,0.0,0.0,0.0,5.0,0.0,1.13,0.0,0.0,0.0
JEC-J06,57.2,0.0,5.0,0.0,0.0,0.0,0.0,0.0,5.0,0.0,1.13,0.0,0.0,1.0
JEC-J06,58.3,1.0,5.0,0.0,0.0,0.0,0.0,0.0,5.0,1.0,1.13,0.0,0.0,1.0
JEC-J06,59.4,1.0,5.0,0.0,0.0,0.0,0.0,0.0,5.0,1.0,1.13,0.0,0.0,1.0
JEC-J06,60.5,1.0,5.0,0.0,0.0,0.0,0.0,0.0,5.0,1.0,1.13,0.0,0.0,1.0
JEC-J06,61.6,1.0,5.0,0.0,0.0,0.0,0.0,0.0,5.0,1.0,1.13,0.0,0.0,2.0
JEC-J06,62.7,1.0,5.0,0.0,0.0,0.0,0.0,0.0,5.0,1.0,1.13,0.0,0.0,2.0
JEC-J06,63.8,1.0,5.0,1.0,0.0,0.0,1.0,0.0,5.0,1.0,1.13,0.0,0.0,2.0
JEC-J06,64.9,0.0,5.0,1.0,0.0,0.0,1.0,0.0,6.0,1.0,1.13,0.0,0.0,0.0
JEC-J06,66.0,0.0,5.0,1.0,0.0,0.0,1.0,0.0,6.0,1.0,1.13,0.0,0.0,1.0
JEC-J06,67.1,1.0,5.0,1.0,0.0,0.0,0.0,0.0,6.0,2.0,1.13,0.0,0.0,1.0
JEC-J06,68.2,1.0,5.0,1.0,0.0,0.0,0.0,0.0,6.0,2.0,1.13,0.0,0.0,1.0
JEC-J06,69.3,1.0,5.0,1.0,0.0,0.0,0.0,0.0,5.0,2.0,1.13,0.0,0.0,2.0
JEC-J06,70.4,0.0,5.0,0.0,0.0,0.0,0.0,0.0,5.0,2.0,1.13,0.0,0.0,2.0
JEC-J06,71.5,0.0,5.0,0.0,0.0,0.0,0.0,0.0,5.0,2.0,1.13,0.0,0.0,3.0
JEC-J06,72.6,0.0,5.0,1.0,0.0,0.0,0.0,0.0,5.0,1.0,1.13,0.0,0.0,3.0
JEC-J06,73.7,0.0,5.0,1.0,0.0,0.0,0.0,0.0,5.0,1.0,1.13,0.0,0.0,0.0
JEC-J06,74.8,0.0,5.0,1.0,0.0,0.0,0.0,0.0,5.0,1.0,1.13,0.0,0.0,0.0
JEC-J06,75.9,0.0,5.0,0.0,0.0,0.0,0.0,0.0,5.0,1.0,1.13,0.0,0.0,0.0
JEC-J06,77.0,0.0,5.0,0.0,0.0,0.0,0.0,0.0,5.0,1.0,1.13,0.0,0.0,0.0
JEC-J06,78.1,0.0,5.0,0.0,0.0,0.0,0.0,0.0,5.0,1.0,1.13,0.0,0.0,0.0
JEC-J06,79.2,1.0,5.0,0.0,0.0,0.0,0.0,0.0,5.0,1.0,1.13,0.0,0.0,0.0
JEC-J06,80.3,1.0,5.0,0.0,0.0,0.0,0.0,0.0,5.0,1.0,1.13,0.0,0.0,0.0
JEC-J06,81.4,1.0,5.0,0.0,0.0,0.0,0.0,0.0,5.0,1.0,1.13,0.0,0.0,0.0
JEC-J06,82.5,1.0,5.0,0.0,0.0,0.0,0.0,0.0,5.0,1.0,1.13,0.0,0.0,0.0
JEC-J06,83.6,1.0,5.0,0.0,0.0,0.0,0.0,0.0,5.0,1.0,1.13,0.0,0.0,0.0
JEC-J06,84.7,1.0,5.0,1.0,0.0,0.0,0.0,0.0,5.0,1.0,1.13,0.0,0.0,1.0
JEC-J06,85.8,1.0,5.0,1.0,0.0,0.0,0.0,0.0,5.0,1.0,1.13,0.0,0.0,1.0
JEC-J06,86.9,1.0,5.0,1.0,0.0,0.0,0.0,0.0,5.0,1.0,1.13,0.0,0.0,1.0
JEC-J06,88.0,1.0,5.0,1.0,0.0,0.0,1.0,0.0,5.0,1.0,1.13,0.0,0.0,1.0
JEC-J06,89.1,2.0,5.0,1.0,0.0,0.0,1.0,0.0,5.0,1.0,1.13,0.0,0.0,1.0
JEC-J06,90.2,2.0,5.0,1.0,0.0,0.0,0.0,0.0,5.0,2.0,1.13,0.0,0.0,0.0
JEC-J06,91.3,2.0,5.0,1.0,0.0,0.0,0.0,0.0,5.0,2.0,1.13,0.0,0.0,0.0
JEC-J06,92.4,2.0,5.0,1.0,0.0,0.0,0.0,0.0,5.0,2.0,1.13,0.0,0.0,1.0
JEC-J06,93.5,2.0,5.0,1.0,0.0,0.0,0.0,0.0,5.0,2.0,1.13,0.0,0.0,1.0
JEC-J06,94.6,2.0,5.0,2.0,0.0,0.0,0.0,0.0,5.0,2.0,1.13,0.0,0.0,2.0
JEC-J06,95.7,2.0,5.0,2.0,0.0,0.0,0.0,0.0,5.0,2.0,1.0,0.0,0.0,2.0
JEC-J06,96.8,2.0,5.0,2.0,0.0,0.0,0.0,0.0,5.0,2.0,1.0,0.0,0.0,3.0
JEC-J06,97.9,2.0,5.0,2.0,0.0,0.0,0.0,0.0,5.0,2.0,1.0,0.0,0.0,0.0
JEC-J06,99.0,2.0,5.0,2.0,0.0,0.0,0.0,0.0,6.0,2.0,1.0,0.0,0.0,1.0
JEC-J06,100.1,2.0,5.0,2.0,0.0,0.0,0.0,0.0,6.0,2.0,1.06,0.0,0.0,0.0
JEC-J06,101.2,2.0,5.0,2.0,0.0,0.0,0.0,0.0,6.0,2.0,1.06,0.0,0.0,0.0
JEC-J06,102.3,2.0,5.0,2.0,0.0,0.0,0.0,0.0,6.0,2.0,1.06,0.0,0.0,1.0
JEC-J06,103.4,2.0,5.0,2.0,0.0,0.0,0.0,0.0,6.0,2.0,1.06,0.0,0.0,2.0
JEC-J06,104.5,2.0,5.0,2.0,0.0,0.0,0.0,0.0,6.0,2.0,1.06,0.0,0.0,0.0
JEC-J06,105.6,2.0,5.0,2.0,0.0,0.0,0.0,0.0,6.0,2.0,1.06,0.0,0.0,0.0
JEC-J06,106.7,2.0,5.0,2.0,0.0,0.0,0.0,0.0,6.0,2.0,1.06,0.0,0.0,1.0
JEC-J06,107.8,2.0,5.0,2.0,0.0,0.0,0.0,0.0,6.0,2.0,1.06,0.0,0.0,0.0
JEC-J06,108.9,2.0,5.0,2.0,0.0,0.0,0.0,0.0,6.0,2.0,1.06,0.0,0.0,0.0
JEC-J06,110.0,2.0,5.0,2.0,0.0,0.0,0.0,0.0,6.0,2.0,1.06,0.0,0.0,0.0
JEC-J06,111.1,2.0,5.0,2.0,0.0,0.0,0.0,0.0,6.0,2.0,1.06,0.0,0.0,1.0
JEC-J06,112.2,2.0,5.0,2.0,0.0,0.0,0.0,0.0,6.0,2.0,1.06,0.0,0.0,0.0
JEC-J06,113.3,2.0,5.0,2.0,0.0,0.0,0.0,0.0,6.0,2.0,1.06,0.0,0.0,0.0
JEC-J06,114.4,2.0,5.0,2.0,0.0,0.0,0.0,0.0,6.0,2.0,1.06,0.0,0.0,0.0
JEC-J06,115.5,2.0,5.0,2.0,0.0,0.0,0.0,0.0,6.0,2.0,1.06,0.0,0.0,1.0
JEC-J06,116.6,2.0,5.0,2.0,0.0,0.0,0.0,0.0,6.0,2.0,1.06,0.0,0.0,0.0
JEC-J06,117.7,2.0,5.0,2.0,0.0,0.0,0.0,0.0,5.0,2.0,1.06,0.0,0.0,0.0
JEC-J06,118.8,2.0,5.0,2.0,0.0,0.0,0.0,0.0,5.0,2.0,1.06,0.0,0.0,0.0
JEC-J06,119.9,2.0,5.0,2.0,0.0,0.0,0.0,0.0,5.0,2.0,1.06,0.0,0.0,1.0
JEC-J06,121.0,2.0,5.0,2.0,0.0,0.0,0.0,0.0,5.0,2.0,1.06,0.0,0.0,0.0
JEC-J06,122.1,2.0,5.0,2.0,0.0,0.0,0.0,0.0,5.0,2.0,1.06,0.0,0.0,0.0
JEC-J06,123.2,2.0,5.0,2.0,0.0,0.0,0.0,0.0,6.0,2.0,1.06,0.0,0.0,1.0
JEC-J06,124.3,2.0,5.0,2.0,0.0,0.0,0.0,0.0,6.0,2.0,1.06,0.0,0.0,0.0
JEC-J06,125.4,2.0,5.0,2.0,0.0,0.0,0.0,0.0,6.0,2.0,1.06,0.0,0.0,0.0
JEC-J06,126.5,2.0,5.0,2.0,0.0,0.0,0.0,0.0,6.0,2.0,1.06,0.0,0.0,0.0
JEC-J06,127.6,2.0,5.0,2.0,0.0,0.0,0.0,0.0,6.0,2.0,1.06,0.0,0.0,1.0
JEC-J06,128.7,2.0,5.0,2.0,0.0,0.0,0.0,0.0,6.0,2.0,1.06,0.0,0.0,0.0
JEC-J06,129.8,2.0,5.0,2.0,0.0,0.0,0.0,0.0,6.0,2.0,1.06,0.0,0.0,0.0
JEC-J06,130.9,2.0,5.0,2.0,0.0,0.0,0.0,0.0,7.0,2.0,1.06,0.0,0.0,0.0
JEC-J06,132.0,2.0,5.0,2.0,0.0,0.0,0.0,0.0,7.0,2.0,1.06,0.0,0.0,1.0
JEC-J06,133.1,2.0,5.0,2.0,0.0,0.0,0.0,0.0,7.0,2.0,1.06,0.0,0.0,0.0
JEC-J06,134.2,2.0,5.0,2.0,0.0,0.0,0.0,0.0,7.0,2.0,1.06,0.0,0.0,0.0
JEC-J06,135.3,2.0,5.0,2.0,0.0,0.0,0.0,0.0,7.0,2.0,1.06,0.0,0.0,0.0
JEC-J06,136.4,2.0,5.0,2.0,0.0,0.0,0.0,0.0,7.0,2.0,1.06,0.0,0.0,1.0
JEC-J06,137.5,2.0,5.0,2.0,0.0,0.0,1.0,0.0,7.0,2.0,1.06,0.0,0.0,0.0
JEC-J06,138.6,2.0,5.0,2.0,0.0,0.0,1.0,0.0,7.0,2.0,1.06,0.0,0.0,0.0
JEC-J06,139.7,2.0,5.0,2.0,0.0,0.0,1.0,0.0,7.0,2.0,1.06,0.0,0.0,1.0
JEC-J06,140.8,2.0,5.0,2.0,0.0,0.0,1.0,0.0,7.0,2.0,1.06,0.0,0.0,0.0
JEC-J06,141.9,2.0,5.0,2.0,0.0,0.0,1.0,0.0,7.0,2.0,1.06,0.0,0.0,0.0
JEC-J06,143.0,2.0,5.0,2.0,0.0,0.0,1.0,0.0,7.0,2.0,1.06,0.0,0.0,0.0
JEC-J06,144.1,2.0,5.0,2.0,0.0,0.0,2.0,0.0,7.0,2.0,1.06,0.0,0.0,1.0
JEC-J06,145.2,2.0,5.0,2.0,0.0,0.0,1.0,0.0,7.0,3.0,1.06,0.0,0.0,1.0
JEC-J06,146.3,2.0,5.0,2.0,0.0,0.0,1.0,0.0,7.0,3.0,1.06,0.0,0.0,1.0
JEC-J06,147.4,2.0,5.0,2.0,0.0,0.0,1.0,1.0,7.0,3.0,1.06,0.0,0.0,1.0
JEC-J06,148.5,2.0,5.0,2.0,0.0,0.0,1.0,1.0,7.0,3.0,1.06,0.0,0.0,2.0
JEC-J06,149.6,2.0,5.0,2.0,0.0,0.0,1.0,1.0,7.0,3.0,1.06,0.0,0.0,2.0
JEC-J06,150.7,2.0,5.0,2.0,0.0,0.0,1.0,1.0,7.0,3.0,1.06,0.0,0.0,2.0
JEC-J06,151.8,2.0,5.0,2.0,0.0,0.0,1.0,1.0,7.0,3.0,1.06,0.0,0.0,2.0
JEC-J06,152.9,2.0,5.0,2.0,0.0,0.0,1.0,0.0,7.0,3.0,1.06,0.0,0.0,3.0
JEC-J06,154.0,2.0,5.0,2.0,0.0,0.0,1.0,0.0,7.0,3.0,1.06,0.0,0.0,3.0
JEC-J06,155.1,2.0,5.0,2.0,0.0,0.0,1.0,0.0,7.0,3.0,1.06,0.0,0.0,3.0
JEC-J06,156.2,2.0,5.0,2.0,0.0,0.0,1.0,0.0,7.0,3.0,1.06,0.0,0.0,4.0
JEC-J06,157.3,2.0,5.0,2.0,0.0,0.0,1.0,0.0,7.0,3.0,1.06,0.0,0.0,4.0
JEC-J06,158.4,2.0,5.0,2.0,0.0,0.0,1.0,0.0,7.0,3.0,1.06,0.0,0.0,4.0
JEC-J06,159.5,2.0,5.0,2.0,0.0,0.0,1.0,0.0,7.0,3.0,1.06,0.0,0.0,3.0
JEC-J06,160.6,2.0,5.0,2.0,0.0,0.0,1.0,0.0,7.0,3.0,1.0,0.0,0.0,4.0
JEC-J06,161.7,2.0,5.0,2.0,0.0,0.0,1.0,0.0,7.0,3.0,1.0,0.0,0.0,4.0
JEC-J06,162.8,2.0,5.0,2.0,0.0,0.0,1.0,1.0,7.0,3.0,1.0,0.0,0.0,5.0
JEC-J06,163.9,2.0,5.0,2.0,0.0,0.0,1.0,2.0,7.0,3.0,1.0,0.0,0.0,4.0
JEC-J06,165.0,2.0,5.0,2.0,0.0,0.0,2.0,2.0,7.0,3.0,1.0,0.0,0.0,5.0
JEC-J06,166.1,2.0,5.0,2.0,0.0,0.0,1.0,2.0,7.0,3.0,1.0,0.0,0.0,4.0
JEC-J06,167.2,2.0,5.0,2.0,0.0,0.0,1.0,3.0,7.0,3.0,1.0,0.0,0.0,4.0
JEC-J06,168.3,2.0,5.0,2.0,0.0,0.0,1.0,2.0,7.0,3.0,1.0,0.0,0.0,4.0
JEC-J06,169.4,2.0,5.0,2.0,0.0,0.0,1.0,2.0,7.0,3.0,1.0,0.0,0.0,5.0
JEC-J06,170.5,2.0,5.0,2.0,0.0,0.0,1.0,1.0,7.0,3.0,1.0,0.0,0.0,4.0
JEC-J06,171.6,2.0,5.0,2.0,0.0,0.0,1.0,1.0,7.0,3.0,1.0,0.0,0.0,4.0
JEC-J06,172.7,2.0,5.0,2.0,0.0,0.0,1.0,0.0,7.0,3.0,1.0,0.0,0.0,4.0
JEC-J06,173.8,2.0,5.0,2.0,0.0,0.0,2.0,0.0,7.0,3.0,1.0,0.0,0.0,5.0
JEC-J06,174.9,2.0,5.0,2.0,0.0,0.0,1.0,0.0,7.0,3.0,1.0,0.0,0.0,4.0
JEC-J06,176.0,2.0,5.0,2.0,0.0,0.0,1.0,1.0,7.0,3.0,1.0,0.0,0.0,5.0
JEC-J06,177.1,2.0,5.0,2.0,0.0,0.0,1.0,1.0,7.0,3.0,1.0,0.0,0.0,5.0
JEC-J06,178.2,2.0,5.0,2.0,0.0,0.0,1.0,1.0,7.0,3.0,1.0,0.0,0.0,6.0
JEC-J06,179.3,2.0,5.0,2.0,0.0,0.0,1.0,1.0,7.0,3.0,1.0,0.0,0.0,5.0
JEC-J06,180.4,2.0,5.0,2.0,0.0,0.0,1.0,1.0,7.0,3.0,1.0,0.0,0.0,4.0
JEC-J06,181.5,2.0,5.0,2.0,0.0,0.0,1.0,0.0,7.0,3.0,1.0,0.0,0.0,4.0
JEC-J06,182.6,2.0,5.0,2.0,0.0,0.0,2.0,0.0,7.0,3.0,1.0,0.0,0.0,4.0
JEC-J06,183.7,2.0,5.0,2.0,0.0,0.0,1.0,0.0,7.0,3.0,1.0,0.0,0.0,4.0
JEC-J06,184.8,2.0,5.0,2.0,0.0,0.0,1.0,1.0,7.0,3.0,1.0,0.0,0.0,4.0
JEC-J06,185.9,2.0,5.0,2.0,0.0,0.0,1.0,1.0,7.0,3.0,1.0,0.0,0.0,5.0
JEC-J06,187.0,2.0,5.0,2.0,0.0,0.0,1.0,2.0,7.0,3.0,1.0,0.0,0.0,4.0
JEC-J06,188.1,2.0,5.0,2.0,0.0,0.0,1.0,2.0,7.0,3.0,1.0,0.0,0.0,3.0
JEC-J06,189.2,2.0,5.0,2.0,0.0,0.0,1.0,3.0,7.0,3.0,1.0,0.0,0.0,3.0
JEC-J06,190.3,2.0,5.0,2.0,0.0,0.0,1.0,3.0,7.0,3.0,1.0,0.0,0.0,4.0
JEC-J06,191.4,2.0,5.0,2.0,0.0,0.0,1.0,3.0,7.0,3.0,1.0,0.0,0.0,3.0
JEC-J06,192.5,2.0,5.0,2.0,0.0,0.0,1.0,2.0,7.0,3.0,1.0,0.0,0.0,2.0
JEC-J06,193.6,2.0,5.0,2.0,0.0,0.0,1.0,3.0,7.0,3.0,1.0,0.0,0.0,3.0
JEC-J19,1.1,0.0,5.0,0.0,0.0,0.0,0.0,0.0,3.0,0.0,1.13,0.0,0.0,0.0
JEC-J19,2.2,0.0,5.0,0.0,0.0,0.0,0.0,0.0,3.0,0.0,1.13,0.0,0.0,0.0
JEC-J19,3.3,0.0,5.0,0.0,0.0,0.0,0.0,0.0,3.0,0.0,1.13,0.0,0.0,0.0
JEC-J19,4.4,0.0,5.0,0.0,0.0,0.0,0.0,0.0,3.0,0.0,1.13,0.0,0.0,0.0
JEC-J19,5.5,0.0,5.0,0.0,0.0,0.0,0.0,0.0,3.0,0.0,1.13,0.0,0.0,0.0
JEC-J19,6.6,0.0,5.0,0.0,0.0,0.0,0.0,0.0,3.0,0.0,1.13,0.0,0.0,0.0
JEC-J19,7.7,0.0,5.0,0.0,0.0,0.0,0.0,0.0,3.0,0.0,1.13,0.0,0.0,0.0
JEC-J19,8.8,0.0,5.0,0.0,0.0,0.0,0.0,0.0,3.0,0.0,1.13,0.0,0.0,0.0
JEC-J19,9.9,0.0,5.0,0.0,0.0,0.0,0.0,0.0,3.0,0.0,1.13,0.0,0.0,0.0
JEC-J19,11.0,0.0,5.0,0.0,0.0,0.0,0.0,0.0,3.0,0.0,1.13,0.0,0.0,0.0
JEC-J19,12.1,0.0,5.0,0.0,0.0,0.0,0.0,0.0,3.0,0.0,1.13,0.0,0.0,0.0
JEC-J19,13.2,0.0,5.0,0.0,0.0,0.0,0.0,0.0,3.0,0.0,1.13,0.0,0.0,0.0
JEC-J19,14.3,0.0,5.0,0.0,0.0,0.0,0.0,0.0,3.0,0.0,1.13,0.0,0.0,0.0
JEC-J19,15.4,0.0,5.0,0.0,0.0,0.0,0.0,0.0,3.0,0.0,1.13,0.0,0.0,0.0
JEC-J19,16.5,0.0,5.0,0.0,0.0,0.0,0.0,0.0,3.0,0.0,1.13,0.0,0.0,0.0
JEC-J19,17.6,0.0,5.0,0.0,0.0,0.0,0.0,0.0,3.0,0.0,1.13,0.0,0.0,0.0
JEC-J19,18.7,0.0,5.0,0.0,0.0,0.0,0.0,0.0,3.0,0.0,1.13,0.0,0.0,0.0
JEC-J19,19.8,0.0,5.0,0.0,0.0,0.0,0.0,0.0,3.0,0.0,1.13,0.0,0.0,0.0
JEC-J19,20.9,0.0,5.0,0.0,0.0,0.0,0.0,0.0,3.0,0.0,1.13,0.0,0.0,0.0
JEC-J19,22.0,0.0,5.0,0.0,0.0,0.0,0.0,0.0,3.0,0.0,1.13,0.0,0.0,0.0
JEC-J19,23.1,0.0,5.0,0.0,0.0,0.0,0.0,0.0,3.0,0.0,1.13,0.0,0.0,0.0
JEC-J19,24.2,0.0,5.0,0.0,0.0,0.0,0.0,0.0,3.0,0.0,1.13,0.0,0.0,0.0
JEC-J19,25.3,0.0,5.0,0.0,0.0,0.0,0.0,0.0,3.0,0.0,1.13,0.0,0.0,0.0
JEC-J19,26.4,0.0,5.0,0.0,0.0,0.0,0.0,0.0,3.0,0.0,1.13,0.0,0.0,0.0
JEC-J19,27.5,0.0,5.0,0.0,0.0,0.0,0.0,0.0,3.0,0.0,1.13,0.0,0.0,0.0
JEC-J19,28.6,0.0,5.0,0.0,0.0,0.0,0.0,0.0,3.0,0.0,1.13,0.0,0.0,0.0
JEC-J19,29.7,0.0,5.0,0.0,0.0,0.0,0.0,0.0,3.0,0.0,1.13,0.0,0.0,0.0
JEC-J19,30.8,0.0,5.0,0.0,0.0,0.0,0.0,0.0,2.0,0.0,1.13,0.0,0.0,0.0
JEC-J19,31.9,0.0,5.0,0.0,0.0,0.0,0.0,0.0,2.0,0.0,1.13,0.0,0.0,0.0
JEC-J19,33.0,0.0,5.0,0.0,0.0,0.0,0.0,0.0,2.0,0.0,1.13,0.0,0.0,0.0
JEC-J19,34.1,0.0,5.0,0.0,0.0,0.0,0.0,0.0,2.0,0.0,1.13,0.0,0.0,0.0
JEC-J19,35.2,0.0,5.0,0.0,0.0,0.0,0.0,0.0,2.0,0.0,1.13,0.0,0.0,0.0
JEC-J19,36.3,0.0,5.0,0.0,0.0,0.0,0.0,0.0,2.0,0.0,1.13,0.0,0.0,0.0
JEC-J19,37.4,0.0,5.0,0.0,0.0,0.0,0.0,0.0,2.0,0.0,1.13,0.0,0.0,0.0
JEC-J19,38.5,0.0,5.0,0.0,0.0,0.0,0.0,0.0,2.0,0.0,1.13,0.0,0.0,0.0
JEC-J19,39.6,0.0,5.0,0.0,0.0,0.0,0.0,0.0,2.0,0.0,1.13,0.0,0.0,0.0
JEC-J19,40.7,0.0,5.0,0.0,0.0,0.0,0.0,0.0,2.0,0.0,1.03,0.0,0.0,0.0
JEC-J19,41.8,0.0,5.0,0.0,0.0,0.0,0.0,0.0,2.0,0.0,1.03,0.0,0.0,0.0
JEC-J19,42.9,0.0,5.0,0.0,0.0,0.0,0.0,0.0,2.0,0.0,1.03,0.0,0.0,0.0
JEC-J19,44.0,0.0,5.0,0.0,0.0,0.0,0.0,0.0,2.0,0.0,1.03,0.0,0.0,0.0
JEC-J19,45.1,0.0,5.0,0.0,0.0,0.0,0.0,0.0,2.0,0.0,1.03,0.0,0.0,0.0
JEC-J19,46.2,0.0,5.0,0.0,0.0,0.0,0.0,0.0,2.0,0.0,1.03,0.0,0.0,0.0
JEC-J19,47.3,0.0,5.0,0.0,0.0,0.0,0.0,0.0,2.0,0.0,1.03,0.0,0.0,0.0
JEC-J19,48.4,0.0,5.0,0.0,0.0,0.0,0.0,0.0,2.0,0.0,1.03,0.0,0.0,0.0
JEC-J19,49.5,0.0,5.0,0.0,0.0,0.0,0.0,0.0,2.0,0.0,1.03,0.0,0.0,0.0
JEC-J19,50.6,0.0,5.0,0.0,0.0,0.0,0.0,0.0,3.0,0.0,1.03,0.0,0.0,0.0
JEC-J19,51.7,0.0,5.0,0.0,0.0,0.0,0.0,0.0,3.0,0.0,1.03,0.0,0.0,0.0
JEC-J19,52.8,0.0,5.0,0.0,0.0,0.0,0.0,0.0,3.0,0.0,1.03,0.0,0.0,0.0
JEC-J19,53.9,0.0,5.0,0.0,0.0,0.0,0.0,0.0,3.0,0.0,1.03,0.0,0.0,0.0
JEC-J19,55.0,0.0,5.0,0.0,0.0,0.0,0.0,0.0,3.0,0.0,1.03,0.0,0.0,0.0
JEC-J19,56.1,0.0,5.0,0.0,0.0,0.0,0.0,0.0,3.0,0.0,1.13,0.0,0.0,0.0
JEC-J19,57.2,0.0,5.0,0.0,0.0,0.0,0.0,0.0,4.0,0.0,1.13,0.0,0.0,0.0
JEC-J19,58.3,0.0,5.0,0.0,0.0,0.0,0.0,0.0,5.0,0.0,1.13,0.0,0.0,0.0
JEC-J19,59.4,0.0,5.0,0.0,0.0,0.0,0.0,0.0,5.0,0.0,1.13,0.0,0.0,0.0
JEC-J19,60.5,0.0,5.0,0.0,0.0,0.0,0.0,0.0,5.0,0.0,1.13,0.0,0.0,0.0
JEC-J19,61.6,0.0,5.0,0.0,0.0,0.0,0.0,0.0,5.0,0.0,1.13,0.0,0.0,0.0
JEC-J19,62.7,0.0,5.0,0.0,0.0,0.0,0.0,0.0,6.0,0.0,1.13,0.0,0.0,0.0
JEC-J19,63.8,0.0,5.0,0.0,0.0,0.0,0.0,0.0,6.0,0.0,1.13,0.0,0.0,0.0
JEC-J19,64.9,0.0,5.0,0.0,0.0,0.0,0.0,0.0,6.0,0.0,1.13,0.0,0.0,0.0
JEC-J19,66.0,0.0,5.0,0.0,0.0,0.0,0.0,0.0,6.0,0.0,1.13,0.0,0.0,0.0
JEC-J19,67.1,0.0,5.0,0.0,0.0,0.0,0.0,0.0,6.0,0.0,1.13,0.0,0.0,0.0
JEC-J19,68.2,0.0,5.0,0.0,0.0,0.0,0.0,0.0,7.0,0.0,1.13,0.0,0.0,0.0
JEC-J19,69.3,0.0,5.0,0.0,0.0,0.0,0.0,0.0,7.0,0.0,1.13,0.0,0.0,0.0
JEC-J19,70.4,0.0,5.0,0.0,0.0,0.0,0.0,0.0,7.0,0.0,1.13,0.0,0.0,0.0
JEC-J19,71.5,0.0,5.0,0.0,0.0,0.0,0.0,0.0,7.0,0.0,1.13,0.0,0.0,0.0
JEC-J19,72.6,0.0,5.0,0.0,0.0,0.0,0.0,0.0,7.0,0.0,1.13,0.0,0.0,0.0
JEC-J19,73.7,0.0,5.0,0.0,0.0,0.0,0.0,0.0,7.0,0.0,1.13,0.0,0.0,0.0
JEC-J19,74.8,0.0,5.0,0.0,0.0,0.0,0.0,0.0,7.0,0.0,1.13,0.0,0.0,0.0
JEC-J19,75.9,0.0,5.0,0.0,0.0,0.0,0.0,0.0,7.0,0.0,1.13,0.0,0.0,0.0
JEC-J19,77.0,0.0,5.0,0.0,0.0,0.0,0.0,0.0,7.0,0.0,1.13,0.0,0.0,0.0
JEC-J19,78.1,0.0,5.0,0.0,0.0,0.0,0.0,0.0,8.0,0.0,1.13,0.0,0.0,0.0
JEC-J19,79.2,0.0,5.0,0.0,0.0,0.0,0.0,0.0,8.0,0.0,1.13,0.0,0.0,0.0
JEC-J19,80.3,0.0,5.0,0.0,0.0,0.0,0.0,0.0,8.0,0.0,1.13,0.0,0.0,0.0
JEC-J19,81.4,0.0,5.0,0.0,0.0,0.0,0.0,0.0,8.0,0.0,1.13,0.0,0.0,0.0
JEC-J19,82.5,0.0,5.0,0.0,0.0,0.0,0.0,0.0,8.0,0.0,1.13,0.0,0.0,0.0
JEC-J19,83.6,0.0,5.0,0.0,0.0,0.0,0.0,0.0,8.0,0.0,1.13,0.0,0.0,0.0
JEC-J19,84.7,0.0,5.0,0.0,0.0,0.0,0.0,0.0,8.0,0.0,1.13,0.0,0.0,0.0
JEC-J19,85.8,0.0,5.0,0.0,0.0,0.0,1.0,0.0,8.0,0.0,1.13,0.0,0.0,0.0
JEC-J19,86.9,0.0,5.0,0.0,0.0,0.0,1.0,0.0,8.0,0.0,1.13,0.0,0.0,0.0
JEC-J19,88.0,0.0,5.0,0.0,0.0,0.0,1.0,0.0,9.0,0.0,1.13,0.0,0.0,0.0
JEC-J19,89.1,0.0,5.0,0.0,0.0,0.0,2.0,0.0,9.0,0.0,1.13,0.0,0.0,0.0
JEC-J19,90.2,0.0,5.0,0.0,0.0,0.0,2.0,0.0,9.0,0.0,1.13,0.0,0.0,0.0
JEC-J19,91.3,0.0,5.0,0.0,0.0,0.0,2.0,0.0,9.0,0.0,1.13,0.0,0.0,0.0
JEC-J19,92.4,0.0,5.0,0.0,0.0,0.0,2.0,0.0,10.0,0.0,1.13,0.0,0.0,0.0
JEC-J19,93.5,0.0,5.0,0.0,0.0,0.0,2.0,0.0,10.0,0.0,1.13,0.0,0.0,0.0
JEC-J19,94.6,0.0,5.0,0.0,0.0,0.0,2.0,0.0,10.0,0.0,1.13,0.0,0.0,0.0
JEC-J19,95.7,1.0,5.0,0.0,0.0,0.0,1.0,0.0,10.0,1.0,1.0,0.0,0.0,0.0
JEC-J19,96.8,1.0,5.0,0.0,0.0,0.0,1.0,0.0,10.0,1.0,1.0,0.0,0.0,0.0
JEC-J19,97.9,1.0,5.0,0.0,0.0,0.0,0.0,0.0,10.0,2.0,1.0,0.0,0.0,0.0
JEC-J19,99.0,0.0,5.0,0.0,0.0,0.0,0.0,0.0,10.0,2.0,1.0,0.0,0.0,1.0
JEC-J19,100.1,0.0,5.0,0.0,0.0,0.0,0.0,0.0,10.0,2.0,1.06,0.0,0.0,1.0
JEC-J19,101.2,0.0,5.0,1.0,0.0,0.0,0.0,0.0,10.0,2.0,1.06,0.0,0.0,2.0
JEC-J19,102.3,0.0,5.0,1.0,0.0,0.0,1.0,0.0,10.0,2.0,1.06,0.0,0.0,2.0
JEC-J19,103.4,0.0,5.0,1.0,0.0,0.0,0.0,0.0,9.0,2.0,1.06,0.0,0.0,1.0
JEC-J19,104.5,0.0,5.0,0.0,0.0,0.0,0.0,0.0,9.0,2.0,1.06,0.0,0.0,1.0
JEC-J19,105.6,0.0,5.0,0.0,0.0,0.0,0.0,0.0,9.0,2.0,1.06,0.0,0.0,1.0
JEC-J19,106.7,0.0,5.0,0.0,0.0,0.0,1.0,0.0,9.0,2.0,1.06,0.0,0.0,1.0
JEC-J19,107.8,0.0,5.0,0.0,0.0,0.0,0.0,0.0,9.0,2.0,1.06,0.0,0.0,1.0
JEC-J19,108.9,0.0,5.0,0.0,0.0,0.0,0.0,0.0,9.0,1.0,1.06,0.0,0.0,1.0
JEC-J19,110.0,0.0,5.0,0.0,0.0,0.0,1.0,0.0,10.0,1.0,1.06,0.0,0.0,1.0
JEC-J19,111.1,0.0,5.0,0.0,0.0,0.0,1.0,0.0,10.0,1.0,1.06,0.0,0.0,1.0
JEC-J19,112.2,0.0,5.0,0.0,0.0,0.0,0.0,0.0,10.0,1.0,1.06,0.0,0.0,1.0
JEC-J19,113.3,0.0,5.0,0.0,0.0,0.0,0.0,0.0,10.0,1.0,1.06,0.0,0.0,1.0
JEC-J19,114.4,0.0,5.0,0.0,0.0,0.0,1.0,0.0,10.0,1.0,1.06,0.0,0.0,0.0
JEC-J19,115.5,0.0,5.0,0.0,0.0,0.0,0.0,0.0,10.0,1.0,1.06,0.0,0.0,0.0
JEC-J19,116.6,0.0,5.0,0.0,0.0,0.0,0.0,0.0,10.0,1.0,1.06,0.0,0.0,0.0
JEC-J19,117.7,0.0,5.0,0.0,0.0,0.0,0.0,0.0,10.0,1.0,1.06,0.0,0.0,0.0
JEC-J19,118.8,0.0,5.0,0.0,0.0,0.0,1.0,0.0,10.0,1.0,1.06,0.0,0.0,0.0
JEC-J19,119.9,0.0,5.0,0.0,0.0,0.0,0.0,0.0,10.0,1.0,1.06,0.0,0.0,0.0
JEC-J19,121.0,0.0,5.0,0.0,0.0,0.0,0.0,0.0,10.0,1.0,1.06,0.0,0.0,0.0
JEC-J19,122.1,0.0,5.0,0.0,0.0,0.0,0.0,0.0,9.0,1.0,1.06,0.0,0.0,0.0
JEC-J19,123.2,0.0,5.0,0.0,0.0,0.0,1.0,0.0,9.0,1.0,1.06,0.0,0.0,0.0
JEC-J19,124.3,0.0,5.0,0.0,0.0,0.0,0.0,0.0,9.0,1.0,1.06,0.0,0.0,0.0
JEC-J19,125.4,0.0,5.0,0.0,0.0,0.0,0.0,0.0,9.0,1.0,1.06,0.0,0.0,0.0
JEC-J19,126.5,0.0,5.0,0.0,0.0,0.0,1.0,0.0,9.0,1.0,1.06,0.0,0.0,0.0
JEC-J19,127.6,0.0,5.0,0.0,0.0,0.0,1.0,0.0,9.0,1.0,1.06,0.0,0.0,0.0
JEC-J19,128.7,0.0,5.0,0.0,0.0,0.0,0.0,0.0,9.0,1.0,1.06,0.0,0.0,0.0
JEC-J19,129.8,0.0,5.0,0.0,0.0,0.0,0.0,0.0,9.0,1.0,1.06,0.0,0.0,0.0
JEC-J19,130.9,0.0,5.0,0.0,0.0,0.0,1.0,0.0,9.0,1.0,1.06,0.0,0.0,0.0
JEC-J19,132.0,0.0,5.0,0.0,0.0,0.0,0.0,0.0,9.0,1.0,1.06,0.0,0.0,0.0
JEC-J19,133.1,0.0,5.0,0.0,0.0,0.0,0.0,0.0,9.0,1.0,1.06,0.0,0.0,0.0
JEC-J19,134.2,0.0,5.0,0.0,0.0,0.0,0.0,0.0,9.0,1.0,1.06,0.0,0.0,0.0
JEC-J19,135.3,0.0,5.0,0.0,0.0,0.0,1.0,0.0,9.0,1.0,1.06,0.0,0.0,0.0
JEC-J19,136.4,0.0,5.0,0.0,0.0,0.0,0.0,0.0,9.0,1.0,1.06,0.0,0.0,0.0
JEC-J19,137.5,0.0,5.0,0.0,0.0,0.0,0.0,0.0,9.0,1.0,1.06,0.0,0.0,0.0
JEC-J19,138.6,0.0,5.0,0.0,0.0,0.0,0.0,0.0,9.0,1.0,1.06,0.0,0.0,0.0
JEC-J19,139.7,0.0,5.0,0.0,0.0,0.0,1.0,0.0,9.0,1.0,1.06,0.0,0.0,0.0
JEC-J19,140.8,0.0,5.0,0.0,0.0,0.0,0.0,0.0,10.0,1.0,1.06,0.0,0.0,0.0
JEC-J19,141.9,0.0,5.0,0.0,0.0,0.0,0.0,0.0,10.0,1.0,1.06,0.0,0.0,0.0
JEC-J19,143.0,0.0,5.0,0.0,0.0,0.0,1.0,0.0,10.0,1.0,1.06,0.0,0.0,0.0
JEC-J19,144.1,0.0,5.0,0.0,0.0,0.0,1.0,0.0,10.0,1.0,1.06,0.0,0.0,0.0
JEC-J19,145.2,0.0,5.0,0.0,0.0,0.0,0.0,0.0,10.0,1.0,1.06,0.0,0.0,0.0
JEC-J19,146.3,0.0,5.0,0.0,0.0,0.0,0.0,0.0,10.0,1.0,1.06,0.0,0.0,0.0
JEC-J19,147.4,0.0,5.0,0.0,0.0,0.0,1.0,0.0,10.0,1.0,1.06,0.0,0.0,0.0
JEC-J19,148.5,0.0,5.0,0.0,0.0,0.0,0.0,0.0,10.0,1.0,1.06,0.0,0.0,0.0
JEC-J19,149.6,0.0,5.0,0.0,0.0,0.0,0.0,0.0,10.0,1.0,1.06,0.0,0.0,0.0
JEC-J19,150.7,0.0,5.0,0.0,0.0,0.0,0.0,0.0,10.0,1.0,1.06,0.0,0.0,0.0
JEC-J19,151.8,0.0,5.0,0.0,0.0,0.0,1.0,0.0,10.0,1.0,1.06,0.0,0.0,0.0
JEC-J19,152.9,0.0,5.0,0.0,0.0,0.0,0.0,0.0,10.0,1.0,1.06,0.0,0.0,0.0
JEC-J19,154.0,0.0,5.0,0.0,0.0,0.0,0.0,0.0,10.0,1.0,1.06,0.0,0.0,0.0
JEC-J19,155.1,0.0,5.0,0.0,0.0,0.0,0.0,0.0,10.0,1.0,1.06,0.0,0.0,0.0
JEC-J19,156.2,0.0,5.0,0.0,0.0,0.0,1.0,0.0,10.0,1.0,1.06,0.0,0.0,0.0
JEC-J19,157.3,0.0,5.0,0.0,0.0,0.0,0.0,0.0,10.0,1.0,1.06,0.0,0.0,0.0
JEC-J19,158.4,0.0,5.0,0.0,0.0,0.0,0.0,0.0,10.0,1.0,1.06,0.0,0.0,0.0
JEC-J19,159.5,0.0,5.0,0.0,0.0,0.0,1.0,0.0,10.0,1.0,1.06,0.0,0.0,0.0
JEC-J19,160.6,0.0,5.0,0.0,0.0,0.0,1.0,0.0,10.0,1.0,1.0,0.0,0.0,0.0
JEC-J19,161.7,0.0,5.0,0.0,0.0,0.0,0.0,0.0,10.0,1.0,1.0,0.0,0.0,0.0
JEC-J19,162.8,0.0,5.0,0.0,0.0,0.0,0.0,0.0,10.0,1.0,1.0,0.0,0.0,0.0
JEC-J19,163.9,0.0,5.0,0.0,0.0,0.0,1.0,0.0,10.0,1.0,1.0,0.0,0.0,0.0
JEC-J19,165.0,0.0,5.0,0.0,0.0,0.0,0.0,0.0,10.0,1.0,1.0,0.0,0.0,0.0
JEC-J19,166.1,0.0,5.0,0.0,0.0,0.0,0.0,0.0,10.0,1.0,1.0,0.0,0.0,0.0
JEC-J19,167.2,0.0,5.0,0.0,0.0,0.0,0.0,0.0,10.0,1.0,1.0,0.0,0.0,0.0
JEC-J19,168.3,0.0,5.0,0.0,0.0,0.0,1.0,0.0,10.0,1.0,1.0,0.0,0.0,0.0
JEC-J19,169.4,0.0,5.0,0.0,0.0,0.0,0.0,0.0,10.0,1.0,1.0,0.0,0.0,0.0
JEC-J19,170.5,0.0,5.0,0.0,0.0,0.0,0.0,0.0,10.0,1.0,1.0,0.0,0.0,0.0
JEC-J19,171.6,0.0,5.0,0.0,0.0,0.0,0.0,0.0,10.0,1.0,1.0,0.0,0.0,0.0
JEC-J19,172.7,0.0,5.0,0.0,0.0,0.0,1.0,0.0,10.0,1.0,1.0,0.0,0.0,0.0
JEC-J19,173.8,0.0,5.0,0.0,0.0,0.0,0.0,0.0,10.0,1.0,1.0,0.0,0.0,0.0
JEC-J19,174.9,0.0,5.0,0.0,0.0,0.0,0.0,0.0,10.0,1.0,1.0,0.0,0.0,0.0
JEC-J19,176.0,0.0,5.0,0.0,0.0,0.0,1.0,0.0,10.0,1.0,1.0,0.0,0.0,0.0
JEC-J19,177.1,0.0,5.0,0.0,0.0,0.0,1.0,0.0,10.0,1.0,1.0,0.0,0.0,0.0
JEC-J19,178.2,0.0,5.0,0.0,0.0,0.0,0.0,0.0,10.0,1.0,1.0,0.0,0.0,0.0
JEC-J19,179.3,0.0,5.0,0.0,0.0,0.0,0.0,0.0,10.0,1.0,1.0,0.0,0.0,0.0
JEC-J19,180.4,0.0,5.0,0.0,0.0,0.0,1.0,0.0,10.0,1.0,1.0,0.0,0.0,0.0
JEC-J19,181.5,0.0,5.0,0.0,0.0,0.0,0.0,0.0,10.0,1.0,1.0,0.0,0.0,0.0
JEC-J19,182.6,0.0,5.0,0.0,0.0,0.0,0.0,0.0,10.0,1.0,1.0,0.0,0.0,0.0
JEC-J19,183.7,0.0,5.0,0.0,0.0,0.0,1.0,0.0,10.0,1.0,1.0,0.0,0.0,0.0
JEC-J19,184.8,0.0,5.0,0.0,0.0,0.0,1.0,0.0,10.0,1.0,1.0,0.0,0.0,0.0
JEC-J19,185.9,0.0,5.0,0.0,0.0,0.0,0.0,0.0,10.0,1.0,1.0,0.0,0.0,0.0
JEC-J19,187.0,0.0,5.0,0.0,0.0,0.0,0.0,0.0,10.0,1.0,1.0,0.0,0.0,0.0
JEC-J19,188.1,0.0,5.0,0.0,0.0,0.0,0.0,0.0,10.0,1.0,1.0,0.0,0.0,0.0
JEC-J19,189.2,0.0,5.0,0.0,0.0,0.0,1.0,0.0,10.0,1.0,1.0,0.0,0.0,0.0
JEC-J19,190.3,0.0,5.0,0.0,0.0,0.0,0.0,0.0,10.0,1.0,1.0,0.0,0.0,0.0
JEC-J19,191.4,0.0,5.0,0.0,0.0,0.0,0.0,0.0,10.0,1.0,1.0,0.0,0.0,0.0
JEC-J19,192.5,0.0,5.0,0.0,0.0,0.0,1.0,0.0,10.0,1.0,1.0,0.0,0.0,0.0
JEC-J19,193.6,0.0,5.0,0.0,0.0,0.0,1.0,0.0,10.0,1.0,1.0,0.0,0.0,0.0
JEC-J15,1.1,0.0,5.0,0.0,0.0,0.0,0.0,0.0,1.0,0.0,1.13,0.0,0.0,0.0
JEC-J15,2.2,0.0,5.0,0.0,0.0,0.0,0.0,0.0,1.0,0.0,1.13,0.0,0.0,0.0
JEC-J15,3.3,0.0,5.0,0.0,0.0,0.0,0.0,0.0,1.0,0.0,1.13,0.0,0.0,0.0
JEC-J15,4.4,0.0,5.0,0.0,0.0,0.0,0.0,0.0,1.0,0.0,1.13,0.0,0.0,0.0
JEC-J15,5.5,0.0,5.0,0.0,0.0,0.0,0.0,0.0,1.0,0.0,1.13,0.0,0.0,0.0
JEC-J15,6.6,0.0,5.0,0.0,0.0,0.0,0.0,0.0,1.0,0.0,1.13,0.0,0.0,0.0
JEC-J15,7.7,0.0,5.0,0.0,0.0,0.0,0.0,0.0,1.0,0.0,1.13,0.0,0.0,0.0
JEC-J15,8.8,0.0,5.0,0.0,0.0,0.0,0.0,0.0,1.0,0.0,1.13,0.0,0.0,0.0
JEC-J15,9.9,0.0,5.0,0.0,0.0,0.0,0.0,0.0,1.0,0.0,1.13,0.0,0.0,0.0
JEC-J15,11.0,0.0,5.0,0.0,0.0,0.0,0.0,0.0,1.0,0.0,1.13,0.0,0.0,0.0
JEC-J15,12.1,0.0,5.0,0.0,0.0,0.0,0.0,0.0,1.0,0.0,1.13,0.0,0.0,0.0
JEC-J15,13.2,0.0,5.0,0.0,0.0,0.0,0.0,0.0,1.0,0.0,1.13,0.0,0.0,0.0
JEC-J15,14.3,0.0,5.0,0.0,0.0,0.0,0.0,0.0,1.0,0.0,1.13,0.0,0.0,0.0
JEC-J15,15.4,0.0,5.0,0.0,0.0,0.0,0.0,0.0,1.0,0.0,1.13,0.0,0.0,0.0
JEC-J15,16.5,0.0,5.0,0.0,0.0,0.0,0.0,0.0,1.0,0.0,1.13,0.0,0.0,0.0
JEC-J15,17.6,0.0,5.0,0.0,0.0,0.0,0.0,0.0,1.0,0.0,1.13,0.0,0.0,0.0
JEC-J15,18.7,0.0,5.0,0.0,0.0,0.0,0.0,0.0,1.0,0.0,1.13,0.0,0.0,0.0
JEC-J15,19.8,0.0,5.0,0.0,0.0,0.0,0.0,0.0,1.0,0.0,1.13,0.0,0.0,0.0
JEC-J15,20.9,0.0,5.0,0.0,0.0,0.0,0.0,0.0,1.0,0.0,1.13,0.0,0.0,0.0
JEC-J15,22.0,0.0,5.0,0.0,0.0,0.0,0.0,0.0,1.0,0.0,1.13,0.0,0.0,0.0
JEC-J15,23.1,0.0,5.0,0.0,0.0,0.0,0.0,0.0,1.0,0.0,1.13,0.0,0.0,0.0
JEC-J15,24.2,0.0,5.0,0.0,0.0,0.0,0.0,0.0,1.0,0.0,1.13,0.0,0.0,0.0
JEC-J15,25.3,0.0,5.0,0.0,0.0,0.0,0.0,0.0,1.0,0.0,1.13,0.0,0.0,0.0
JEC-J15,26.4,0.0,5.0,0.0,0.0,0.0,0.0,0.0,1.0,0.0,1.13,0.0,0.0,0.0
JEC-J15,27.5,0.0,5.0,0.0,0.0,0.0,0.0,0.0,1.0,0.0,1.13,0.0,0.0,0.0
JEC-J15,28.6,0.0,5.0,0.0,0.0,0.0,0.0,0.0,1.0,0.0,1.13,0.0,0.0,0.0
JEC-J15,29.7,0.0,5.0,0.0,0.0,0.0,0.0,0.0,1.0,0.0,1.13,0.0,0.0,0.0
JEC-J15,30.8,0.0,5.0,0.0,0.0,0.0,0.0,0.0,1.0,0.0,1.13,0.0,0.0,0.0
JEC-J15,31.9,0.0,5.0,0.0,0.0,0.0,0.0,0.0,1.0,0.0,1.13,0.0,0.0,0.0
JEC-J15,33.0,0.0,5.0,0.0,0.0,0.0,0.0,0.0,1.0,0.0,1.13,0.0,0.0,0.0
JEC-J15,34.1,0.0,5.0,0.0,0.0,0.0,0.0,0.0,1.0,0.0,1.13,0.0,0.0,0.0
JEC-J15,35.2,0.0,5.0,0.0,0.0,0.0,0.0,0.0,1.0,0.0,1.13,0.0,0.0,0.0
JEC-J15,36.3,0.0,5.0,0.0,0.0,0.0,0.0,0.0,1.0,0.0,1.13,0.0,0.0,0.0
JEC-J15,37.4,0.0,5.0,0.0,0.0,0.0,0.0,0.0,1.0,0.0,1.13,0.0,0.0,0.0
JEC-J15,38.5,0.0,5.0,0.0,0.0,0.0,0.0,0.0,1.0,0.0,1.13,0.0,0.0,0.0
JEC-J15,39.6,0.0,5.0,0.0,0.0,0.0,0.0,0.0,1.0,0.0,1.13,0.0,0.0,0.0
JEC-J15,40.7,0.0,5.0,0.0,0.0,0.0,0.0,0.0,1.0,0.0,1.03,0.0,0.0,0.0
JEC-J15,41.8,0.0,5.0,0.0,0.0,0.0,0.0,0.0,1.0,0.0,1.03,0.0,0.0,0.0
JEC-J15,42.9,0.0,5.0,0.0,0.0,0.0,0.0,0.0,1.0,0.0,1.03,0.0,0.0,0.0
JEC-J15,44.0,0.0,5.0,0.0,0.0,0.0,0.0,0.0,1.0,0.0,1.03,0.0,0.0,0.0
JEC-J15,45.1,0.0,5.0,0.0,0.0,0.0,0.0,0.0,1.0,0.0,1.03,0.0,0.0,0.0
JEC-J15,46.2,0.0,5.0,0.0,0.0,0.0,0.0,0.0,1.0,0.0,1.03,0.0,0.0,0.0
JEC-J15,47.3,0.0,5.0,0.0,0.0,0.0,0.0,0.0,1.0,0.0,1.03,0.0,0.0,0.0
JEC-J15,48.4,0.0,5.0,0.0,0.0,0.0,0.0,0.0,1.0,0.0,1.03,0.0,0.0,0.0
JEC-J15,49.5,0.0,5.0,0.0,0.0,0.0,0.0,0.0,1.0,0.0,1.03,0.0,0.0,0.0
JEC-J15,50.6,0.0,5.0,0.0,0.0,0.0,0.0,0.0,1.0,0.0,1.03,0.0,0.0,0.0
JEC-J15,51.7,0.0,5.0,0.0,0.0,0.0,0.0,0.0,1.0,0.0,1.03,0.0,0.0,0.0
JEC-J15,52.8,0.0,5.0,0.0,0.0,0.0,0.0,0.0,1.0,0.0,1.03,0.0,0.0,0.0
JEC-J15,53.9,0.0,5.0,0.0,0.0,0.0,0.0,0.0,1.0,0.0,1.03,0.0,0.0,0.0
JEC-J15,55.0,0.0,5.0,0.0,0.0,0.0,0.0,0.0,1.0,0.0,1.03,0.0,0.0,0.0
JEC-J15,56.1,0.0,5.0,0.0,0.0,0.0,0.0,0.0,2.0,0.0,1.13,0.0,0.0,0.0
JEC-J15,57.2,0.0,5.0,0.0,0.0,0.0,0.0,0.0,2.0,0.0,1.13,0.0,0.0,0.0
JEC-J15,58.3,0.0,5.0,0.0,0.0,0.0,0.0,0.0,2.0,0.0,1.13,0.0,0.0,0.0
JEC-J15,59.4,0.0,5.0,0.0,0.0,0.0,0.0,0.0,2.0,0.0,1.13,0.0,0.0,0.0
JEC-J15,60.5,0.0,5.0,0.0,0.0,0.0,1.0,0.0,2.0,0.0,1.13,0.0,0.0,0.0
JEC-J15,61.6,0.0,5.0,0.0,0.0,0.0,1.0,0.0,2.0,0.0,1.13,0.0,0.0,0.0
JEC-J15,62.7,0.0,5.0,0.0,0.0,0.0,1.0,0.0,2.0,0.0,1.13,0.0,0.0,0.0
JEC-J15,63.8,0.0,5.0,0.0,0.0,0.0,1.0,0.0,2.0,0.0,1.13,0.0,0.0,0.0
JEC-J15,64.9,0.0,5.0,0.0,0.0,0.0,1.0,0.0,2.0,0.0,1.13,0.0,0.0,0.0
JEC-J15,66.0,0.0,5.0,0.0,0.0,0.0,1.0,0.0,2.0,0.0,1.13,0.0,0.0,0.0
JEC-J15,67.1,1.0,5.0,0.0,0.0,0.0,1.0,0.0,3.0,0.0,1.13,0.0,0.0,0.0
JEC-J15,68.2,1.0,5.0,0.0,0.0,0.0,0.0,0.0,3.0,1.0,1.13,0.0,0.0,0.0
JEC-J15,69.3,1.0,5.0,0.0,0.0,0.0,0.0,0.0,3.0,1.0,1.13,0.0,0.0,0.0
JEC-J15,70.4,0.0,5.0,0.0,0.0,0.0,0.0,0.0,3.0,1.0,1.13,0.0,0.0,1.0
JEC-J15,71.5,0.0,5.0,0.0,0.0,0.0,0.0,0.0,4.0,1.0,1.13,0.0,0.0,1.0
JEC-J15,72.6,0.0,5.0,1.0,0.0,0.0,0.0,0.0,5.0,1.0,1.13,0.0,0.0,2.0
JEC-J15,73.7,0.0,5.0,1.0,0.0,0.0,0.0,0.0,5.0,1.0,1.13,0.0,0.0,0.0
JEC-J15,74.8,0.0,5.0,1.0,0.0,0.0,1.0,0.0,5.0,1.0,1.13,0.0,0.0,0.0
JEC-J15,75.9,0.0,5.0,0.0,0.0,0.0,1.0,0.0,5.0,1.0,1.13,0.0,0.0,0.0
JEC-J15,77.0,0.0,5.0,0.0,0.0,0.0,1.0,0.0,5.0,1.0,1.13,0.0,0.0,0.0
JEC-J15,78.1,0.0,5.0,0.0,0.0,0.0,1.0,0.0,5.0,0.0,1.13,0.0,0.0,0.0
JEC-J15,79.2,0.0,5.0,0.0,0.0,0.0,1.0,0.0,5.0,0.0,1.13,0.0,0.0,0.0
JEC-J15,80.3,0.0,5.0,0.0,0.0,0.0,1.0,0.0,6.0,0.0,1.13,0.0,0.0,0.0
JEC-J15,81.4,1.0,5.0,0.0,0.0,0.0,2.0,0.0,6.0,0.0,1.13,0.0,0.0,0.0
JEC-J15,82.5,1.0,5.0,0.0,0.0,0.0,1.0,0.0,6.0,1.0,1.13,0.0,0.0,0.0
JEC-J15,83.6,1.0,5.0,0.0,0.0,0.0,2.0,0.0,6.0,1.0,1.13,0.0,0.0,0.0
JEC-J15,84.7,1.0,5.0,0.0,0.0,0.0,2.0,0.0,6.0,1.0,1.13,0.0,0.0,1.0
JEC-J15,85.8,1.0,5.0,0.0,0.0,0.0,2.0,0.0,6.0,1.0,1.13,0.0,0.0,1.0
JEC-J15,86.9,1.0,5.0,1.0,0.0,0.0,2.0,0.0,6.0,1.0,1.13,0.0,0.0,2.0
JEC-J15,88.0,2.0,5.0,1.0,0.0,0.0,2.0,0.0,6.0,1.0,1.13,0.0,0.0,0.0
JEC-J15,89.1,2.0,5.0,1.0,0.0,0.0,3.0,0.0,6.0,1.0,1.13,0.0,0.0,0.0
JEC-J15,90.2,2.0,5.0,1.0,0.0,0.0,3.0,0.0,6.0,1.0,1.13,0.0,0.0,0.0
JEC-J15,91.3,1.0,5.0,1.0,0.0,0.0,2.0,0.0,7.0,2.0,1.13,0.0,0.0,1.0
JEC-J15,92.4,1.0,5.0,1.0,0.0,0.0,2.0,0.0,7.0,2.0,1.13,0.0,0.0,1.0
JEC-J15,93.5,1.0,5.0,2.0,0.0,0.0,2.0,0.0,7.0,2.0,1.13,0.0,0.0,2.0
JEC-J15,94.6,1.0,5.0,2.0,0.0,0.0,2.0,0.0,7.0,2.0,1.13,0.0,0.0,2.0
JEC-J15,95.7,1.0,5.0,2.0,0.0,0.0,1.0,0.0,7.0,2.0,1.0,0.0,0.0,1.0
JEC-J15,96.8,1.0,5.0,1.0,0.0,0.0,1.0,0.0,7.0,3.0,1.0,0.0,0.0,1.0
JEC-J15,97.9,1.0,5.0,1.0,0.0,0.0,1.0,1.0,7.0,3.0,1.0,0.0,0.0,1.0
JEC-J15,99.0,1.0,5.0,1.0,0.0,0.0,1.0,1.0,7.0,3.0,1.0,0.0,0.0,1.0
JEC-J15,100.1,1.0,5.0,1.0,0.0,0.0,1.0,2.0,7.0,3.0,1.06,0.0,0.0,2.0
JEC-J15,101.2,1.0,5.0,1.0,0.0,0.0,1.0,2.0,7.0,3.0,1.06,0.0,0.0,2.0
JEC-J15,102.3,0.0,5.0,1.0,0.0,0.0,0.0,2.0,7.0,4.0,1.06,0.0,0.0,3.0
JEC-J15,103.4,0.0,5.0,1.0,0.0,0.0,0.0,1.0,7.0,3.0,1.06,0.0,0.0,3.0
JEC-J15,104.5,0.0,5.0,1.0,0.0,0.0,0.0,1.0,7.0,3.0,1.06,0.0,0.0,4.0
JEC-J15,105.6,0.0,5.0,1.0,0.0,0.0,0.0,2.0,7.0,3.0,1.06,0.0,0.0,0.0
JEC-J15,106.7,0.0,5.0,1.0,0.0,0.0,0.0,1.0,7.0,3.0,1.06,0.0,0.0,1.0
JEC-J15,107.8,0.0,5.0,0.0,0.0,0.0,0.0,1.0,7.0,3.0,1.06,0.0,0.0,2.0
JEC-J15,108.9,0.0,5.0,0.0,0.0,0.0,0.0,1.0,7.0,3.0,1.06,0.0,0.0,3.0
JEC-J15,110.0,0.0,5.0,0.0,0.0,0.0,0.0,1.0,7.0,3.0,1.06,0.0,0.0,4.0
JEC-J15,111.1,0.0,5.0,0.0,0.0,0.0,0.0,0.0,7.0,3.0,1.06,0.0,0.0,5.0
JEC-J15,112.2,0.0,5.0,0.0,0.0,0.0,0.0,0.0,7.0,3.0,1.06,0.0,0.0,6.0
JEC-J15,113.3,0.0,5.0,0.0,0.0,0.0,0.0,0.0,7.0,3.0,1.06,0.0,0.0,6.0
JEC-J15,114.4,0.0,5.0,0.0,0.0,0.0,0.0,0.0,7.0,3.0,1.06,0.0,0.0,6.0
JEC-J15,115.5,0.0,5.0,0.0,0.0,0.0,0.0,0.0,7.0,3.0,1.06,0.0,0.0,6.0
JEC-J15,116.6,0.0,5.0,0.0,0.0,0.0,0.0,0.0,7.0,3.0,1.06,0.0,0.0,6.0
JEC-J15,117.7,0.0,5.0,0.0,0.0,0.0,0.0,0.0,7.0,3.0,1.06,0.0,0.0,6.0
JEC-J15,118.8,0.0,5.0,0.0,0.0,0.0,0.0,0.0,6.0,3.0,1.06,0.0,0.0,6.0
JEC-J15,119.9,0.0,5.0,0.0,0.0,0.0,0.0,0.0,6.0,3.0,1.06,0.0,0.0,6.0
JEC-J15,121.0,0.0,5.0,0.0,0.0,0.0,0.0,0.0,6.0,3.0,1.06,0.0,0.0,6.0
JEC-J15,122.1,0.0,5.0,0.0,0.0,0.0,0.0,0.0,6.0,3.0,1.06,0.0,0.0,6.0
JEC-J15,123.2,0.0,5.0,0.0,0.0,0.0,0.0,0.0,6.0,3.0,1.06,0.0,0.0,6.0
JEC-J15,124.3,0.0,5.0,0.0,0.0,0.0,0.0,0.0,6.0,3.0,1.06,0.0,0.0,6.0
JEC-J15,125.4,0.0,5.0,0.0,0.0,0.0,1.0,0.0,5.0,3.0,1.06,0.0,0.0,6.0
JEC-J15,126.5,0.0,5.0,0.0,0.0,0.0,0.0,0.0,5.0,3.0,1.06,0.0,0.0,6.0
JEC-J15,127.6,0.0,5.0,0.0,0.0,0.0,0.0,0.0,5.0,3.0,1.06,0.0,0.0,6.0
JEC-J15,128.7,0.0,5.0,0.0,0.0,0.0,0.0,0.0,5.0,3.0,1.06,0.0,0.0,6.0
JEC-J15,129.8,0.0,5.0,0.0,0.0,0.0,0.0,0.0,5.0,3.0,1.06,0.0,0.0,6.0
JEC-J15,130.9,0.0,5.0,0.0,0.0,0.0,0.0,0.0,5.0,3.0,1.06,0.0,0.0,6.0
JEC-J15,132.0,0.0,5.0,0.0,0.0,0.0,0.0,0.0,5.0,3.0,1.06,0.0,0.0,6.0
JEC-J15,133.1,0.0,5.0,0.0,0.0,0.0,0.0,0.0,5.0,3.0,1.06,0.0,0.0,6.0
JEC-J15,134.2,0.0,5.0,0.0,0.0,0.0,1.0,0.0,5.0,3.0,1.06,0.0,0.0,6.0
JEC-J15,135.3,0.0,5.0,0.0,0.0,0.0,0.0,0.0,5.0,3.0,1.06,0.0,0.0,6.0
JEC-J15,136.4,0.0,5.0,0.0,0.0,0.0,0.0,0.0,5.0,3.0,1.06,0.0,0.0,6.0
JEC-J15,137.5,0.0,5.0,0.0,0.0,0.0,0.0,0.0,5.0,3.0,1.06,0.0,0.0,6.0
JEC-J15,138.6,0.0,5.0,0.0,0.0,0.0,0.0,0.0,5.0,3.0,1.06,0.0,0.0,6.0
JEC-J15,139.7,0.0,5.0,0.0,0.0,0.0,0.0,0.0,5.0,3.0,1.06,0.0,0.0,6.0
JEC-J15,140.8,0.0,5.0,0.0,0.0,0.0,0.0,0.0,5.0,3.0,1.06,0.0,0.0,6.0
JEC-J15,141.9,0.0,5.0,0.0,0.0,0.0,0.0,2.0,5.0,3.0,1.06,0.0,0.0,6.0
JEC-J15,143.0,0.0,5.0,0.0,0.0,0.0,0.0,3.0,5.0,3.0,1.06,0.0,0.0,6.0
JEC-J15,144.1,0.0,5.0,0.0,0.0,0.0,0.0,4.0,5.0,3.0,1.06,0.0,0.0,6.0
JEC-J15,145.2,0.0,5.0,0.0,0.0,0.0,0.0,5.0,5.0,3.0,1.06,0.0,0.0,6.0
JEC-J15,146.3,0.0,5.0,0.0,0.0,0.0,0.0,6.0,5.0,3.0,1.06,0.0,0.0,6.0
JEC-J15,147.4,0.0,5.0,0.0,0.0,0.0,0.0,7.0,5.0,3.0,1.06,0.0,0.0,6.0
JEC-J15,148.5,0.0,5.0,0.0,0.0,0.0,0.0,7.0,5.0,3.0,1.06,0.0,0.0,6.0
JEC-J15,149.6,0.0,5.0,0.0,0.0,0.0,0.0,7.0,5.0,3.0,1.06,0.0,0.0,6.0
JEC-J15,150.7,0.0,5.0,0.0,0.0,0.0,0.0,6.0,5.0,3.0,1.06,0.0,0.0,6.0
JEC-J15,151.8,0.0,5.0,0.0,0.0,0.0,0.0,7.0,5.0,3.0,1.06,0.0,0.0,6.0
JEC-J15,152.9,0.0,5.0,0.0,0.0,0.0,0.0,7.0,5.0,3.0,1.06,0.0,0.0,6.0
JEC-J15,154.0,0.0,5.0,0.0,0.0,0.0,0.0,7.0,5.0,3.0,1.06,0.0,0.0,6.0
JEC-J15,155.1,0.0,5.0,0.0,0.0,0.0,0.0,6.0,5.0,3.0,1.06,0.0,0.0,6.0
JEC-J15,156.2,0.0,5.0,0.0,0.0,0.0,0.0,6.0,5.0,3.0,1.06,0.0,0.0,6.0
JEC-J15,157.3,0.0,5.0,0.0,0.0,0.0,0.0,7.0,5.0,3.0,1.06,0.0,0.0,6.0
JEC-J15,158.4,0.0,5.0,0.0,0.0,0.0,0.0,7.0,5.0,3.0,1.06,0.0,0.0,6.0
JEC-J15,159.5,0.0,5.0,0.0,0.0,0.0,0.0,6.0,5.0,3.0,1.06,0.0,0.0,5.0
JEC-J15,160.6,0.0,5.0,0.0,0.0,0.0,0.0,4.0,5.0,3.0,1.0,0.0,0.0,4.0
JEC-J15,161.7,0.0,5.0,0.0,0.0,0.0,0.0,4.0,5.0,3.0,1.0,0.0,0.0,4.0
JEC-J15,162.8,0.0,5.0,0.0,0.0,0.0,0.0,3.0,5.0,3.0,1.0,0.0,0.0,3.0
JEC-J15,163.9,0.0,5.0,0.0,0.0,0.0,0.0,2.0,5.0,3.0,1.0,0.0,0.0,3.0
JEC-J15,165.0,0.0,5.0,0.0,0.0,0.0,0.0,2.0,5.0,3.0,1.0,0.0,0.0,4.0
JEC-J15,166.1,0.0,5.0,0.0,0.0,0.0,0.0,2.0,5.0,3.0,1.0,0.0,0.0,3.0
JEC-J15,167.2,0.0,5.0,0.0,0.0,0.0,0.0,1.0,5.0,3.0,1.0,0.0,0.0,3.0
JEC-J15,168.3,0.0,5.0,0.0,0.0,0.0,0.0,2.0,5.0,3.0,1.0,0.0,0.0,4.0
JEC-J15,169.4,0.0,5.0,0.0,0.0,0.0,0.0,2.0,5.0,3.0,1.0,0.0,0.0,3.0
JEC-J15,170.5,0.0,5.0,0.0,0.0,0.0,0.0,2.0,5.0,3.0,1.0,0.0,0.0,3.0
JEC-J15,171.6,0.0,5.0,0.0,0.0,0.0,1.0,2.0,5.0,3.0,1.0,0.0,0.0,3.0
JEC-J15,172.7,0.0,5.0,0.0,0.0,0.0,0.0,3.0,5.0,3.0,1.0,0.0,0.0,2.0
JEC-J15,173.8,0.0,5.0,0.0,0.0,0.0,0.0,3.0,5.0,3.0,1.0,0.0,0.0,2.0
JEC-J15,174.9,0.0,5.0,0.0,0.0,0.0,0.0,4.0,5.0,3.0,1.0,0.0,0.0,2.0
JEC-J15,176.0,0.0,5.0,0.0,0.0,0.0,0.0,4.0,5.0,3.0,1.0,0.0,0.0,3.0
JEC-J15,177.1,0.0,5.0,0.0,0.0,0.0,0.0,4.0,5.0,3.0,1.0,0.0,0.0,3.0
JEC-J15,178.2,0.0,5.0,0.0,0.0,0.0,0.0,4.0,5.0,3.0,1.0,0.0,0.0,3.0
JEC-J15,179.3,0.0,5.0,0.0,0.0,0.0,0.0,5.0,5.0,3.0,1.0,0.0,0.0,4.0
JEC-J15,180.4,0.0,5.0,0.0,0.0,0.0,0.0,4.0,5.0,3.0,1.0,0.0,0.0,3.0
JEC-J15,181.5,0.0,5.0,0.0,0.0,0.0,1.0,3.0,5.0,3.0,1.0,0.0,0.0,3.0
JEC-J15,182.6,0.0,5.0,0.0,0.0,0.0,0.0,3.0,5.0,3.0,1.0,0.0,0.0,4.0
JEC-J15,183.7,0.0,5.0,0.0,0.0,0.0,0.0,3.0,5.0,3.0,1.0,0.0,0.0,3.0
JEC-J15,184.8,0.0,5.0,0.0,0.0,0.0,0.0,3.0,5.0,3.0,1.0,0.0,0.0,3.0
JEC-J15,185.9,0.0,5.0,0.0,0.0,0.0,0.0,3.0,5.0,3.0,1.0,0.0,0.0,3.0
JEC-J15,187.0,0.0,5.0,0.0,0.0,0.0,0.0,4.0,5.0,3.0,1.0,0.0,0.0,2.0
JEC-J15,188.1,0.0,5.0,0.0,0.0,0.0,0.0,3.0,5.0,3.0,1.0,0.0,0.0,2.0
JEC-J15,189.2,0.0,5.0,0.0,0.0,0.0,0.0,3.0,5.0,3.0,1.0,0.0,0.0,2.0
JEC-J15,190.3,0.0,5.0,0.0,0.0,0.0,0.0,3.0,5.0,3.0,1.0,0.0,0.0,3.0
JEC-J15,191.4,0.0,5.0,0.0,0.0,0.0,0.0,2.0,5.0,3.0,1.0,0.0,0.0,3.0
JEC-J15,192.5,0.0,5.0,0.0,0.0,0.0,0.0,2.0,5.0,3.0,1.0,0.0,0.0,3.0
JEC-J15,193.6,0.0,5.0,0.0,0.0,0.0,0.0,2.0,5.0,3.0,1.0,0.0,0.0,4.0
JEC-J22,1.1,0.0,5.0,0.0,0.0,0.0,0.0,0.0,4.0,0.0,1.13,0.0,0.0,0.0
JEC-J22,2.2,0.0,5.0,0.0,0.0,0.0,0.0,0.0,4.0,0.0,1.13,0.0,0.0,0.0
JEC-J22,3.3,0.0,5.0,0.0,0.0,0.0,0.0,0.0,4.0,0.0,1.13,0.0,0.0,0.0
JEC-J22,4.4,0.0,5.0,0.0,0.0,0.0,0.0,0.0,4.0,0.0,1.13,0.0,0.0,0.0
JEC-J22,5.5,0.0,5.0,0.0,0.0,0.0,0.0,0.0,4.0,0.0,1.13,0.0,0.0,0.0
JEC-J22,6.6,0.0,5.0,0.0,0.0,0.0,0.0,0.0,4.0,0.0,1.13,0.0,0.0,0.0
JEC-J22,7.7,0.0,5.0,0.0,0.0,0.0,0.0,0.0,4.0,0.0,1.13,0.0,0.0,0.0
JEC-J22,8.8,0.0,5.0,0.0,0.0,0.0,0.0,0.0,4.0,0.0,1.13,0.0,0.0,0.0
JEC-J22,9.9,0.0,5.0,0.0,0.0,0.0,0.0,0.0,4.0,0.0,1.13,0.0,0.0,0.0
JEC-J22,11.0,0.0,5.0,0.0,0.0,0.0,0.0,0.0,4.0,0.0,1.13,0.0,0.0,0.0
JEC-J22,12.1,0.0,5.0,0.0,0.0,0.0,0.0,0.0,4.0,0.0,1.13,0.0,0.0,0.0
JEC-J22,13.2,0.0,5.0,0.0,0.0,0.0,0.0,0.0,4.0,0.0,1.13,0.0,0.0,0.0
JEC-J22,14.3,0.0,5.0,0.0,0.0,0.0,0.0,0.0,4.0,0.0,1.13,0.0,0.0,0.0
JEC-J22,15.4,0.0,5.0,0.0,0.0,0.0,0.0,0.0,4.0,0.0,1.13,0.0,0.0,0.0
JEC-J22,16.5,0.0,5.0,0.0,0.0,0.0,0.0,0.0,4.0,0.0,1.13,0.0,0.0,0.0
JEC-J22,17.6,0.0,5.0,0.0,0.0,0.0,0.0,0.0,4.0,0.0,1.13,0.0,0.0,0.0
JEC-J22,18.7,0.0,5.0,0.0,0.0,0.0,0.0,0.0,4.0,0.0,1.13,0.0,0.0,0.0
JEC-J22,19.8,0.0,5.0,0.0,0.0,0.0,0.0,0.0,4.0,0.0,1.13,0.0,0.0,0.0
JEC-J22,20.9,0.0,5.0,0.0,0.0,0.0,0.0,0.0,4.0,0.0,1.13,0.0,0.0,0.0
JEC-J22,22.0,0.0,5.0,0.0,0.0,0.0,0.0,0.0,4.0,0.0,1.13,0.0,0.0,0.0
JEC-J22,23.1,0.0,5.0,0.0,0.0,0.0,0.0,0.0,4.0,0.0,1.13,0.0,0.0,0.0
JEC-J22,24.2,0.0,5.0,0.0,0.0,0.0,0.0,0.0,4.0,0.0,1.13,0.0,0.0,0.0
JEC-J22,25.3,0.0,5.0,0.0,0.0,0.0,0.0,0.0,4.0,0.0,1.13,0.0,0.0,0.0
JEC-J22,26.4,0.0,5.0,0.0,0.0,0.0,0.0,0.0,4.0,0.0,1.13,0.0,0.0,0.0
JEC-J22,27.5,0.0,5.0,0.0,0.0,0.0,0.0,0.0,4.0,0.0,1.13,0.0,0.0,0.0
JEC-J22,28.6,0.0,5.0,0.0,0.0,0.0,0.0,0.0,4.0,0.0,1.13,0.0,0.0,0.0
JEC-J22,29.7,0.0,5.0,0.0,0.0,0.0,0.0,0.0,4.0,0.0,1.13,0.0,0.0,0.0
JEC-J22,30.8,0.0,5.0,0.0,0.0,0.0,0.0,0.0,4.0,0.0,1.13,0.0,0.0,0.0
JEC-J22,31.9,0.0,5.0,0.0,0.0,0.0,0.0,0.0,4.0,0.0,1.13,0.0,0.0,0.0
JEC-J22,33.0,0.0,5.0,0.0,0.0,0.0,0.0,0.0,4.0,0.0,1.13,0.0,0.0,0.0
JEC-J22,34.1,0.0,5.0,0.0,0.0,0.0,0.0,0.0,4.0,0.0,1.13,0.0,0.0,0.0
JEC-J22,35.2,0.0,5.0,0.0,0.0,0.0,0.0,0.0,4.0,0.0,1.13,0.0,0.0,0.0
JEC-J22,36.3,0.0,5.0,0.0,0.0,0.0,0.0,0.0,4.0,0.0,1.13,0.0,0.0,0.0
JEC-J22,37.4,0.0,5.0,0.0,0.0,0.0,0.0,0.0,4.0,0.0,1.13,0.0,0.0,0.0
JEC-J22,38.5,0.0,5.0,0.0,0.0,0.0,0.0,0.0,4.0,0.0,1.13,0.0,0.0,0.0
JEC-J22,39.6,0.0,5.0,0.0,0.0,0.0,0.0,0.0,4.0,0.0,1.13,0.0,0.0,0.0
JEC-J22,40.7,0.0,5.0,0.0,0.0,0.0,0.0,0.0,4.0,0.0,1.03,0.0,0.0,0.0
JEC-J22,41.8,0.0,5.0,0.0,0.0,0.0,0.0,0.0,4.0,0.0,1.03,0.0,0.0,0.0
JEC-J22,42.9,0.0,5.0,0.0,0.0,0.0,0.0,0.0,4.0,0.0,1.03,0.0,0.0,0.0
JEC-J22,44.0,0.0,5.0,0.0,0.0,0.0,0.0,0.0,4.0,0.0,1.03,0.0,0.0,0.0
JEC-J22,45.1,0.0,5.0,0.0,0.0,0.0,0.0,0.0,4.0,0.0,1.03,0.0,0.0,0.0
JEC-J22,46.2,0.0,5.0,0.0,0.0,0.0,0.0,0.0,4.0,0.0,1.03,0.0,0.0,0.0
JEC-J22,47.3,0.0,5.0,0.0,0.0,0.0,0.0,0.0,4.0,0.0,1.03,0.0,0.0,0.0
JEC-J22,48.4,0.0,5.0,0.0,0.0,0.0,0.0,0.0,4.0,0.0,1.03,0.0,0.0,0.0
JEC-J22,49.5,0.0,5.0,0.0,0.0,0.0,0.0,0.0,4.0,0.0,1.03,0.0,0.0,0.0
JEC-J22,50.6,0.0,5.0,0.0,0.0,0.0,0.0,0.0,4.0,0.0,1.03,0.0,0.0,0.0
JEC-J22,51.7,0.0,5.0,0.0,0.0,0.0,0.0,0.0,4.0,0.0,1.03,0.0,0.0,0.0
JEC-J22,52.8,0.0,5.0,0.0,0.0,0.0,0.0,0.0,4.0,0.0,1.03,0.0,0.0,0.0
JEC-J22,53.9,0.0,5.0,0.0,0.0,0.0,0.0,0.0,4.0,0.0,1.03,0.0,0.0,0.0
JEC-J22,55.0,0.0,5.0,0.0,0.0,0.0,0.0,0.0,4.0,0.0,1.03,0.0,0.0,0.0
JEC-J22,56.1,0.0,5.0,0.0,0.0,0.0,0.0,0.0,4.0,0.0,1.13,0.0,0.0,0.0
JEC-J22,57.2,0.0,5.0,0.0,0.0,0.0,0.0,0.0,4.0,0.0,1.13,0.0,0.0,0.0
JEC-J22,58.3,0.0,5.0,0.0,0.0,0.0,0.0,0.0,4.0,0.0,1.13,0.0,0.0,0.0
JEC-J22,59.4,0.0,5.0,0.0,0.0,0.0,0.0,0.0,4.0,0.0,1.13,0.0,0.0,0.0
JEC-J22,60.5,0.0,5.0,0.0,0.0,0.0,0.0,0.0,4.0,0.0,1.13,0.0,0.0,0.0
JEC-J22,61.6,0.0,5.0,0.0,0.0,0.0,0.0,0.0,4.0,0.0,1.13,0.0,0.0,0.0
JEC-J22,62.7,0.0,5.0,0.0,0.0,0.0,0.0,0.0,4.0,0.0,1.13,0.0,0.0,0.0
JEC-J22,63.8,0.0,5.0,0.0,0.0,0.0,0.0,0.0,4.0,0.0,1.13,0.0,0.0,0.0
JEC-J22,64.9,0.0,5.0,0.0,0.0,0.0,0.0,0.0,4.0,0.0,1.13,0.0,0.0,0.0
JEC-J22,66.0,0.0,5.0,0.0,0.0,0.0,0.0,0.0,4.0,0.0,1.13,0.0,0.0,0.0
JEC-J22,67.1,0.0,5.0,0.0,0.0,0.0,0.0,0.0,4.0,0.0,1.13,0.0,0.0,0.0
JEC-J22,68.2,0.0,5.0,0.0,0.0,0.0,0.0,0.0,4.0,0.0,1.13,0.0,0.0,0.0
JEC-J22,69.3,0.0,5.0,0.0,0.0,0.0,0.0,0.0,4.0,0.0,1.13,0.0,0.0,0.0
JEC-J22,70.4,0.0,5.0,0.0,0.0,0.0,0.0,0.0,4.0,0.0,1.13,0.0,0.0,0.0
JEC-J22,71.5,0.0,5.0,0.0,0.0,0.0,0.0,0.0,3.0,0.0,1.13,0.0,0.0,0.0
JEC-J22,72.6,0.0,5.0,0.0,0.0,0.0,0.0,0.0,3.0,0.0,1.13,0.0,0.0,0.0
JEC-J22,73.7,0.0,5.0,0.0,0.0,0.0,0.0,0.0,3.0,0.0,1.13,0.0,0.0,0.0
JEC-J22,74.8,0.0,5.0,0.0,0.0,0.0,0.0,0.0,3.0,0.0,1.13,0.0,0.0,0.0
JEC-J22,75.9,0.0,5.0,0.0,0.0,0.0,0.0,0.0,3.0,0.0,1.13,0.0,0.0,0.0
JEC-J22,77.0,0.0,5.0,0.0,0.0,0.0,0.0,0.0,3.0,0.0,1.13,0.0,0.0,0.0
JEC-J22,78.1,0.0,5.0,0.0,0.0,0.0,0.0,0.0,3.0,0.0,1.13,0.0,0.0,0.0
JEC-J22,79.2,0.0,5.0,0.0,0.0,0.0,0.0,0.0,3.0,0.0,1.13,0.0,0.0,0.0
JEC-J22,80.3,0.0,5.0,0.0,0.0,0.0,0.0,0.0,3.0,0.0,1.13,0.0,0.0,0.0
JEC-J22,81.4,0.0,5.0,0.0,0.0,0.0,0.0,0.0,3.0,0.0,1.13,0.0,0.0,0.0
JEC-J22,82.5,0.0,5.0,0.0,0.0,0.0,0.0,0.0,3.0,0.0,1.13,0.0,0.0,0.0
JEC-J22,83.6,0.0,5.0,0.0,0.0,0.0,0.0,0.0,3.0,0.0,1.13,0.0,0.0,0.0
JEC-J22,84.7,0.0,5.0,0.0,0.0,0.0,0.0,0.0,3.0,0.0,1.13,0.0,0.0,0.0
JEC-J22,85.8,0.0,5.0,0.0,0.0,0.0,0.0,0.0,3.0,0.0,1.13,0.0,0.0,0.0
JEC-J22,86.9,0.0,5.0,0.0,0.0,0.0,0.0,0.0,2.0,0.0,1.13,0.0,0.0,0.0
JEC-J22,88.0,0.0,5.0,0.0,0.0,0.0,0.0,0.0,2.0,0.0,1.13,0.0,0.0,0.0
JEC-J22,89.1,0.0,5.0,0.0,0.0,0.0,0.0,0.0,2.0,0.0,1.13,0.0,0.0,0.0
JEC-J22,90.2,0.0,5.0,0.0,0.0,0.0,0.0,0.0,2.0,0.0,1.13,0.0,0.0,0.0
JEC-J22,91.3,0.0,5.0,0.0,0.0,0.0,0.0,0.0,2.0,0.0,1.13,0.0,0.0,0.0
JEC-J22,92.4,0.0,5.0,0.0,0.0,0.0,0.0,0.0,2.0,0.0,1.13,0.0,0.0,0.0
JEC-J22,93.5,0.0,5.0,0.0,0.0,0.0,0.0,0.0,2.0,0.0,1.13,0.0,0.0,0.0
JEC-J22,94.6,0.0,5.0,0.0,0.0,0.0,0.0,0.0,2.0,0.0,1.13,0.0,0.0,0.0
JEC-J22,95.7,0.0,5.0,0.0,0.0,0.0,0.0,0.0,2.0,0.0,1.0,0.0,0.0,0.0
JEC-J22,96.8,0.0,5.0,0.0,0.0,0.0,0.0,0.0,2.0,0.0,1.0,0.0,0.0,0.0
JEC-J22,97.9,0.0,5.0,0.0,0.0,0.0,0.0,0.0,2.0,0.0,1.0,0.0,0.0,0.0
JEC-J22,99.0,0.0,5.0,0.0,0.0,0.0,0.0,0.0,2.0,0.0,1.0,0.0,0.0,0.0
JEC-J22,100.1,0.0,5.0,0.0,0.0,0.0,0.0,0.0,2.0,0.0,1.06,0.0,0.0,0.0
JEC-J22,101.2,0.0,5.0,0.0,0.0,0.0,0.0,0.0,2.0,0.0,1.06,0.0,0.0,0.0
JEC-J22,102.3,0.0,5.0,0.0,0.0,0.0,0.0,0.0,2.0,0.0,1.06,0.0,0.0,0.0
JEC-J22,103.4,0.0,5.0,0.0,0.0,0.0,0.0,0.0,2.0,0.0,1.06,0.0,0.0,0.0
JEC-J22,104.5,0.0,5.0,0.0,0.0,0.0,0.0,0.0,2.0,0.0,1.06,0.0,0.0,0.0
JEC-J22,105.6,0.0,5.0,0.0,0.0,0.0,0.0,0.0,1.0,0.0,1.06,0.0,0.0,0.0
JEC-J22,106.7,0.0,5.0,0.0,0.0,0.0,1.0,0.0,1.0,0.0,1.06,0.0,0.0,0.0
JEC-J22,107.8,0.0,5.0,0.0,0.0,0.0,1.0,0.0,1.0,0.0,1.06,0.0,0.0,0.0
JEC-J22,108.9,0.0,5.0,0.0,0.0,0.0,1.0,0.0,1.0,0.0,1.06,0.0,0.0,0.0
JEC-J22,110.0,0.0,5.0,0.0,0.0,0.0,1.0,0.0,1.0,0.0,1.06,0.0,0.0,0.0
JEC-J22,111.1,0.0,5.0,0.0,0.0,0.0,1.0,0.0,1.0,0.0,1.06,0.0,0.0,0.0
JEC-J22,112.2,0.0,5.0,0.0,0.0,0.0,1.0,0.0,1.0,0.0,1.06,0.0,0.0,0.0
JEC-J22,113.3,1.0,5.0,0.0,0.0,0.0,1.0,0.0,1.0,0.0,1.06,0.0,0.0,0.0
JEC-J22,114.4,1.0,5.0,0.0,0.0,0.0,0.0,0.0,1.0,1.0,1.06,0.0,0.0,0.0
JEC-J22,115.5,1.0,5.0,0.0,0.0,0.0,0.0,0.0,1.0,1.0,1.06,0.0,0.0,0.0
JEC-J22,116.6,0.0,5.0,0.0,0.0,0.0,0.0,0.0,1.0,1.0,1.06,0.0,0.0,1.0
JEC-J22,117.7,0.0,5.0,0.0,0.0,0.0,0.0,0.0,1.0,1.0,1.06,0.0,0.0,1.0
JEC-J22,118.8,0.0,5.0,1.0,0.0,0.0,0.0,0.0,1.0,1.0,1.06,0.0,0.0,2.0
JEC-J22,119.9,0.0,5.0,1.0,0.0,0.0,0.0,0.0,1.0,1.0,1.06,0.0,0.0,0.0
JEC-J22,121.0,0.0,5.0,1.0,0.0,0.0,0.0,0.0,1.0,1.0,1.06,0.0,0.0,0.0
JEC-J22,122.1,0.0,5.0,0.0,0.0,0.0,0.0,0.0,1.0,1.0,1.06,0.0,0.0,0.0
JEC-J22,123.2,0.0,5.0,0.0,0.0,0.0,0.0,0.0,1.0,1.0,1.06,0.0,0.0,0.0
JEC-J22,124.3,0.0,5.0,0.0,0.0,0.0,0.0,0.0,1.0,1.0,1.06,0.0,0.0,0.0
JEC-J22,125.4,0.0,5.0,0.0,0.0,0.0,0.0,0.0,1.0,1.0,1.06,0.0,0.0,0.0
JEC-J22,126.5,0.0,5.0,0.0,0.0,0.0,0.0,0.0,1.0,1.0,1.06,0.0,0.0,0.0
JEC-J22,127.6,0.0,5.0,0.0,0.0,0.0,0.0,0.0,1.0,0.0,1.06,0.0,0.0,0.0
JEC-J22,128.7,0.0,5.0,0.0,0.0,0.0,0.0,0.0,1.0,0.0,1.06,0.0,0.0,0.0
JEC-J22,129.8,0.0,5.0,0.0,0.0,0.0,0.0,0.0,1.0,0.0,1.06,0.0,0.0,0.0
JEC-J22,130.9,0.0,5.0,0.0,0.0,0.0,0.0,0.0,1.0,0.0,1.06,0.0,0.0,0.0
JEC-J22,132.0,0.0,5.0,0.0,0.0,0.0,0.0,0.0,1.0,0.0,1.06,0.0,0.0,0.0
JEC-J22,133.1,0.0,5.0,0.0,0.0,0.0,0.0,0.0,1.0,0.0,1.06,0.0,0.0,0.0
JEC-J22,134.2,0.0,5.0,0.0,0.0,0.0,0.0,0.0,1.0,0.0,1.06,0.0,0.0,0.0
JEC-J22,135.3,0.0,5.0,0.0,0.0,0.0,0.0,0.0,1.0,0.0,1.06,0.0,0.0,0.0
JEC-J22,136.4,0.0,5.0,0.0,0.0,0.0,0.0,0.0,1.0,0.0,1.06,0.0,0.0,0.0
JEC-J22,137.5,0.0,5.0,0.0,0.0,0.0,0.0,0.0,1.0,0.0,1.06,0.0,0.0,0.0
JEC-J22,138.6,0.0,5.0,0.0,0.0,0.0,0.0,0.0,1.0,0.0,1.06,0.0,0.0,0.0
JEC-J22,139.7,0.0,5.0,0.0,0.0,0.0,0.0,0.0,1.0,0.0,1.06,0.0,0.0,0.0
JEC-J22,140.8,0.0,5.0,0.0,0.0,0.0,0.0,0.0,1.0,0.0,1.06,0.0,0.0,0.0
JEC-J22,141.9,0.0,5.0,0.0,0.0,0.0,0.0,0.0,1.0,0.0,1.06,0.0,0.0,0.0
JEC-J22,143.0,0.0,5.0,0.0,0.0,0.0,0.0,0.0,1.0,0.0,1.06,0.0,0.0,0.0
JEC-J22,144.1,0.0,5.0,0.0,0.0,0.0,0.0,0.0,1.0,0.0,1.06,0.0,0.0,0.0
JEC-J22,145.2,0.0,5.0,0.0,0.0,0.0,0.0,0.0,1.0,0.0,1.06,0.0,0.0,0.0
JEC-J22,146.3,0.0,5.0,0.0,0.0,0.0,0.0,0.0,1.0,0.0,1.06,0.0,0.0,0.0
JEC-J22,147.4,0.0,5.0,0.0,0.0,0.0,0.0,0.0,1.0,0.0,1.06,0.0,0.0,0.0
JEC-J22,148.5,0.0,5.0,0.0,0.0,0.0,0.0,0.0,0.0,0.0,1.06,0.0,0.0,0.0
JEC-J22,149.6,0.0,5.0,0.0,0.0,0.0,0.0,0.0,0.0,0.0,1.06,0.0,0.0,0.0
JEC-J22,150.7,0.0,5.0,0.0,0.0,0.0,0.0,0.0,0.0,0.0,1.06,0.0,0.0,0.0
JEC-J22,151.8,0.0,5.0,0.0,0.0,0.0,0.0,0.0,0.0,0.0,1.06,0.0,0.0,0.0
JEC-J22,152.9,0.0,5.0,0.0,0.0,0.0,0.0,0.0,0.0,0.0,1.06,0.0,0.0,0.0
JEC-J22,154.0,0.0,5.0,0.0,0.0,0.0,0.0,0.0,0.0,0.0,1.06,0.0,0.0,0.0
JEC-J22,155.1,0.0,5.0,0.0,0.0,0.0,0.0,0.0,0.0,0.0,1.06,0.0,0.0,0.0
JEC-J22,156.2,0.0,5.0,0.0,0.0,0.0,0.0,0.0,0.0,0.0,1.06,0.0,0.0,0.0
JEC-J22,157.3,0.0,5.0,0.0,0.0,0.0,0.0,0.0,0.0,0.0,1.06,0.0,0.0,0.0
JEC-J22,158.4,0.0,5.0,0.0,0.0,0.0,0.0,0.0,0.0,0.0,1.06,0.0,0.0,0.0
JEC-J22,159.5,0.0,5.0,0.0,0.0,0.0,0.0,0.0,0.0,0.0,1.06,0.0,0.0,0.0
JEC-J22,160.6,0.0,5.0,0.0,0.0,0.0,0.0,0.0,0.0,0.0,1.0,0.0,0.0,0.0
JEC-J22,161.7,0.0,5.0,0.0,0.0,0.0,0.0,0.0,0.0,0.0,1.0,0.0,0.0,0.0
JEC-J22,162.8,0.0,5.0,0.0,0.0,0.0,0.0,0.0,0.0,0.0,1.0,0.0,0.0,0.0
JEC-J22,163.9,0.0,5.0,0.0,0.0,0.0,0.0,0.0,0.0,0.0,1.0,0.0,0.0,0.0
JEC-J22,165.0,0.0,5.0,0.0,0.0,0.0,0.0,0.0,0.0,0.0,1.0,0.0,0.0,0.0
JEC-J22,166.1,0.0,5.0,0.0,0.0,0.0,0.0,0.0,0.0,0.0,1.0,0.0,0.0,0.0
JEC-J22,167.2,0.0,5.0,0.0,0.0,0.0,0.0,0.0,0.0,0.0,1.0,0.0,0.0,0.0
JEC-J22,168.3,0.0,5.0,0.0,0.0,0.0,0.0,0.0,0.0,0.0,1.0,0.0,0.0,0.0
JEC-J22,169.4,0.0,5.0,0.0,0.0,0.0,0.0,0.0,0.0,0.0,1.0,0.0,0.0,0.0
JEC-J22,170.5,0.0,5.0,0.0,0.0,0.0,0.0,0.0,0.0,0.0,1.0,0.0,0.0,0.0
JEC-J22,171.6,0.0,5.0,0.0,0.0,0.0,0.0,0.0,0.0,0.0,1.0,0.0,0.0,0.0
JEC-J22,172.7,0.0,5.0,0.0,0.0,0.0,0.0,0.0,0.0,0.0,1.0,0.0,0.0,0.0
JEC-J22,173.8,0.0,5.0,0.0,0.0,0.0,0.0,0.0,0.0,0.0,1.0,0.0,0.0,0.0
JEC-J22,174.9,0.0,5.0,0.0,0.0,0.0,0.0,0.0,0.0,0.0,1.0,0.0,0.0,0.0
JEC-J22,176.0,0.0,5.0,0.0,0.0,0.0,0.0,0.0,0.0,0.0,1.0,0.0,0.0,0.0
JEC-J22,177.1,0.0,5.0,0.0,0.0,0.0,0.0,0.0,0.0,0.0,1.0,0.0,0.0,0.0
JEC-J22,178.2,0.0,5.0,0.0,0.0,0.0,0.0,0.0,0.0,0.0,1.0,0.0,0.0,0.0
JEC-J22,179.3,0.0,5.0,0.0,0.0,0.0,0.0,0.0,0.0,0.0,1.0,0.0,0.0,0.0
JEC-J22,180.4,0.0,5.0,0.0,0.0,0.0,0.0,0.0,0.0,0.0,1.0,0.0,0.0,0.0
JEC-J22,181.5,0.0,5.0,0.0,0.0,0.0,0.0,0.0,0.0,0.0,1.0,0.0,0.0,0.0
JEC-J22,182.6,0.0,5.0,0.0,0.0,0.0,0.0,0.0,0.0,0.0,1.0,0.0,0.0,0.0
JEC-J22,183.7,0.0,5.0,0.0,0.0,0.0,0.0,0.0,0.0,0.0,1.0,0.0,0.0,0.0
JEC-J22,184.8,0.0,5.0,0.0,0.0,0.0,0.0,0.0,0.0,0.0,1.0,0.0,0.0,0.0
JEC-J22,185.9,0.0,5.0,0.0,0.0,0.0,0.0,0.0,0.0,0.0,1.0,0.0,0.0,0.0
JEC-J22,187.0,0.0,5.0,0.0,0.0,0.0,0.0,0.0,0.0,0.0,1.0,0.0,0.0,0.0
JEC-J22,188.1,0.0,5.0,0.0,0.0,0.0,0.0,0.0,0.0,0.0,1.0,0.0,0.0,0.0
JEC-J22,189.2,0.0,5.0,0.0,0.0,0.0,0.0,0.0,0.0,0.0,1.0,0.0,0.0,0.0
JEC-J22,190.3,0.0,5.0,0.0,0.0,0.0,0.0,0.0,0.0,0.0,1.0,0.0,0.0,0.0
JEC-J22,191.4,0.0,5.0,0.0,0.0,0.0,0.0,0.0,0.0,0.0,1.0,0.0,0.0,0.0
JEC-J22,192.5,0.0,5.0,0.0,0.0,0.0,0.0,0.0,0.0,0.0,1.0,0.0,0.0,0.0
JEC-J22,193.6,0.0,5.0,0.0,0.0,0.0,0.0,0.0,0.0,0.0,1.0,0.0,0.0,0.0
JEC-J03,1.1,0.0,5.0,0.0,0.0,0.0,0.0,0.0,3.0,0.0,1.3,0.0,0.0,0.0
JEC-J03,2.2,0.0,5.0,0.0,0.0,0.0,0.0,0.0,3.0,0.0,1.3,0.0,0.0,0.0
JEC-J03,3.3,0.0,5.0,0.0,0.0,0.0,0.0,0.0,3.0,0.0,1.3,0.0,0.0,0.0
JEC-J03,4.4,0.0,5.0,0.0,0.0,0.0,0.0,0.0,3.0,0.0,1.3,0.0,0.0,0.0
JEC-J03,5.5,0.0,5.0,0.0,0.0,0.0,0.0,0.0,3.0,0.0,1.3,0.0,0.0,0.0
JEC-J03,6.6,0.0,5.0,0.0,0.0,0.0,0.0,0.0,3.0,0.0,1.3,0.0,0.0,0.0
JEC-J03,7.7,0.0,5.0,0.0,0.0,0.0,0.0,0.0,3.0,0.0,1.3,0.0,0.0,0.0
JEC-J03,8.8,0.0,5.0,0.0,0.0,0.0,0.0,0.0,3.0,0.0,1.3,0.0,0.0,0.0
JEC-J03,9.9,0.0,5.0,0.0,0.0,0.0,0.0,0.0,3.0,0.0,1.3,0.0,0.0,0.0
JEC-J03,11.0,0.0,5.0,0.0,0.0,0.0,0.0,0.0,3.0,0.0,1.3,0.0,0.0,0.0
JEC-J03,12.1,0.0,5.0,0.0,0.0,0.0,0.0,0.0,3.0,0.0,1.3,0.0,0.0,0.0
JEC-J03,13.2,0.0,5.0,0.0,0.0,0.0,0.0,0.0,3.0,0.0,1.3,0.0,0.0,0.0
JEC-J03,14.3,0.0,5.0,0.0,0.0,0.0,0.0,0.0,4.0,0.0,1.3,0.0,0.0,0.0
JEC-J03,15.4,0.0,5.0,0.0,0.0,0.0,0.0,0.0,4.0,0.0,1.3,0.0,0.0,0.0
JEC-J03,16.5,0.0,5.0,0.0,0.0,0.0,0.0,0.0,4.0,0.0,1.3,0.0,0.0,0.0
JEC-J03,17.6,0.0,5.0,0.0,0.0,0.0,0.0,0.0,4.0,0.0,1.3,0.0,0.0,0.0
JEC-J03,18.7,0.0,5.0,0.0,0.0,0.0,0.0,0.0,4.0,0.0,1.3,0.0,0.0,0.0
JEC-J03,19.8,0.0,5.0,0.0,0.0,0.0,1.0,0.0,4.0,0.0,1.3,0.0,0.0,0.0
JEC-J03,20.9,0.0,5.0,0.0,0.0,0.0,1.0,0.0,3.0,0.0,1.3,0.0,0.0,0.0
JEC-J03,22.0,0.0,5.0,0.0,0.0,0.0,1.0,0.0,3.0,0.0,1.3,0.0,0.0,0.0
JEC-J03,23.1,0.0,5.0,0.0,0.0,0.0,1.0,0.0,4.0,0.0,1.3,0.0,0.0,0.0
JEC-J03,24.2,0.0,5.0,0.0,0.0,0.0,1.0,0.0,4.0,0.0,1.3,0.0,0.0,0.0
JEC-J03,25.3,0.0,5.0,0.0,0.0,0.0,1.0,0.0,4.0,0.0,1.3,0.0,0.0,0.0
JEC-J03,26.4,0.0,5.0,0.0,0.0,0.0,2.0,0.0,4.0,0.0,1.3,0.0,0.0,0.0
JEC-J03,27.5,0.0,5.0,0.0,0.0,0.0,2.0,0.0,5.0,0.0,1.3,0.0,0.0,0.0
JEC-J03,28.6,0.0,5.0,0.0,0.0,0.0,2.0,0.0,5.0,0.0,1.3,0.0,0.0,0.0
JEC-J03,29.7,0.0,5.0,0.0,0.0,0.0,2.0,0.0,5.0,0.0,1.3,0.0,0.0,0.0
JEC-J03,30.8,0.0,5.0,0.0,0.0,0.0,2.0,0.0,6.0,0.0,1.3,0.0,0.0,0.0
JEC-J03,31.9,1.0,5.0,0.0,0.0,0.0,2.0,0.0,6.0,0.0,1.3,0.0,0.0,0.0
JEC-J03,33.0,1.0,5.0,0.0,0.0,0.0,2.0,0.0,5.0,0.0,1.3,0.0,0.0,0.0
JEC-J03,34.1,1.0,5.0,0.0,0.0,0.0,2.0,0.0,6.0,0.0,1.3,0.0,0.0,0.0
JEC-J03,35.2,1.0,5.0,0.0,0.0,0.0,1.0,0.0,6.0,1.0,1.3,0.0,0.0,1.0
JEC-J03,36.3,1.0,5.0,0.0,0.0,0.0,1.0,0.0,6.0,1.0,1.3,0.0,0.0,1.0
JEC-J03,37.4,1.0,5.0,1.0,0.0,0.0,1.0,0.0,6.0,1.0,1.3,0.0,0.0,2.0
JEC-J03,38.5,1.0,5.0,1.0,0.0,0.0,1.0,0.0,6.0,1.0,1.3,0.0,0.0,2.0
JEC-J03,39.6,1.0,5.0,1.0,0.0,0.0,0.0,0.0,6.0,2.0,1.3,0.0,0.0,2.0
JEC-J03,40.7,1.0,5.0,1.0,0.0,0.0,0.0,0.0,6.0,2.0,1.3,0.0,0.0,3.0
JEC-J03,41.8,0.0,5.0,1.0,0.0,0.0,0.0,0.0,6.0,2.0,1.3,0.0,0.0,6.0
JEC-J03,42.9,0.0,5.0,1.0,0.0,0.0,0.0,0.0,6.0,2.0,1.3,0.0,0.0,5.0
JEC-J03,44.0,0.0,5.0,1.0,0.0,0.0,0.0,0.0,6.0,1.0,1.3,0.0,0.0,5.0
JEC-J03,45.1,0.0,5.0,1.0,0.0,0.0,0.0,0.0,6.0,1.0,1.3,0.0,0.0,5.0
JEC-J03,46.2,0.0,5.0,1.0,0.0,0.0,0.0,0.0,6.0,1.0,1.3,0.0,0.0,5.0
JEC-J03,47.3,0.0,5.0,0.0,0.0,0.0,0.0,0.0,6.0,1.0,1.3,0.0,0.0,5.0
JEC-J03,48.4,0.0,5.0,0.0,0.0,0.0,0.0,0.0,6.0,1.0,1.3,0.0,0.0,5.0
JEC-J03,49.5,0.0,5.0,0.0,0.0,0.0,0.0,0.0,6.0,1.0,1.3,0.0,0.0,5.0
JEC-J03,50.6,0.0,5.0,0.0,0.0,0.0,0.0,0.0,6.0,1.0,1.0,0.0,0.0,5.0
JEC-J03,51.7,0.0,5.0,0.0,0.0,0.0,0.0,0.0,6.0,0.0,1.0,0.0,0.0,5.0
JEC-J03,52.8,0.0,5.0,0.0,0.0,0.0,0.0,0.0,6.0,0.0,1.0,0.0,0.0,5.0
JEC-J03,53.9,1.0,5.0,0.0,0.0,0.0,0.0,0.0,6.0,0.0,1.0,0.0,0.0,5.0
JEC-J03,55.0,1.0,5.0,0.0,0.0,0.0,0.0,0.0,6.0,1.0,1.0,0.0,0.0,7.0
JEC-J03,56.1,1.0,5.0,0.0,0.0,0.0,0.0,0.0,6.0,1.0,1.21,0.0,0.0,7.0
JEC-J03,57.2,1.0,5.0,0.0,0.0,0.0,0.0,0.0,6.0,1.0,1.21,0.0,0.0,7.0
JEC-J03,58.3,1.0,5.0,0.0,0.0,0.0,0.0,0.0,6.0,1.0,1.21,0.0,0.0,7.0
JEC-J03,59.4,1.0,5.0,1.0,0.0,0.0,0.0,0.0,6.0,1.0,1.21,0.0,0.0,8.0
JEC-J03,60.5,1.0,5.0,1.0,0.0,0.0,0.0,0.0,6.0,1.0,1.21,0.0,0.0,6.0
JEC-J03,61.6,0.0,5.0,1.0,0.0,0.0,0.0,0.0,6.0,1.0,1.21,0.0,0.0,5.0
JEC-J03,62.7,0.0,5.0,1.0,0.0,0.0,0.0,0.0,6.0,1.0,1.21,0.0,0.0,3.0
JEC-J03,63.8,0.0,5.0,1.0,0.0,0.0,0.0,0.0,6.0,1.0,1.21,0.0,0.0,2.0
JEC-J03,64.9,0.0,5.0,1.0,0.0,0.0,0.0,0.0,6.0,1.0,1.21,0.0,0.0,1.0
JEC-J03,66.0,0.0,5.0,1.0,0.0,0.0,0.0,0.0,6.0,1.0,1.21,0.0,0.0,1.0
JEC-J03,67.1,0.0,5.0,0.0,0.0,0.0,0.0,0.0,6.0,1.0,1.21,0.0,0.0,1.0
JEC-J03,68.2,0.0,5.0,0.0,0.0,0.0,0.0,0.0,6.0,1.0,1.21,0.0,0.0,1.0
JEC-J03,69.3,0.0,5.0,0.0,0.0,0.0,0.0,0.0,6.0,0.0,1.21,0.0,0.0,1.0
JEC-J03,70.4,0.0,5.0,0.0,0.0,0.0,0.0,0.0,5.0,0.0,1.21,0.0,0.0,1.0
JEC-J03,71.5,0.0,5.0,0.0,0.0,0.0,0.0,0.0,5.0,0.0,1.21,0.0,0.0,1.0
JEC-J03,72.6,0.0,5.0,0.0,0.0,0.0,0.0,0.0,5.0,0.0,1.21,0.0,0.0,1.0
JEC-J03,73.7,0.0,5.0,0.0,0.0,0.0,0.0,0.0,5.0,0.0,1.21,0.0,0.0,1.0
JEC-J03,74.8,0.0,5.0,0.0,0.0,0.0,0.0,0.0,5.0,0.0,1.21,0.0,0.0,1.0
JEC-J03,75.9,0.0,5.0,0.0,0.0,0.0,0.0,0.0,5.0,0.0,1.21,0.0,0.0,1.0
JEC-J03,77.0,0.0,5.0,0.0,0.0,0.0,0.0,0.0,5.0,0.0,1.21,0.0,0.0,0.0
JEC-J03,78.1,0.0,5.0,0.0,0.0,0.0,0.0,0.0,5.0,0.0,1.21,0.0,0.0,0.0
JEC-J03,79.2,0.0,5.0,0.0,0.0,0.0,0.0,0.0,5.0,0.0,1.21,0.0,0.0,0.0
JEC-J03,80.3,0.0,5.0,0.0,0.0,0.0,0.0,0.0,5.0,0.0,1.21,0.0,0.0,0.0
JEC-J03,81.4,0.0,5.0,0.0,0.0,0.0,0.0,0.0,5.0,0.0,1.21,0.0,0.0,0.0
JEC-J03,82.5,0.0,5.0,0.0,0.0,0.0,0.0,0.0,5.0,0.0,1.21,0.0,0.0,0.0
JEC-J03,83.6,0.0,5.0,0.0,0.0,0.0,0.0,0.0,5.0,0.0,1.21,0.0,0.0,0.0
JEC-J03,84.7,0.0,5.0,0.0,0.0,0.0,0.0,0.0,5.0,0.0,1.21,0.0,0.0,0.0
JEC-J03,85.8,0.0,5.0,0.0,0.0,0.0,0.0,0.0,5.0,0.0,1.21,0.0,0.0,0.0
JEC-J03,86.9,0.0,5.0,0.0,0.0,0.0,0.0,0.0,4.0,0.0,1.21,0.0,0.0,0.0
JEC-J03,88.0,0.0,5.0,0.0,0.0,0.0,0.0,0.0,4.0,0.0,1.21,0.0,0.0,0.0
JEC-J03,89.1,0.0,5.0,0.0,0.0,0.0,0.0,0.0,4.0,0.0,1.21,0.0,0.0,0.0
JEC-J03,90.2,0.0,5.0,0.0,0.0,0.0,0.0,0.0,4.0,0.0,1.21,0.0,0.0,0.0
JEC-J03,91.3,0.0,5.0,0.0,0.0,0.0,0.0,0.0,4.0,0.0,1.21,0.0,0.0,0.0
JEC-J03,92.4,0.0,5.0,0.0,0.0,0.0,0.0,0.0,4.0,0.0,1.21,0.0,0.0,0.0
JEC-J03,93.5,0.0,5.0,0.0,0.0,0.0,0.0,0.0,4.0,0.0,1.21,0.0,0.0,0.0
JEC-J03,94.6,0.0,5.0,0.0,0.0,0.0,0.0,0.0,4.0,0.0,1.21,0.0,0.0,0.0
JEC-J03,95.7,0.0,5.0,0.0,0.0,0.0,0.0,0.0,4.0,0.0,1.21,0.0,0.0,0.0
JEC-J03,96.8,0.0,5.0,0.0,0.0,0.0,0.0,0.0,3.0,0.0,1.21,0.0,0.0,0.0
JEC-J03,97.9,0.0,5.0,0.0,0.0,0.0,0.0,0.0,3.0,0.0,1.21,0.0,0.0,0.0
JEC-J03,99.0,0.0,5.0,0.0,0.0,0.0,0.0,0.0,3.0,0.0,1.21,0.0,0.0,0.0
JEC-J03,100.1,0.0,5.0,0.0,0.0,0.0,0.0,0.0,3.0,0.0,1.21,0.0,0.0,0.0
JEC-J03,101.2,0.0,5.0,0.0,0.0,0.0,0.0,0.0,3.0,0.0,1.21,0.0,0.0,0.0
JEC-J03,102.3,0.0,5.0,0.0,0.0,0.0,0.0,0.0,3.0,0.0,1.21,0.0,0.0,0.0
JEC-J03,103.4,0.0,5.0,0.0,0.0,0.0,0.0,0.0,3.0,0.0,1.21,0.0,0.0,0.0
JEC-J03,104.5,0.0,5.0,0.0,0.0,0.0,0.0,0.0,3.0,0.0,1.21,0.0,0.0,0.0
JEC-J03,105.6,0.0,5.0,0.0,0.0,0.0,0.0,0.0,3.0,0.0,1.21,0.0,0.0,0.0
JEC-J03,106.7,0.0,5.0,0.0,0.0,0.0,0.0,0.0,4.0,0.0,1.21,0.0,0.0,0.0
JEC-J03,107.8,0.0,5.0,0.0,0.0,0.0,0.0,0.0,4.0,0.0,1.21,0.0,0.0,0.0
JEC-J03,108.9,0.0,5.0,0.0,0.0,0.0,0.0,0.0,4.0,0.0,1.21,0.0,0.0,0.0
JEC-J03,110.0,0.0,5.0,0.0,0.0,0.0,0.0,0.0,4.0,0.0,1.21,0.0,0.0,0.0
JEC-J03,111.1,0.0,5.0,0.0,0.0,0.0,0.0,0.0,4.0,0.0,1.21,0.0,0.0,0.0
JEC-J03,112.2,0.0,5.0,0.0,0.0,0.0,0.0,0.0,4.0,0.0,1.21,0.0,0.0,0.0
JEC-J03,113.3,0.0,5.0,0.0,0.0,0.0,0.0,0.0,4.0,0.0,1.21,0.0,0.0,0.0
JEC-J03,114.4,0.0,5.0,0.0,0.0,0.0,0.0,0.0,4.0,0.0,1.21,0.0,0.0,0.0
JEC-J03,115.5,0.0,5.0,0.0,0.0,0.0,0.0,0.0,4.0,0.0,1.0,0.0,0.0,0.0
JEC-J03,116.6,0.0,5.0,0.0,0.0,0.0,0.0,0.0,4.0,0.0,1.0,0.0,0.0,0.0
JEC-J03,117.7,0.0,5.0,0.0,0.0,0.0,0.0,0.0,4.0,0.0,1.0,0.0,0.0,0.0
JEC-J03,118.8,0.0,5.0,0.0,0.0,0.0,0.0,0.0,4.0,0.0,1.0,0.0,0.0,1.0
JEC-J03,119.9,0.0,5.0,0.0,0.0,0.0,0.0,0.0,4.0,0.0,1.0,0.0,0.0,2.0
JEC-J03,121.0,0.0,5.0,0.0,0.0,0.0,0.0,0.0,4.0,0.0,1.07,0.0,0.0,3.0
JEC-J03,122.1,0.0,5.0,0.0,0.0,0.0,0.0,0.0,5.0,0.0,1.07,0.0,0.0,5.0
JEC-J03,123.2,0.0,5.0,0.0,0.0,0.0,0.0,0.0,5.0,0.0,1.07,0.0,0.0,5.0
JEC-J03,124.3,0.0,5.0,0.0,0.0,0.0,0.0,0.0,5.0,0.0,1.07,0.0,0.0,5.0
JEC-J03,125.4,0.0,5.0,0.0,0.0,0.0,0.0,0.0,5.0,0.0,1.07,0.0,0.0,5.0
JEC-J03,126.5,0.0,5.0,0.0,0.0,0.0,0.0,0.0,5.0,0.0,1.07,0.0,0.0,5.0
JEC-J03,127.6,0.0,5.0,0.0,0.0,0.0,2.0,0.0,5.0,0.0,1.07,0.0,0.0,5.0
JEC-J03,128.7,0.0,5.0,0.0,0.0,0.0,2.0,0.0,5.0,0.0,1.07,0.0,0.0,5.0
JEC-J03,129.8,1.0,5.0,0.0,0.0,0.0,2.0,0.0,5.0,0.0,1.07,0.0,0.0,5.0
JEC-J03,130.9,1.0,5.0,0.0,0.0,0.0,2.0,0.0,5.0,0.0,1.07,0.0,0.0,5.0
JEC-J03,132.0,1.0,5.0,0.0,0.0,0.0,2.0,0.0,5.0,0.0,1.07,0.0,0.0,6.0
JEC-J03,133.1,0.0,5.0,0.0,0.0,0.0,1.0,0.0,5.0,1.0,1.07,0.0,0.0,7.0
JEC-J03,134.2,0.0,5.0,0.0,0.0,0.0,1.0,0.0,7.0,1.0,1.07,0.0,0.0,7.0
JEC-J03,135.3,0.0,5.0,1.0,0.0,0.0,1.0,0.0,7.0,1.0,1.07,0.0,0.0,8.0
JEC-J03,136.4,0.0,5.0,1.0,0.0,0.0,1.0,0.0,7.0,1.0,1.07,0.0,0.0,6.0
JEC-J03,137.5,0.0,5.0,1.0,0.0,0.0,1.0,0.0,7.0,1.0,1.07,0.0,0.0,6.0
JEC-J03,138.6,0.0,5.0,0.0,0.0,0.0,1.0,0.0,7.0,1.0,1.07,0.0,0.0,6.0
JEC-J03,139.7,0.0,5.0,0.0,0.0,0.0,1.0,0.0,7.0,1.0,1.07,0.0,0.0,6.0
JEC-J03,140.8,0.0,5.0,0.0,0.0,0.0,1.0,0.0,7.0,0.0,1.07,0.0,0.0,5.0
JEC-J03,141.9,0.0,5.0,0.0,0.0,0.0,1.0,0.0,7.0,0.0,1.07,0.0,0.0,4.0
JEC-J03,143.0,0.0,5.0,0.0,0.0,0.0,1.0,0.0,7.0,0.0,1.07,0.0,0.0,3.0
JEC-J03,144.1,1.0,5.0,0.0,0.0,0.0,1.0,0.0,7.0,0.0,1.07,0.0,0.0,1.0
JEC-J03,145.2,1.0,5.0,0.0,0.0,0.0,1.0,0.0,7.0,0.0,1.07,0.0,0.0,1.0
JEC-J03,146.3,1.0,5.0,0.0,0.0,0.0,1.0,0.0,7.0,0.0,1.07,0.0,0.0,1.0
JEC-J03,147.4,0.0,5.0,0.0,0.0,0.0,0.0,0.0,7.0,1.0,1.07,0.0,0.0,3.0
JEC-J03,148.5,0.0,5.0,0.0,0.0,0.0,0.0,0.0,7.0,1.0,1.07,0.0,0.0,5.0
JEC-J03,149.6,0.0,5.0,1.0,0.0,0.0,0.0,0.0,7.0,1.0,1.07,0.0,0.0,7.0
JEC-J03,150.7,0.0,5.0,1.0,0.0,0.0,0.0,0.0,7.0,1.0,1.07,0.0,0.0,6.0
JEC-J03,151.8,0.0,5.0,1.0,0.0,0.0,0.0,0.0,7.0,1.0,1.07,0.0,0.0,6.0
JEC-J03,152.9,0.0,5.0,0.0,0.0,0.0,0.0,0.0,7.0,1.0,1.07,0.0,0.0,6.0
JEC-J03,154.0,0.0,5.0,0.0,0.0,0.0,0.0,0.0,7.0,1.0,1.07,0.0,0.0,5.0
JEC-J03,155.1,0.0,5.0,0.0,0.0,0.0,0.0,0.0,7.0,1.0,1.07,0.0,0.0,5.0
JEC-J03,156.2,0.0,5.0,0.0,0.0,0.0,0.0,0.0,7.0,1.0,1.07,0.0,0.0,5.0
JEC-J03,157.3,0.0,5.0,0.0,0.0,0.0,0.0,0.0,7.0,0.0,1.07,0.0,0.0,5.0
JEC-J03,158.4,0.0,5.0,0.0,0.0,0.0,0.0,0.0,6.0,0.0,1.07,0.0,0.0,5.0
JEC-J03,159.5,0.0,5.0,0.0,0.0,0.0,0.0,0.0,6.0,0.0,1.07,0.0,0.0,6.0
JEC-J03,160.6,0.0,5.0,0.0,0.0,0.0,0.0,0.0,6.0,0.0,1.07,0.0,0.0,7.0
JEC-J03,161.7,0.0,5.0,0.0,0.0,0.0,0.0,0.0,6.0,0.0,1.07,0.0,0.0,8.0
JEC-J03,162.8,0.0,5.0,0.0,0.0,0.0,0.0,0.0,6.0,0.0,1.07,0.0,0.0,9.0
JEC-J03,163.9,0.0,5.0,0.0,0.0,0.0,0.0,0.0,6.0,0.0,1.07,0.0,0.0,10.0
JEC-J03,165.0,0.0,5.0,0.0,0.0,0.0,0.0,0.0,6.0,0.0,1.07,0.0,0.0,11.0
JEC-J03,166.1,0.0,5.0,0.0,0.0,0.0,0.0,0.0,6.0,0.0,1.07,0.0,0.0,12.0
JEC-J03,167.2,0.0,5.0,0.0,0.0,0.0,0.0,0.0,6.0,0.0,1.07,0.0,0.0,13.0
JEC-J03,168.3,0.0,5.0,0.0,0.0,0.0,0.0,0.0,6.0,0.0,1.07,0.0,0.0,14.0
JEC-J03,169.4,0.0,5.0,0.0,0.0,0.0,0.0,0.0,6.0,0.0,1.07,0.0,0.0,14.0
JEC-J03,170.5,0.0,5.0,0.0,0.0,0.0,0.0,0.0,6.0,0.0,1.0,0.0,0.0,12.0
JEC-J03,171.6,0.0,5.0,0.0,0.0,0.0,0.0,0.0,6.0,0.0,1.0,0.0,0.0,11.0
JEC-J03,172.7,0.0,5.0,0.0,0.0,0.0,0.0,0.0,6.0,0.0,1.0,0.0,0.0,10.0
JEC-J03,173.8,0.0,5.0,0.0,0.0,0.0,0.0,0.0,6.0,0.0,1.0,0.0,0.0,10.0
JEC-J03,174.9,0.0,5.0,0.0,0.0,0.0,0.0,0.0,6.0,0.0,1.0,0.0,0.0,10.0
JEC-J03,176.0,0.0,5.0,0.0,0.0,0.0,0.0,0.0,6.0,0.0,1.0,0.0,0.0,10.0
JEC-J03,177.1,0.0,5.0,0.0,0.0,0.0,0.0,0.0,6.0,0.0,1.0,0.0,0.0,10.0
JEC-J03,178.2,0.0,5.0,0.0,0.0,0.0,0.0,0.0,5.0,0.0,1.0,0.0,0.0,10.0
JEC-J03,179.3,0.0,5.0,0.0,0.0,0.0,0.0,0.0,5.0,0.0,1.0,0.0,0.0,10.0
JEC-J03,180.4,0.0,5.0,0.0,0.0,0.0,0.0,0.0,5.0,0.0,1.0,0.0,0.0,10.0
JEC-J03,181.5,0.0,5.0,0.0,0.0,0.0,0.0,0.0,5.0,0.0,1.0,0.0,0.0,10.0
JEC-J03,182.6,0.0,5.0,0.0,0.0,0.0,0.0,0.0,5.0,0.0,1.0,0.0,0.0,10.0
JEC-J03,183.7,0.0,5.0,0.0,0.0,0.0,0.0,0.0,5.0,0.0,1.0,0.0,0.0,10.0
JEC-J03,184.8,0.0,5.0,0.0,0.0,0.0,0.0,0.0,5.0,0.0,1.0,0.0,0.0,10.0
JEC-J03,185.9,0.0,5.0,0.0,0.0,0.0,0.0,0.0,5.0,0.0,1.0,0.0,0.0,10.0
JEC-J03,187.0,0.0,5.0,0.0,0.0,0.0,0.0,0.0,6.0,0.0,1.0,0.0,0.0,10.0
JEC-J03,188.1,0.0,5.0,0.0,0.0,0.0,0.0,0.0,6.0,0.0,1.0,0.0,0.0,10.0
JEC-J03,189.2,0.0,5.0,0.0,0.0,0.0,0.0,0.0,6.0,0.0,1.0,0.0,0.0,10.0
JEC-J03,190.3,0.0,5.0,0.0,0.0,0.0,0.0,0.0,6.0,0.0,1.0,0.0,0.0,10.0
JEC-J03,191.4,0.0,5.0,0.0,0.0,0.0,0.0,0.0,6.0,0.0,1.0,0.0,0.0,10.0
JEC-J03,192.5,0.0,5.0,0.0,0.0,0.0,0.0,0.0,6.0,0.0,1.0,0.0,0.0,10.0
JEC-J03,193.6,0.0,5.0,0.0,0.0,0.0,1.0,0.0,6.0,0.0,1.0,0.0,0.0,10.0
JEC-J05,1.1,0.0,5.0,0.0,0.0,0.0,0.0,0.0,4.0,0.0,1.3,0.0,0.0,0.0
JEC-J05,2.2,0.0,5.0,0.0,0.0,0.0,0.0,0.0,4.0,0.0,1.3,0.0,0.0,0.0
JEC-J05,3.3,0.0,5.0,0.0,0.0,0.0,0.0,0.0,4.0,0.0,1.3,0.0,0.0,0.0
JEC-J05,4.4,0.0,5.0,0.0,0.0,0.0,0.0,0.0,4.0,0.0,1.3,0.0,0.0,0.0
JEC-J05,5.5,0.0,5.0,0.0,0.0,0.0,1.0,0.0,4.0,0.0,1.3,0.0,0.0,0.0
JEC-J05,6.6,0.0,5.0,0.0,0.0,0.0,1.0,0.0,4.0,0.0,1.3,0.0,0.0,0.0
JEC-J05,7.7,0.0,5.0,0.0,0.0,0.0,1.0,0.0,4.0,0.0,1.3,0.0,0.0,0.0
JEC-J05,8.8,0.0,5.0,0.0,0.0,0.0,1.0,0.0,4.0,0.0,1.3,0.0,0.0,0.0
JEC-J05,9.9,1.0,5.0,0.0,0.0,0.0,1.0,0.0,4.0,0.0,1.3,0.0,0.0,0.0
JEC-J05,11.0,1.0,5.0,0.0,0.0,0.0,1.0,0.0,4.0,0.0,1.3,0.0,0.0,0.0
JEC-J05,12.1,1.0,5.0,0.0,0.0,0.0,1.0,0.0,4.0,0.0,1.3,0.0,0.0,0.0
JEC-J05,13.2,0.0,5.0,0.0,0.0,0.0,0.0,0.0,4.0,1.0,1.3,0.0,0.0,1.0
JEC-J05,14.3,0.0,5.0,0.0,0.0,0.0,0.0,0.0,4.0,1.0,1.3,0.0,0.0,1.0
JEC-J05,15.4,0.0,5.0,1.0,0.0,0.0,1.0,0.0,4.0,1.0,1.3,0.0,0.0,2.0
JEC-J05,16.5,0.0,5.0,1.0,0.0,0.0,1.0,0.0,4.0,1.0,1.3,0.0,0.0,0.0
JEC-J05,17.6,0.0,5.0,1.0,0.0,0.0,1.0,0.0,4.0,1.0,1.3,0.0,0.0,0.0
JEC-J05,18.7,0.0,5.0,0.0,0.0,0.0,2.0,0.0,4.0,1.0,1.3,0.0,0.0,0.0
JEC-J05,19.8,1.0,5.0,0.0,0.0,0.0,2.0,0.0,4.0,1.0,1.3,0.0,0.0,0.0
JEC-J05,20.9,1.0,5.0,0.0,0.0,0.0,2.0,0.0,4.0,1.0,1.3,0.0,0.0,0.0
JEC-J05,22.0,1.0,5.0,0.0,0.0,0.0,2.0,0.0,4.0,1.0,1.3,0.0,0.0,0.0
JEC-J05,23.1,1.0,5.0,0.0,0.0,0.0,1.0,0.0,4.0,2.0,1.3,0.0,0.0,1.0
JEC-J05,24.2,0.0,5.0,0.0,0.0,0.0,1.0,0.0,4.0,2.0,1.3,0.0,0.0,1.0
JEC-J05,25.3,0.0,5.0,1.0,0.0,0.0,2.0,0.0,4.0,2.0,1.3,0.0,0.0,2.0
JEC-J05,26.4,1.0,5.0,1.0,0.0,0.0,2.0,0.0,4.0,2.0,1.3,0.0,0.0,0.0
JEC-J05,27.5,1.0,5.0,1.0,0.0,0.0,2.0,0.0,4.0,2.0,1.3,0.0,0.0,0.0
JEC-J05,28.6,1.0,5.0,1.0,0.0,0.0,1.0,0.0,4.0,3.0,1.3,0.0,0.0,1.0
JEC-J05,29.7,1.0,5.0,0.0,0.0,0.0,1.0,0.0,4.0,3.0,1.3,0.0,0.0,1.0
JEC-J05,30.8,1.0,5.0,0.0,0.0,0.0,1.0,0.0,4.0,2.0,1.3,0.0,0.0,2.0
JEC-J05,31.9,0.0,5.0,1.0,0.0,0.0,1.0,0.0,4.0,2.0,1.3,0.0,0.0,3.0
JEC-J05,33.0,1.0,5.0,1.0,0.0,0.0,1.0,0.0,4.0,2.0,1.3,0.0,0.0,4.0
JEC-J05,34.1,1.0,5.0,1.0,0.0,0.0,1.0,0.0,4.0,2.0,1.3,0.0,0.0,0.0
JEC-J05,35.2,1.0,5.0,1.0,0.0,0.0,1.0,0.0,4.0,1.0,1.3,0.0,0.0,1.0
JEC-J05,36.3,1.0,5.0,1.0,0.0,0.0,0.0,0.0,4.0,2.0,1.3,0.0,0.0,1.0
JEC-J05,37.4,0.0,5.0,0.0,0.0,0.0,0.0,0.0,5.0,2.0,1.3,0.0,0.0,2.0
JEC-J05,38.5,0.0,5.0,1.0,0.0,0.0,0.0,0.0,5.0,2.0,1.3,0.0,0.0,2.0
JEC-J05,39.6,0.0,5.0,1.0,0.0,0.0,0.0,0.0,5.0,1.0,1.3,0.0,0.0,3.0
JEC-J05,40.7,0.0,5.0,1.0,0.0,0.0,1.0,0.0,5.0,1.0,1.3,0.0,0.0,0.0
JEC-J05,41.8,0.0,5.0,1.0,0.0,0.0,1.0,0.0,5.0,1.0,1.3,0.0,0.0,0.0
JEC-J05,42.9,1.0,5.0,0.0,0.0,0.0,1.0,0.0,5.0,1.0,1.3,0.0,0.0,0.0
JEC-J05,44.0,1.0,5.0,0.0,0.0,0.0,1.0,0.0,5.0,1.0,1.3,0.0,0.0,0.0
JEC-J05,45.1,1.0,5.0,0.0,0.0,0.0,1.0,0.0,5.0,1.0,1.3,0.0,0.0,0.0
JEC-J05,46.2,1.0,5.0,0.0,0.0,0.0,0.0,0.0,5.0,2.0,1.3,0.0,0.0,1.0
JEC-J05,47.3,1.0,5.0,0.0,0.0,0.0,0.0,0.0,5.0,2.0,1.3,0.0,0.0,1.0
JEC-J05,48.4,0.0,5.0,1.0,0.0,0.0,0.0,0.0,5.0,2.0,1.3,0.0,0.0,2.0
JEC-J05,49.5,0.0,5.0,1.0,0.0,0.0,0.0,0.0,5.0,2.0,1.3,0.0,0.0,2.0
JEC-J05,50.6,0.0,5.0,1.0,0.0,0.0,0.0,0.0,5.0,2.0,1.0,0.0,0.0,0.0
JEC-J05,51.7,0.0,5.0,1.0,0.0,0.0,0.0,0.0,5.0,2.0,1.0,0.0,0.0,0.0
JEC-J05,52.8,0.0,5.0,1.0,0.0,0.0,0.0,0.0,5.0,2.0,1.0,0.0,0.0,0.0
JEC-J05,53.9,0.0,5.0,0.0,0.0,0.0,0.0,0.0,5.0,2.0,1.0,0.0,0.0,0.0
JEC-J05,55.0,0.0,5.0,0.0,0.0,0.0,0.0,0.0,5.0,2.0,1.0,0.0,0.0,0.0
JEC-J05,56.1,0.0,5.0,0.0,0.0,0.0,0.0,0.0,5.0,1.0,1.21,0.0,0.0,0.0
JEC-J05,57.2,0.0,5.0,0.0,0.0,0.0,1.0,0.0,5.0,1.0,1.21,0.0,0.0,0.0
JEC-J05,58.3,0.0,5.0,0.0,0.0,0.0,1.0,0.0,5.0,1.0,1.21,0.0,0.0,1.0
JEC-J05,59.4,0.0,5.0,0.0,0.0,0.0,1.0,0.0,5.0,1.0,1.21,0.0,0.0,2.0
JEC-J05,60.5,0.0,5.0,0.0,0.0,0.0,1.0,0.0,5.0,1.0,1.21,0.0,0.0,4.0
JEC-J05,61.6,0.0,5.0,0.0,0.0,0.0,1.0,0.0,5.0,1.0,1.21,0.0,0.0,5.0
JEC-J05,62.7,0.0,5.0,0.0,0.0,0.0,1.0,0.0,5.0,0.0,1.21,0.0,0.0,7.0
JEC-J05,63.8,0.0,5.0,0.0,0.0,0.0,1.0,0.0,5.0,0.0,1.21,0.0,0.0,8.0
JEC-J05,64.9,0.0,5.0,0.0,0.0,0.0,1.0,0.0,5.0,0.0,1.21,0.0,0.0,9.0
JEC-J05,66.0,1.0,5.0,0.0,0.0,0.0,1.0,0.0,5.0,0.0,1.21,0.0,0.0,10.0
JEC-J05,67.1,1.0,5.0,0.0,0.0,0.0,1.0,0.0,5.0,0.0,1.21,0.0,0.0,12.0
JEC-J05,68.2,1.0,5.0,0.0,0.0,0.0,1.0,0.0,5.0,0.0,1.21,0.0,0.0,13.0
JEC-J05,69.3,0.0,5.0,0.0,0.0,0.0,0.0,0.0,5.0,1.0,1.21,0.0,0.0,15.0
JEC-J05,70.4,0.0,5.0,0.0,0.0,0.0,0.0,0.0,5.0,1.0,1.21,0.0,0.0,16.0
JEC-J05,71.5,0.0,5.0,1.0,0.0,0.0,0.0,0.0,5.0,1.0,1.21,0.0,0.0,18.0
JEC-J05,72.6,0.0,5.0,1.0,0.0,0.0,1.0,0.0,5.0,1.0,1.21,0.0,0.0,18.0
JEC-J05,73.7,0.0,5.0,1.0,0.0,0.0,1.0,0.0,5.0,1.0,1.21,0.0,0.0,19.0
JEC-J05,74.8,0.0,5.0,0.0,0.0,0.0,1.0,0.0,5.0,1.0,1.21,0.0,0.0,20.0
JEC-J05,75.9,1.0,5.0,0.0,0.0,0.0,1.0,0.0,4.0,1.0,1.21,0.0,0.0,21.0
JEC-J05,77.0,1.0,5.0,0.0,0.0,0.0,1.0,0.0,4.0,0.0,1.21,0.0,0.0,23.0
JEC-J05,78.1,1.0,5.0,0.0,0.0,0.0,1.0,0.0,4.0,0.0,1.21,0.0,0.0,24.0
JEC-J05,79.2,0.0,5.0,0.0,0.0,0.0,0.0,0.0,4.0,1.0,1.21,0.0,0.0,26.0
JEC-J05,80.3,0.0,5.0,0.0,0.0,0.0,0.0,0.0,4.0,1.0,1.21,0.0,0.0,27.0
JEC-J05,81.4,0.0,5.0,1.0,0.0,0.0,0.0,0.0,4.0,1.0,1.21,0.0,0.0,27.0
JEC-J05,82.5,0.0,5.0,1.0,0.0,0.0,0.0,0.0,4.0,1.0,1.21,0.0,0.0,25.0
JEC-J05,83.6,0.0,5.0,1.0,0.0,0.0,0.0,0.0,4.0,1.0,1.21,0.0,0.0,25.0
JEC-J05,84.7,0.0,5.0,0.0,0.0,0.0,0.0,0.0,4.0,1.0,1.21,0.0,0.0,24.0
JEC-J05,85.8,0.0,5.0,0.0,0.0,0.0,0.0,0.0,4.0,1.0,1.21,0.0,0.0,24.0
JEC-J05,86.9,0.0,5.0,0.0,0.0,0.0,0.0,0.0,4.0,0.0,1.21,0.0,0.0,25.0
JEC-J05,88.0,0.0,5.0,0.0,0.0,0.0,0.0,0.0,4.0,0.0,1.21,0.0,0.0,25.0
JEC-J05,89.1,0.0,5.0,0.0,0.0,0.0,0.0,0.0,4.0,0.0,1.21,0.0,0.0,24.0
JEC-J05,90.2,0.0,5.0,0.0,0.0,0.0,0.0,0.0,4.0,0.0,1.21,0.0,0.0,24.0
JEC-J05,91.3,0.0,5.0,0.0,0.0,0.0,0.0,0.0,4.0,0.0,1.21,0.0,0.0,24.0
JEC-J05,92.4,0.0,5.0,0.0,0.0,0.0,0.0,0.0,4.0,0.0,1.21,0.0,0.0,25.0
JEC-J05,93.5,0.0,5.0,0.0,0.0,0.0,0.0,0.0,3.0,0.0,1.21,0.0,0.0,25.0
JEC-J05,94.6,0.0,5.0,0.0,0.0,0.0,0.0,0.0,3.0,0.0,1.21,0.0,0.0,23.0
JEC-J05,95.7,0.0,5.0,0.0,0.0,0.0,0.0,0.0,3.0,0.0,1.21,0.0,0.0,22.0
JEC-J05,96.8,0.0,5.0,0.0,0.0,0.0,0.0,0.0,3.0,0.0,1.21,0.0,0.0,21.0
JEC-J05,97.9,0.0,5.0,0.0,0.0,0.0,0.0,0.0,3.0,0.0,1.21,0.0,0.0,20.0
JEC-J05,99.0,0.0,5.0,0.0,0.0,0.0,0.0,0.0,3.0,0.0,1.21,0.0,0.0,18.0
JEC-J05,100.1,0.0,5.0,0.0,0.0,0.0,0.0,0.0,4.0,0.0,1.21,0.0,0.0,17.0
JEC-J05,101.2,0.0,5.0,0.0,0.0,0.0,0.0,0.0,4.0,0.0,1.21,0.0,0.0,16.0
JEC-J05,102.3,0.0,5.0,0.0,0.0,0.0,0.0,0.0,3.0,0.0,1.21,0.0,0.0,15.0
JEC-J05,103.4,0.0,5.0,0.0,0.0,0.0,0.0,0.0,3.0,0.0,1.21,0.0,0.0,14.0
JEC-J05,104.5,0.0,5.0,0.0,0.0,0.0,0.0,0.0,3.0,0.0,1.21,0.0,0.0,12.0
JEC-J05,105.6,0.0,5.0,0.0,0.0,0.0,0.0,0.0,3.0,0.0,1.21,0.0,0.0,11.0
JEC-J05,106.7,0.0,5.0,0.0,0.0,0.0,0.0,0.0,3.0,0.0,1.21,0.0,0.0,10.0
JEC-J05,107.8,0.0,5.0,0.0,0.0,0.0,0.0,0.0,3.0,0.0,1.21,0.0,0.0,9.0
JEC-J05,108.9,0.0,5.0,0.0,0.0,0.0,0.0,0.0,3.0,0.0,1.21,0.0,0.0,7.0
JEC-J05,110.0,0.0,5.0,0.0,0.0,0.0,1.0,0.0,3.0,0.0,1.21,0.0,0.0,6.0
JEC-J05,111.1,0.0,5.0,0.0,0.0,0.0,1.0,0.0,3.0,0.0,1.21,0.0,0.0,5.0
JEC-J05,112.2,0.0,5.0,0.0,0.0,0.0,1.0,0.0,3.0,0.0,1.21,0.0,0.0,4.0
JEC-J05,113.3,1.0,5.0,0.0,0.0,0.0,1.0,0.0,3.0,0.0,1.21,0.0,0.0,3.0
JEC-J05,114.4,1.0,5.0,0.0,0.0,0.0,1.0,0.0,3.0,0.0,1.21,0.0,0.0,1.0
JEC-J05,115.5,1.0,5.0,0.0,0.0,0.0,1.0,0.0,3.0,0.0,1.0,0.0,0.0,0.0
JEC-J05,116.6,0.0,5.0,0.0,0.0,0.0,0.0,0.0,4.0,1.0,1.0,0.0,0.0,1.0
JEC-J05,117.7,0.0,5.0,0.0,0.0,0.0,0.0,0.0,4.0,1.0,1.0,0.0,0.0,1.0
JEC-J05,118.8,0.0,5.0,1.0,0.0,0.0,0.0,0.0,4.0,1.0,1.0,0.0,0.0,2.0
JEC-J05,119.9,0.0,5.0,1.0,0.0,0.0,0.0,0.0,4.0,1.0,1.0,0.0,0.0,0.0
JEC-J05,121.0,0.0,5.0,1.0,0.0,0.0,0.0,0.0,4.0,1.0,1.07,0.0,0.0,0.0
JEC-J05,122.1,0.0,5.0,0.0,0.0,0.0,1.0,0.0,4.0,1.0,1.07,0.0,0.0,0.0
JEC-J05,123.2,0.0,5.0,0.0,0.0,0.0,1.0,0.0,4.0,1.0,1.07,0.0,0.0,0.0
JEC-J05,124.3,0.0,5.0,0.0,0.0,0.0,1.0,0.0,4.0,1.0,1.07,0.0,0.0,0.0
JEC-J05,125.4,0.0,5.0,0.0,0.0,0.0,1.0,0.0,5.0,1.0,1.07,0.0,0.0,0.0
JEC-J05,126.5,0.0,5.0,0.0,0.0,0.0,1.0,0.0,5.0,1.0,1.07,0.0,0.0,0.0
JEC-J05,127.6,1.0,5.0,0.0,0.0,0.0,1.0,0.0,5.0,1.0,1.07,0.0,0.0,0.0
JEC-J05,128.7,1.0,5.0,0.0,0.0,0.0,1.0,0.0,5.0,1.0,1.07,0.0,0.0,0.0
JEC-J05,129.8,1.0,5.0,0.0,0.0,0.0,1.0,0.0,5.0,1.0,1.07,0.0,0.0,0.0
JEC-J05,130.9,1.0,5.0,0.0,0.0,0.0,1.0,0.0,5.0,2.0,1.07,0.0,0.0,1.0
JEC-J05,132.0,1.0,5.0,0.0,0.0,0.0,2.0,0.0,5.0,2.0,1.07,0.0,0.0,2.0
JEC-J05,133.1,0.0,5.0,1.0,0.0,0.0,2.0,0.0,5.0,2.0,1.07,0.0,0.0,2.0
JEC-J05,134.2,0.0,5.0,1.0,0.0,0.0,2.0,0.0,5.0,1.0,1.07,0.0,0.0,0.0
JEC-J05,135.3,0.0,5.0,1.0,0.0,0.0,2.0,0.0,5.0,1.0,1.07,0.0,0.0,0.0
JEC-J05,136.4,0.0,5.0,1.0,0.0,0.0,2.0,0.0,5.0,1.0,1.07,0.0,0.0,0.0
JEC-J05,137.5,1.0,5.0,1.0,0.0,0.0,2.0,0.0,5.0,1.0,1.07,0.0,0.0,0.0
JEC-J05,138.6,1.0,5.0,0.0,0.0,0.0,2.0,0.0,5.0,1.0,1.07,0.0,0.0,0.0
JEC-J05,139.7,1.0,5.0,0.0,0.0,0.0,1.0,0.0,5.0,2.0,1.07,0.0,0.0,1.0
JEC-J05,140.8,0.0,5.0,0.0,0.0,0.0,0.0,0.0,5.0,3.0,1.07,0.0,0.0,1.0
JEC-J05,141.9,0.0,5.0,0.0,0.0,0.0,0.0,2.0,5.0,3.0,1.07,0.0,0.0,1.0
JEC-J05,143.0,0.0,5.0,1.0,0.0,0.0,0.0,3.0,5.0,3.0,1.07,0.0,0.0,2.0
JEC-J05,144.1,0.0,5.0,1.0,0.0,0.0,0.0,4.0,5.0,3.0,1.07,0.0,0.0,0.0
JEC-J05,145.2,0.0,5.0,1.0,0.0,0.0,0.0,4.0,5.0,3.0,1.07,0.0,0.0,1.0
JEC-J05,146.3,1.0,5.0,0.0,0.0,0.0,0.0,4.0,5.0,3.0,1.07,0.0,0.0,2.0
JEC-J05,147.4,1.0,5.0,0.0,0.0,0.0,0.0,3.0,5.0,2.0,1.07,0.0,0.0,3.0
JEC-J05,148.5,1.0,5.0,0.0,0.0,0.0,0.0,2.0,5.0,1.0,1.07,0.0,0.0,4.0
JEC-J05,149.6,1.0,5.0,0.0,0.0,0.0,1.0,0.0,5.0,1.0,1.07,0.0,0.0,5.0
JEC-J05,150.7,1.0,5.0,0.0,0.0,0.0,2.0,0.0,5.0,1.0,1.07,0.0,0.0,6.0
JEC-J05,151.8,0.0,5.0,1.0,0.0,0.0,1.0,0.0,5.0,1.0,1.07,0.0,0.0,5.0
JEC-J05,152.9,0.0,5.0,1.0,0.0,0.0,1.0,0.0,5.0,1.0,1.07,0.0,0.0,5.0
JEC-J05,154.0,0.0,5.0,1.0,0.0,0.0,1.0,0.0,5.0,1.0,1.07,0.0,0.0,5.0
JEC-J05,155.1,0.0,5.0,1.0,0.0,0.0,1.0,0.0,5.0,1.0,1.07,0.0,0.0,0.0
JEC-J05,156.2,0.0,5.0,1.0,0.0,0.0,1.0,0.0,5.0,1.0,1.07,0.0,0.0,0.0
JEC-J05,157.3,0.0,5.0,0.0,0.0,0.0,1.0,0.0,5.0,1.0,1.07,0.0,0.0,0.0
JEC-J05,158.4,0.0,5.0,0.0,0.0,0.0,1.0,0.0,5.0,1.0,1.07,0.0,0.0,0.0
JEC-J05,159.5,0.0,5.0,0.0,0.0,0.0,1.0,0.0,5.0,1.0,1.07,0.0,0.0,0.0
JEC-J05,160.6,0.0,5.0,0.0,0.0,0.0,1.0,0.0,5.0,1.0,1.07,0.0,0.0,0.0
JEC-J05,161.7,0.0,5.0,0.0,0.0,0.0,1.0,0.0,5.0,1.0,1.07,0.0,0.0,0.0
JEC-J05,162.8,0.0,5.0,0.0,0.0,0.0,1.0,0.0,5.0,1.0,1.07,0.0,0.0,0.0
JEC-J05,163.9,0.0,5.0,0.0,0.0,0.0,1.0,0.0,4.0,1.0,1.07,0.0,0.0,0.0
JEC-J05,165.0,0.0,5.0,0.0,0.0,0.0,1.0,0.0,4.0,1.0,1.07,0.0,0.0,0.0
JEC-J05,166.1,0.0,5.0,0.0,0.0,0.0,1.0,0.0,4.0,1.0,1.07,0.0,0.0,1.0
JEC-J05,167.2,0.0,5.0,0.0,0.0,0.0,1.0,0.0,4.0,1.0,1.07,0.0,0.0,1.0
JEC-J05,168.3,0.0,5.0,0.0,0.0,0.0,1.0,0.0,4.0,1.0,1.07,0.0,0.0,1.0
JEC-J05,169.4,0.0,5.0,0.0,0.0,0.0,1.0,0.0,4.0,1.0,1.07,0.0,0.0,2.0
JEC-J05,170.5,0.0,5.0,0.0,0.0,0.0,0.0,0.0,4.0,2.0,1.0,0.0,0.0,2.0
JEC-J05,171.6,0.0,5.0,0.0,0.0,0.0,0.0,0.0,4.0,2.0,1.0,0.0,0.0,3.0
JEC-J05,172.7,0.0,5.0,0.0,0.0,0.0,0.0,0.0,4.0,2.0,1.0,0.0,0.0,3.0
JEC-J05,173.8,0.0,5.0,0.0,0.0,0.0,0.0,0.0,4.0,2.0,1.0,0.0,0.0,4.0
JEC-J05,174.9,0.0,5.0,0.0,0.0,0.0,0.0,0.0,4.0,2.0,1.0,0.0,0.0,5.0
JEC-J05,176.0,0.0,5.0,0.0,0.0,0.0,0.0,0.0,4.0,2.0,1.0,0.0,0.0,6.0
JEC-J05,177.1,0.0,5.0,0.0,0.0,0.0,0.0,0.0,4.0,2.0,1.0,0.0,0.0,6.0
JEC-J05,178.2,0.0,5.0,0.0,0.0,0.0,0.0,0.0,4.0,2.0,1.0,0.0,0.0,6.0
JEC-J05,179.3,0.0,5.0,0.0,0.0,0.0,0.0,0.0,4.0,2.0,1.0,0.0,0.0,6.0
JEC-J05,180.4,0.0,5.0,0.0,0.0,0.0,0.0,0.0,4.0,2.0,1.0,0.0,0.0,6.0
JEC-J05,181.5,0.0,5.0,0.0,0.0,0.0,0.0,0.0,5.0,2.0,1.0,0.0,0.0,6.0
JEC-J05,182.6,0.0,5.0,0.0,0.0,0.0,0.0,0.0,5.0,2.0,1.0,0.0,0.0,6.0
JEC-J05,183.7,0.0,5.0,0.0,0.0,0.0,0.0,0.0,5.0,2.0,1.0,0.0,0.0,6.0
JEC-J05,184.8,0.0,5.0,0.0,0.0,0.0,0.0,0.0,5.0,2.0,1.0,0.0,0.0,6.0
JEC-J05,185.9,0.0,5.0,0.0,0.0,0.0,0.0,0.0,5.0,2.0,1.0,0.0,0.0,6.0
JEC-J05,187.0,0.0,5.0,0.0,0.0,0.0,1.0,0.0,5.0,2.0,1.0,0.0,0.0,6.0
JEC-J05,188.1,0.0,5.0,0.0,0.0,0.0,1.0,0.0,5.0,2.0,1.0,0.0,0.0,6.0
JEC-J05,189.2,0.0,5.0,0.0,0.0,0.0,1.0,0.0,5.0,2.0,1.0,0.0,0.0,6.0
JEC-J05,190.3,0.0,5.0,0.0,0.0,0.0,1.0,0.0,5.0,2.0,1.0,0.0,0.0,6.0
JEC-J05,191.4,0.0,5.0,0.0,0.0,0.0,1.0,0.0,5.0,2.0,1.0,0.0,0.0,6.0
JEC-J05,192.5,0.0,5.0,0.0,0.0,0.0,1.0,0.0,5.0,2.0,1.0,0.0,0.0,6.0
JEC-J05,193.6,0.0,5.0,0.0,0.0,0.0,1.0,0.0,5.0,2.0,1.0,0.0,0.0,6.0
JEC-J06,1.1,0.0,5.0,0.0,0.0,0.0,0.0,0.0,4.0,0.0,1.3,0.0,0.0,0.0
JEC-J06,2.2,0.0,5.0,0.0,0.0,0.0,0.0,0.0,4.0,0.0,1.3,0.0,0.0,0.0
JEC-J06,3.3,0.0,5.0,0.0,0.0,0.0,0.0,0.0,4.0,0.0,1.3,0.0,0.0,0.0
JEC-J06,4.4,0.0,5.0,0.0,0.0,0.0,0.0,0.0,4.0,0.0,1.3,0.0,0.0,0.0
JEC-J06,5.5,0.0,5.0,0.0,0.0,0.0,0.0,0.0,4.0,1.0,1.3,0.0,0.0,1.0
JEC-J06,6.6,1.0,5.0,0.0,0.0,0.0,0.0,0.0,4.0,1.0,1.3,0.0,0.0,1.0
JEC-J06,7.7,1.0,5.0,0.0,0.0,0.0,0.0,0.0,4.0,1.0,1.3,0.0,0.0,1.0
JEC-J06,8.8,1.0,5.0,0.0,0.0,0.0,0.0,0.0,4.0,1.0,1.3,0.0,0.0,1.0
JEC-J06,9.9,0.0,5.0,0.0,0.0,0.0,0.0,0.0,4.0,1.0,1.3,0.0,0.0,2.0
JEC-J06,11.0,0.0,5.0,0.0,0.0,0.0,0.0,0.0,4.0,1.0,1.3,0.0,0.0,2.0
JEC-J06,12.1,0.0,5.0,1.0,0.0,0.0,0.0,0.0,4.0,1.0,1.3,0.0,0.0,3.0
JEC-J06,13.2,0.0,5.0,1.0,0.0,0.0,1.0,0.0,4.0,1.0,1.3,0.0,0.0,0.0
JEC-J06,14.3,0.0,5.0,1.0,0.0,0.0,1.0,0.0,4.0,1.0,1.3,0.0,0.0,0.0
JEC-J06,15.4,1.0,5.0,0.0,0.0,0.0,1.0,0.0,4.0,1.0,1.3,0.0,0.0,0.0
JEC-J06,16.5,1.0,5.0,0.0,0.0,0.0,1.0,0.0,4.0,1.0,1.3,0.0,0.0,0.0
JEC-J06,17.6,1.0,5.0,0.0,0.0,0.0,0.0,0.0,4.0,1.0,1.3,0.0,0.0,0.0
JEC-J06,18.7,1.0,5.0,0.0,0.0,0.0,0.0,0.0,4.0,2.0,1.3,0.0,0.0,2.0
JEC-J06,19.8,0.0,5.0,0.0,0.0,0.0,0.0,0.0,4.0,2.0,1.3,0.0,0.0,2.0
JEC-J06,20.9,0.0,5.0,1.0,0.0,0.0,0.0,0.0,4.0,2.0,1.3,0.0,0.0,2.0
JEC-J06,22.0,1.0,5.0,1.0,0.0,0.0,0.0,0.0,4.0,2.0,1.3,0.0,0.0,2.0
JEC-J06,23.1,1.0,5.0,1.0,0.0,0.0,0.0,1.0,4.0,2.0,1.3,0.0,0.0,3.0
JEC-J06,24.2,1.0,5.0,1.0,0.0,0.0,1.0,1.0,4.0,2.0,1.3,0.0,0.0,4.0
JEC-J06,25.3,0.0,5.0,0.0,0.0,0.0,1.0,1.0,4.0,2.0,1.3,0.0,0.0,5.0
JEC-J06,26.4,0.0,5.0,0.0,0.0,0.0,1.0,1.0,4.0,2.0,1.3,0.0,0.0,4.0
JEC-J06,27.5,0.0,5.0,1.0,0.0,0.0,0.0,1.0,4.0,2.0,1.3,0.0,0.0,4.0
JEC-J06,28.6,1.0,5.0,1.0,0.0,0.0,0.0,0.0,4.0,2.0,1.3,0.0,0.0,0.0
JEC-J06,29.7,1.0,5.0,1.0,0.0,0.0,0.0,0.0,4.0,2.0,1.3,0.0,0.0,0.0
JEC-J06,30.8,1.0,5.0,0.0,0.0,0.0,0.0,0.0,4.0,2.0,1.3,0.0,0.0,0.0
JEC-J06,31.9,0.0,5.0,0.0,0.0,0.0,0.0,0.0,4.0,2.0,1.3,0.0,0.0,1.0
JEC-J06,33.0,0.0,5.0,0.0,0.0,0.0,0.0,0.0,4.0,2.0,1.3,0.0,0.0,1.0
JEC-J06,34.1,0.0,5.0,1.0,0.0,0.0,0.0,0.0,4.0,1.0,1.3,0.0,0.0,2.0
JEC-J06,35.2,0.0,5.0,1.0,0.0,0.0,0.0,0.0,4.0,1.0,1.3,0.0,0.0,0.0
JEC-J06,36.3,0.0,5.0,1.0,0.0,0.0,0.0,0.0,4.0,1.0,1.3,0.0,0.0,0.0
JEC-J06,37.4,0.0,5.0,0.0,0.0,0.0,0.0,0.0,4.0,1.0,1.3,0.0,0.0,0.0
JEC-J06,38.5,0.0,5.0,0.0,0.0,0.0,0.0,0.0,4.0,1.0,1.3,0.0,0.0,0.0
JEC-J06,39.6,0.0,5.0,0.0,0.0,0.0,0.0,0.0,4.0,1.0,1.3,0.0,0.0,0.0
JEC-J06,40.7,0.0,5.0,0.0,0.0,0.0,0.0,0.0,4.0,0.0,1.3,0.0,0.0,0.0
JEC-J06,41.8,0.0,5.0,0.0,0.0,0.0,0.0,0.0,4.0,0.0,1.3,0.0,0.0,0.0
JEC-J06,42.9,0.0,5.0,0.0,0.0,0.0,1.0,0.0,4.0,0.0,1.3,0.0,0.0,0.0
JEC-J06,44.0,0.0,5.0,0.0,0.0,0.0,1.0,0.0,4.0,0.0,1.3,0.0,0.0,0.0
JEC-J06,45.1,0.0,5.0,0.0,0.0,0.0,1.0,0.0,4.0,0.0,1.3,0.0,0.0,0.0
JEC-J06,46.2,0.0,5.0,0.0,0.0,0.0,1.0,0.0,4.0,0.0,1.3,0.0,0.0,0.0
JEC-J06,47.3,0.0,5.0,0.0,0.0,0.0,1.0,0.0,4.0,0.0,1.3,0.0,0.0,0.0
JEC-J06,48.4,1.0,5.0,0.0,0.0,0.0,1.0,0.0,4.0,0.0,1.3,0.0,0.0,0.0
JEC-J06,49.5,1.0,5.0,0.0,0.0,0.0,1.0,0.0,4.0,0.0,1.3,0.0,0.0,0.0
JEC-J06,50.6,1.0,5.0,0.0,0.0,0.0,0.0,0.0,4.0,1.0,1.0,0.0,0.0,1.0
JEC-J06,51.7,0.0,5.0,0.0,0.0,0.0,0.0,0.0,4.0,1.0,1.0,0.0,0.0,2.0
JEC-J06,52.8,0.0,5.0,0.0,0.0,0.0,0.0,0.0,4.0,1.0,1.0,0.0,0.0,2.0
JEC-J06,53.9,0.0,5.0,1.0,0.0,0.0,0.0,0.0,4.0,1.0,1.0,0.0,0.0,3.0
JEC-J06,55.0,0.0,5.0,1.0,0.0,0.0,0.0,0.0,4.0,1.0,1.0,0.0,0.0,3.0
JEC-J06,56.1,0.0,5.0,1.0,0.0,0.0,0.0,0.0,4.0,1.0,1.21,0.0,0.0,0.0
JEC-J06,57.2,0.0,5.0,0.0,0.0,0.0,0.0,0.0,4.0,1.0,1.21,0.0,0.0,0.0
JEC-J06,58.3,0.0,5.0,0.0,0.0,0.0,0.0,0.0,4.0,1.0,1.21,0.0,0.0,0.0
JEC-J06,59.4,0.0,5.0,0.0,0.0,0.0,1.0,0.0,4.0,1.0,1.21,0.0,0.0,0.0
JEC-J06,60.5,0.0,5.0,0.0,0.0,0.0,1.0,0.0,4.0,1.0,1.21,0.0,0.0,0.0
JEC-J06,61.6,0.0,5.0,0.0,0.0,0.0,1.0,0.0,4.0,1.0,1.21,0.0,0.0,0.0
JEC-J06,62.7,0.0,5.0,0.0,0.0,0.0,1.0,0.0,4.0,1.0,1.21,0.0,0.0,0.0
JEC-J06,63.8,0.0,5.0,0.0,0.0,0.0,1.0,0.0,4.0,0.0,1.21,0.0,0.0,0.0
JEC-J06,64.9,0.0,5.0,0.0,0.0,0.0,1.0,0.0,4.0,0.0,1.21,0.0,0.0,0.0
JEC-J06,66.0,0.0,5.0,0.0,0.0,0.0,1.0,0.0,4.0,0.0,1.21,0.0,0.0,0.0
JEC-J06,67.1,0.0,5.0,0.0,0.0,0.0,1.0,0.0,4.0,0.0,1.21,0.0,0.0,0.0
JEC-J06,68.2,0.0,5.0,0.0,0.0,0.0,1.0,0.0,4.0,0.0,1.21,0.0,0.0,0.0
JEC-J06,69.3,1.0,5.0,0.0,0.0,0.0,1.0,0.0,4.0,0.0,1.21,0.0,0.0,0.0
JEC-J06,70.4,1.0,5.0,0.0,0.0,0.0,1.0,0.0,4.0,0.0,1.21,0.0,0.0,0.0
JEC-J06,71.5,1.0,5.0,0.0,0.0,0.0,1.0,0.0,4.0,0.0,1.21,0.0,0.0,0.0
JEC-J06,72.6,0.0,5.0,0.0,0.0,0.0,0.0,0.0,4.0,1.0,1.21,0.0,0.0,1.0
JEC-J06,73.7,0.0,5.0,0.0,0.0,0.0,0.0,0.0,4.0,1.0,1.21,0.0,0.0,1.0
JEC-J06,74.8,0.0,5.0,1.0,0.0,0.0,1.0,0.0,4.0,1.0,1.21,0.0,0.0,2.0
JEC-J06,75.9,0.0,5.0,1.0,0.0,0.0,1.0,0.0,4.0,1.0,1.21,0.0,0.0,2.0
JEC-J06,77.0,0.0,5.0,1.0,0.0,0.0,1.0,0.0,4.0,1.0,1.21,0.0,0.0,0.0
JEC-J06,78.1,0.0,5.0,0.0,0.0,0.0,1.0,0.0,3.0,1.0,1.21,0.0,0.0,0.0
JEC-J06,79.2,1.0,5.0,0.0,0.0,0.0,1.0,0.0,3.0,1.0,1.21,0.0,0.0,0.0
JEC-J06,80.3,1.0,5.0,0.0,0.0,0.0,1.0,0.0,3.0,1.0,1.21,0.0,0.0,0.0
JEC-J06,81.4,1.0,5.0,0.0,0.0,0.0,1.0,0.0,3.0,1.0,1.21,0.0,0.0,0.0
JEC-J06,82.5,0.0,5.0,0.0,0.0,0.0,0.0,0.0,3.0,2.0,1.21,0.0,0.0,1.0
JEC-J06,83.6,0.0,5.0,0.0,0.0,0.0,0.0,0.0,3.0,1.0,1.21,0.0,0.0,1.0
JEC-J06,84.7,0.0,5.0,1.0,0.0,0.0,0.0,0.0,3.0,1.0,1.21,0.0,0.0,2.0
JEC-J06,85.8,0.0,5.0,1.0,0.0,0.0,0.0,0.0,3.0,1.0,1.21,0.0,0.0,0.0
JEC-J06,86.9,0.0,5.0,1.0,0.0,0.0,0.0,0.0,3.0,1.0,1.21,0.0,0.0,0.0
JEC-J06,88.0,0.0,5.0,0.0,0.0,0.0,0.0,0.0,3.0,1.0,1.21,0.0,0.0,0.0
JEC-J06,89.1,0.0,5.0,0.0,0.0,0.0,0.0,0.0,3.0,1.0,1.21,0.0,0.0,0.0
JEC-J06,90.2,0.0,5.0,0.0,0.0,0.0,0.0,0.0,3.0,1.0,1.21,0.0,0.0,0.0
JEC-J06,91.3,0.0,5.0,0.0,0.0,0.0,0.0,0.0,3.0,1.0,1.21,0.0,0.0,0.0
JEC-J06,92.4,0.0,5.0,0.0,0.0,0.0,0.0,0.0,3.0,0.0,1.21,0.0,0.0,0.0
JEC-J06,93.5,0.0,5.0,0.0,0.0,0.0,0.0,0.0,3.0,0.0,1.21,0.0,0.0,0.0
JEC-J06,94.6,0.0,5.0,0.0,0.0,0.0,0.0,0.0,4.0,0.0,1.21,0.0,0.0,0.0
JEC-J06,95.7,0.0,5.0,0.0,0.0,0.0,0.0,0.0,3.0,0.0,1.21,0.0,0.0,0.0
JEC-J06,96.8,0.0,5.0,0.0,0.0,0.0,0.0,0.0,3.0,0.0,1.21,0.0,0.0,0.0
JEC-J06,97.9,0.0,5.0,0.0,0.0,0.0,0.0,0.0,3.0,0.0,1.21,0.0,0.0,0.0
JEC-J06,99.0,0.0,5.0,0.0,0.0,0.0,0.0,0.0,3.0,0.0,1.21,0.0,0.0,0.0
JEC-J06,100.1,0.0,5.0,0.0,0.0,0.0,1.0,0.0,3.0,0.0,1.21,0.0,0.0,0.0
JEC-J06,101.2,0.0,5.0,0.0,0.0,0.0,1.0,0.0,3.0,0.0,1.21,0.0,0.0,0.0
JEC-J06,102.3,0.0,5.0,0.0,0.0,0.0,1.0,0.0,3.0,0.0,1.21,0.0,0.0,0.0
JEC-J06,103.4,0.0,5.0,0.0,0.0,0.0,1.0,0.0,3.0,0.0,1.21,0.0,0.0,0.0
JEC-J06,104.5,0.0,5.0,0.0,0.0,0.0,1.0,0.0,3.0,0.0,1.21,0.0,0.0,0.0
JEC-J06,105.6,0.0,5.0,0.0,0.0,0.0,1.0,0.0,2.0,0.0,1.21,0.0,0.0,0.0
JEC-J06,106.7,0.0,5.0,0.0,0.0,0.0,1.0,0.0,3.0,0.0,1.21,0.0,0.0,0.0
JEC-J06,107.8,0.0,5.0,0.0,0.0,0.0,1.0,0.0,3.0,0.0,1.21,0.0,0.0,0.0
JEC-J06,108.9,0.0,5.0,0.0,0.0,0.0,0.0,0.0,3.0,1.0,1.21,0.0,0.0,0.0
JEC-J06,110.0,1.0,5.0,0.0,0.0,0.0,0.0,0.0,3.0,1.0,1.21,0.0,0.0,0.0
JEC-J06,111.1,1.0,5.0,0.0,0.0,0.0,0.0,0.0,3.0,1.0,1.21,0.0,0.0,0.0
JEC-J06,112.2,1.0,5.0,0.0,0.0,0.0,0.0,0.0,3.0,1.0,1.21,0.0,0.0,0.0
JEC-J06,113.3,0.0,5.0,0.0,0.0,0.0,0.0,0.0,3.0,1.0,1.21,0.0,0.0,1.0
JEC-J06,114.4,0.0,5.0,0.0,0.0,0.0,0.0,0.0,3.0,1.0,1.21,0.0,0.0,1.0
JEC-J06,115.5,0.0,5.0,1.0,0.0,0.0,0.0,0.0,3.0,1.0,1.0,0.0,0.0,2.0
JEC-J06,116.6,0.0,5.0,1.0,0.0,0.0,1.0,0.0,3.0,1.0,1.0,0.0,0.0,0.0
JEC-J06,117.7,0.0,5.0,1.0,0.0,0.0,1.0,0.0,3.0,1.0,1.0,0.0,0.0,0.0
JEC-J06,118.8,0.0,5.0,0.0,0.0,0.0,1.0,0.0,3.0,1.0,1.0,0.0,0.0,0.0
JEC-J06,119.9,0.0,5.0,0.0,0.0,0.0,1.0,0.0,4.0,1.0,1.0,0.0,0.0,0.0
JEC-J06,121.0,0.0,5.0,0.0,0.0,0.0,1.0,0.0,4.0,0.0,1.07,0.0,0.0,0.0
JEC-J06,122.1,0.0,5.0,0.0,0.0,0.0,1.0,0.0,4.0,0.0,1.07,0.0,0.0,0.0
JEC-J06,123.2,1.0,5.0,0.0,0.0,0.0,1.0,0.0,4.0,0.0,1.07,0.0,0.0,0.0
JEC-J06,124.3,1.0,5.0,0.0,0.0,0.0,0.0,0.0,4.0,1.0,1.07,0.0,0.0,0.0
JEC-J06,125.4,1.0,5.0,0.0,0.0,0.0,1.0,0.0,4.0,1.0,1.07,0.0,0.0,0.0
JEC-J06,126.5,1.0,5.0,0.0,0.0,0.0,1.0,0.0,4.0,1.0,1.07,0.0,0.0,1.0
JEC-J06,127.6,0.0,5.0,0.0,0.0,0.0,1.0,0.0,4.0,1.0,1.07,0.0,0.0,1.0
JEC-J06,128.7,0.0,5.0,1.0,0.0,0.0,1.0,0.0,4.0,1.0,1.07,0.0,0.0,2.0
JEC-J06,129.8,0.0,5.0,1.0,0.0,0.0,1.0,0.0,4.0,1.0,1.07,0.0,0.0,0.0
JEC-J06,130.9,0.0,5.0,1.0,0.0,0.0,1.0,0.0,4.0,1.0,1.07,0.0,0.0,0.0
JEC-J06,132.0,1.0,5.0,1.0,0.0,0.0,1.0,0.0,4.0,1.0,1.07,0.0,0.0,0.0
JEC-J06,133.1,1.0,5.0,0.0,0.0,0.0,0.0,0.0,4.0,2.0,1.07,0.0,0.0,0.0
JEC-J06,134.2,1.0,5.0,0.0,0.0,0.0,1.0,0.0,4.0,1.0,1.07,0.0,0.0,0.0
JEC-J06,135.3,1.0,5.0,0.0,0.0,0.0,1.0,0.0,4.0,1.0,1.07,0.0,0.0,1.0
JEC-J06,136.4,0.0,5.0,0.0,0.0,0.0,1.0,0.0,4.0,1.0,1.07,0.0,0.0,1.0
JEC-J06,137.5,0.0,5.0,1.0,0.0,0.0,1.0,0.0,4.0,1.0,1.07,0.0,0.0,2.0
JEC-J06,138.6,0.0,5.0,1.0,0.0,0.0,1.0,0.0,4.0,1.0,1.07,0.0,0.0,2.0
JEC-J06,139.7,0.0,5.0,1.0,0.0,0.0,1.0,0.0,4.0,1.0,1.07,0.0,0.0,0.0
JEC-J06,140.8,1.0,5.0,1.0,0.0,0.0,1.0,0.0,4.0,1.0,1.07,0.0,0.0,0.0
JEC-J06,141.9,1.0,5.0,0.0,0.0,0.0,1.0,0.0,4.0,1.0,1.07,0.0,0.0,0.0
JEC-J06,143.0,1.0,5.0,0.0,0.0,0.0,1.0,0.0,4.0,1.0,1.07,0.0,0.0,0.0
JEC-J06,144.1,0.0,5.0,0.0,0.0,0.0,0.0,0.0,4.0,2.0,1.07,0.0,0.0,1.0
JEC-J06,145.2,1.0,5.0,0.0,0.0,0.0,0.0,0.0,4.0,2.0,1.07,0.0,0.0,1.0
JEC-J06,146.3,0.0,5.0,1.0,0.0,0.0,0.0,0.0,4.0,2.0,1.07,0.0,0.0,2.0
JEC-J06,147.4,0.0,5.0,1.0,0.0,0.0,0.0,0.0,4.0,2.0,1.07,0.0,0.0,2.0
JEC-J06,148.5,0.0,5.0,1.0,0.0,0.0,0.0,0.0,4.0,2.0,1.07,0.0,0.0,0.0
JEC-J06,149.6,0.0,5.0,0.0,0.0,0.0,0.0,0.0,4.0,2.0,1.07,0.0,0.0,1.0
JEC-J06,150.7,0.0,5.0,1.0,0.0,0.0,0.0,0.0,4.0,2.0,1.07,0.0,0.0,2.0
JEC-J06,151.8,0.0,5.0,0.0,0.0,0.0,0.0,0.0,4.0,2.0,1.07,0.0,0.0,2.0
JEC-J06,152.9,0.0,5.0,0.0,0.0,0.0,0.0,0.0,4.0,2.0,1.07,0.0,0.0,2.0
JEC-J06,154.0,0.0,5.0,0.0,0.0,0.0,1.0,0.0,4.0,1.0,1.07,0.0,0.0,2.0
JEC-J06,155.1,0.0,5.0,0.0,0.0,0.0,1.0,0.0,4.0,0.0,1.07,0.0,0.0,2.0
JEC-J06,156.2,0.0,5.0,0.0,0.0,0.0,1.0,0.0,4.0,0.0,1.07,0.0,0.0,1.0
JEC-J06,157.3,0.0,5.0,0.0,0.0,0.0,1.0,0.0,4.0,0.0,1.07,0.0,0.0,0.0
JEC-J06,158.4,0.0,5.0,0.0,0.0,0.0,1.0,0.0,4.0,0.0,1.07,0.0,0.0,0.0
JEC-J06,159.5,0.0,5.0,0.0,0.0,0.0,1.0,0.0,4.0,0.0,1.07,0.0,0.0,0.0
JEC-J06,160.6,0.0,5.0,0.0,0.0,0.0,1.0,0.0,4.0,0.0,1.07,0.0,0.0,0.0
JEC-J06,161.7,0.0,5.0,0.0,0.0,0.0,1.0,0.0,4.0,0.0,1.07,0.0,0.0,0.0
JEC-J06,162.8,0.0,5.0,0.0,0.0,0.0,1.0,0.0,4.0,0.0,1.07,0.0,0.0,0.0
JEC-J06,163.9,0.0,5.0,0.0,0.0,0.0,1.0,0.0,4.0,0.0,1.07,0.0,0.0,0.0
JEC-J06,165.0,0.0,5.0,0.0,0.0,0.0,1.0,0.0,4.0,0.0,1.07,0.0,0.0,0.0
JEC-J06,166.1,0.0,5.0,0.0,0.0,0.0,1.0,0.0,4.0,0.0,1.07,0.0,0.0,0.0
JEC-J06,167.2,0.0,5.0,0.0,0.0,0.0,1.0,0.0,3.0,0.0,1.07,0.0,0.0,0.0
JEC-J06,168.3,0.0,5.0,0.0,0.0,0.0,1.0,0.0,3.0,0.0,1.07,0.0,0.0,0.0
JEC-J06,169.4,0.0,5.0,0.0,0.0,0.0,1.0,0.0,3.0,0.0,1.07,0.0,0.0,0.0
JEC-J06,170.5,0.0,5.0,0.0,0.0,0.0,1.0,0.0,3.0,0.0,1.0,0.0,0.0,0.0
JEC-J06,171.6,0.0,5.0,0.0,0.0,0.0,1.0,0.0,3.0,0.0,1.0,0.0,0.0,0.0
JEC-J06,172.7,0.0,5.0,0.0,0.0,0.0,1.0,0.0,3.0,0.0,1.0,0.0,0.0,0.0
JEC-J06,173.8,0.0,5.0,0.0,0.0,0.0,1.0,0.0,3.0,0.0,1.0,0.0,0.0,0.0
JEC-J06,174.9,0.0,5.0,0.0,0.0,0.0,1.0,0.0,3.0,0.0,1.0,0.0,0.0,0.0
JEC-J06,176.0,0.0,5.0,0.0,0.0,0.0,1.0,0.0,4.0,0.0,1.0,0.0,0.0,0.0
JEC-J06,177.1,0.0,5.0,0.0,0.0,0.0,1.0,0.0,4.0,0.0,1.0,0.0,0.0,0.0
JEC-J06,178.2,0.0,5.0,0.0,0.0,0.0,1.0,0.0,4.0,0.0,1.0,0.0,0.0,0.0
JEC-J06,179.3,0.0,5.0,0.0,0.0,0.0,1.0,0.0,4.0,0.0,1.0,0.0,0.0,0.0
JEC-J06,180.4,0.0,5.0,0.0,0.0,0.0,1.0,0.0,4.0,0.0,1.0,0.0,0.0,0.0
JEC-J06,181.5,0.0,5.0,0.0,0.0,0.0,2.0,0.0,4.0,0.0,1.0,0.0,0.0,0.0
JEC-J06,182.6,0.0,5.0,0.0,0.0,0.0,2.0,0.0,4.0,0.0,1.0,0.0,0.0,0.0
JEC-J06,183.7,0.0,5.0,0.0,0.0,0.0,2.0,0.0,4.0,0.0,1.0,0.0,0.0,0.0
JEC-J06,184.8,0.0,5.0,0.0,0.0,0.0,2.0,0.0,4.0,0.0,1.0,0.0,0.0,0.0
JEC-J06,185.9,0.0,5.0,0.0,0.0,0.0,2.0,0.0,4.0,0.0,1.0,0.0,0.0,0.0
JEC-J06,187.0,0.0,5.0,0.0,0.0,0.0,2.0,0.0,4.0,0.0,1.0,0.0,0.0,0.0
JEC-J06,188.1,1.0,5.0,0.0,0.0,0.0,2.0,0.0,4.0,0.0,1.0,0.0,0.0,0.0
JEC-J06,189.2,1.0,5.0,0.0,0.0,0.0,1.0,0.0,4.0,1.0,1.0,0.0,0.0,0.0
JEC-J06,190.3,1.0,5.0,0.0,0.0,0.0,1.0,0.0,4.0,1.0,1.0,0.0,0.0,0.0
JEC-J06,191.4,1.0,5.0,0.0,0.0,0.0,1.0,0.0,4.0,1.0,1.0,0.0,0.0,1.0
JEC-J06,192.5,0.0,5.0,0.0,0.0,0.0,1.0,0.0,4.0,1.0,1.0,0.0,0.0,1.0
JEC-J06,193.6,0.0,5.0,1.0,0.0,0.0,1.0,0.0,4.0,1.0,1.0,0.0,0.0,2.0
JEC-J19,1.1,0.0,5.0,0.0,0.0,0.0,0.0,0.0,3.0,0.0,1.3,0.0,0.0,0.0
JEC-J19,2.2,0.0,5.0,0.0,0.0,0.0,0.0,0.0,3.0,0.0,1.3,0.0,0.0,0.0
JEC-J19,3.3,0.0,5.0,0.0,0.0,0.0,0.0,0.0,3.0,0.0,1.3,0.0,0.0,0.0
JEC-J19,4.4,0.0,5.0,0.0,0.0,0.0,0.0,0.0,3.0,0.0,1.3,0.0,0.0,0.0
JEC-J19,5.5,0.0,5.0,0.0,0.0,0.0,0.0,0.0,3.0,0.0,1.3,0.0,0.0,0.0
JEC-J19,6.6,0.0,5.0,0.0,0.0,0.0,0.0,0.0,3.0,0.0,1.3,0.0,0.0,0.0
JEC-J19,7.7,0.0,5.0,0.0,0.0,0.0,0.0,0.0,3.0,0.0,1.3,0.0,0.0,0.0
JEC-J19,8.8,0.0,5.0,0.0,0.0,0.0,0.0,0.0,3.0,0.0,1.3,0.0,0.0,0.0
JEC-J19,9.9,0.0,5.0,0.0,0.0,0.0,0.0,0.0,3.0,0.0,1.3,0.0,0.0,0.0
JEC-J19,11.0,0.0,5.0,0.0,0.0,0.0,0.0,0.0,3.0,0.0,1.3,0.0,0.0,0.0
JEC-J19,12.1,0.0,5.0,0.0,0.0,0.0,0.0,0.0,3.0,0.0,1.3,0.0,0.0,0.0
JEC-J19,13.2,0.0,5.0,0.0,0.0,0.0,0.0,0.0,4.0,0.0,1.3,0.0,0.0,0.0
JEC-J19,14.3,0.0,5.0,0.0,0.0,0.0,0.0,0.0,4.0,0.0,1.3,0.0,0.0,0.0
JEC-J19,15.4,0.0,5.0,0.0,0.0,0.0,0.0,0.0,4.0,0.0,1.3,0.0,0.0,0.0
JEC-J19,16.5,0.0,5.0,0.0,0.0,0.0,0.0,0.0,4.0,0.0,1.3,0.0,0.0,0.0
JEC-J19,17.6,0.0,5.0,0.0,0.0,0.0,0.0,0.0,4.0,0.0,1.3,0.0,0.0,0.0
JEC-J19,18.7,0.0,5.0,0.0,0.0,0.0,0.0,0.0,4.0,0.0,1.3,0.0,0.0,0.0
JEC-J19,19.8,0.0,5.0,0.0,0.0,0.0,0.0,0.0,5.0,0.0,1.3,0.0,0.0,0.0
JEC-J19,20.9,0.0,5.0,0.0,0.0,0.0,0.0,0.0,5.0,0.0,1.3,0.0,0.0,0.0
JEC-J19,22.0,0.0,5.0,0.0,0.0,0.0,0.0,0.0,6.0,0.0,1.3,0.0,0.0,0.0
JEC-J19,23.1,0.0,5.0,0.0,0.0,0.0,0.0,0.0,6.0,0.0,1.3,0.0,0.0,0.0
JEC-J19,24.2,0.0,5.0,0.0,0.0,0.0,0.0,0.0,6.0,0.0,1.3,0.0,0.0,0.0
JEC-J19,25.3,0.0,5.0,0.0,0.0,0.0,0.0,0.0,6.0,0.0,1.3,0.0,0.0,0.0
JEC-J19,26.4,0.0,5.0,0.0,0.0,0.0,0.0,0.0,6.0,0.0,1.3,0.0,0.0,0.0
JEC-J19,27.5,0.0,5.0,0.0,0.0,0.0,0.0,0.0,7.0,0.0,1.3,0.0,0.0,0.0
JEC-J19,28.6,0.0,5.0,0.0,0.0,0.0,0.0,0.0,7.0,0.0,1.3,0.0,0.0,0.0
JEC-J19,29.7,0.0,5.0,0.0,0.0,0.0,0.0,0.0,7.0,0.0,1.3,0.0,0.0,0.0
JEC-J19,30.8,0.0,5.0,0.0,0.0,0.0,0.0,0.0,7.0,0.0,1.3,0.0,0.0,0.0
JEC-J19,31.9,0.0,5.0,0.0,0.0,0.0,0.0,0.0,7.0,0.0,1.3,0.0,0.0,0.0
JEC-J19,33.0,0.0,5.0,0.0,0.0,0.0,0.0,0.0,7.0,0.0,1.3,0.0,0.0,0.0
JEC-J19,34.1,0.0,5.0,0.0,0.0,0.0,0.0,0.0,7.0,0.0,1.3,0.0,0.0,0.0
JEC-J19,35.2,0.0,5.0,0.0,0.0,0.0,0.0,0.0,7.0,0.0,1.3,0.0,0.0,0.0
JEC-J19,36.3,0.0,5.0,0.0,0.0,0.0,0.0,0.0,7.0,0.0,1.3,0.0,0.0,0.0
JEC-J19,37.4,0.0,5.0,0.0,0.0,0.0,0.0,0.0,7.0,0.0,1.3,0.0,0.0,0.0
JEC-J19,38.5,0.0,5.0,0.0,0.0,0.0,0.0,0.0,7.0,0.0,1.3,0.0,0.0,0.0
JEC-J19,39.6,0.0,5.0,0.0,0.0,0.0,0.0,0.0,7.0,0.0,1.3,0.0,0.0,0.0
JEC-J19,40.7,0.0,5.0,0.0,0.0,0.0,0.0,0.0,8.0,0.0,1.3,0.0,0.0,0.0
JEC-J19,41.8,0.0,5.0,0.0,0.0,0.0,0.0,0.0,8.0,0.0,1.3,0.0,0.0,0.0
JEC-J19,42.9,0.0,5.0,0.0,0.0,0.0,0.0,0.0,8.0,0.0,1.3,0.0,0.0,0.0
JEC-J19,44.0,0.0,5.0,0.0,0.0,0.0,0.0,0.0,8.0,0.0,1.3,0.0,0.0,0.0
JEC-J19,45.1,0.0,5.0,0.0,0.0,0.0,1.0,0.0,9.0,0.0,1.3,0.0,0.0,0.0
JEC-J19,46.2,0.0,5.0,0.0,0.0,0.0,1.0,0.0,9.0,0.0,1.3,0.0,0.0,0.0
JEC-J19,47.3,0.0,5.0,0.0,0.0,0.0,1.0,0.0,9.0,0.0,1.3,0.0,0.0,0.0
JEC-J19,48.4,0.0,5.0,0.0,0.0,0.0,1.0,0.0,9.0,0.0,1.3,0.0,0.0,0.0
JEC-J19,49.5,0.0,5.0,0.0,0.0,0.0,1.0,0.0,9.0,0.0,1.3,0.0,0.0,0.0
JEC-J19,50.6,0.0,5.0,0.0,0.0,0.0,1.0,0.0,9.0,0.0,1.0,0.0,0.0,0.0
JEC-J19,51.7,0.0,5.0,0.0,0.0,0.0,1.0,0.0,9.0,0.0,1.0,0.0,0.0,0.0
JEC-J19,52.8,0.0,5.0,0.0,0.0,0.0,1.0,0.0,9.0,0.0,1.0,0.0,0.0,0.0
JEC-J19,53.9,0.0,5.0,0.0,0.0,0.0,1.0,0.0,9.0,0.0,1.0,0.0,0.0,0.0
JEC-J19,55.0,0.0,5.0,0.0,0.0,0.0,1.0,0.0,9.0,0.0,1.0,0.0,0.0,0.0
JEC-J19,56.1,1.0,5.0,0.0,0.0,0.0,0.0,0.0,9.0,1.0,1.21,0.0,0.0,0.0
JEC-J19,57.2,1.0,5.0,0.0,0.0,0.0,0.0,0.0,9.0,1.0,1.21,0.0,0.0,0.0
JEC-J19,58.3,1.0,5.0,0.0,0.0,0.0,0.0,0.0,9.0,1.0,1.21,0.0,0.0,0.0
JEC-J19,59.4,0.0,5.0,0.0,0.0,0.0,0.0,0.0,9.0,1.0,1.21,0.0,0.0,1.0
JEC-J19,60.5,0.0,5.0,0.0,0.0,0.0,0.0,0.0,9.0,1.0,1.21,0.0,0.0,1.0
JEC-J19,61.6,0.0,5.0,1.0,0.0,0.0,0.0,0.0,9.0,1.0,1.21,0.0,0.0,2.0
JEC-J19,62.7,0.0,5.0,1.0,0.0,0.0,0.0,0.0,9.0,1.0,1.21,0.0,0.0,0.0
JEC-J19,63.8,0.0,5.0,1.0,0.0,0.0,0.0,0.0,9.0,1.0,1.21,0.0,0.0,0.0
JEC-J19,64.9,0.0,5.0,0.0,0.0,0.0,0.0,0.0,9.0,1.0,1.21,0.0,0.0,0.0
JEC-J19,66.0,0.0,5.0,0.0,0.0,0.0,0.0,0.0,9.0,1.0,1.21,0.0,0.0,0.0
JEC-J19,67.1,0.0,5.0,0.0,0.0,0.0,0.0,0.0,8.0,1.0,1.21,0.0,0.0,0.0
JEC-J19,68.2,0.0,5.0,0.0,0.0,0.0,0.0,0.0,8.0,1.0,1.21,0.0,0.0,0.0
JEC-J19,69.3,0.0,5.0,0.0,0.0,0.0,0.0,0.0,8.0,0.0,1.21,0.0,0.0,0.0
JEC-J19,70.4,0.0,5.0,0.0,0.0,0.0,0.0,0.0,8.0,0.0,1.21,0.0,0.0,0.0
JEC-J19,71.5,0.0,5.0,0.0,0.0,0.0,0.0,0.0,8.0,0.0,1.21,0.0,0.0,0.0
JEC-J19,72.6,0.0,5.0,0.0,0.0,0.0,0.0,0.0,8.0,0.0,1.21,0.0,0.0,0.0
JEC-J19,73.7,0.0,5.0,0.0,0.0,0.0,0.0,0.0,8.0,0.0,1.21,0.0,0.0,0.0
JEC-J19,74.8,0.0,5.0,0.0,0.0,0.0,0.0,0.0,8.0,0.0,1.21,0.0,0.0,0.0
JEC-J19,75.9,0.0,5.0,0.0,0.0,0.0,0.0,0.0,8.0,0.0,1.21,0.0,0.0,0.0
JEC-J19,77.0,0.0,5.0,0.0,0.0,0.0,0.0,0.0,8.0,0.0,1.21,0.0,0.0,0.0
JEC-J19,78.1,0.0,5.0,0.0,0.0,0.0,0.0,0.0,8.0,0.0,1.21,0.0,0.0,0.0
JEC-J19,79.2,0.0,5.0,0.0,0.0,0.0,0.0,0.0,8.0,0.0,1.21,0.0,0.0,0.0
JEC-J19,80.3,0.0,5.0,0.0,0.0,0.0,0.0,0.0,8.0,0.0,1.21,0.0,0.0,0.0
JEC-J19,81.4,0.0,5.0,0.0,0.0,0.0,0.0,0.0,8.0,0.0,1.21,0.0,0.0,0.0
JEC-J19,82.5,0.0,5.0,0.0,0.0,0.0,0.0,0.0,7.0,0.0,1.21,0.0,0.0,0.0
JEC-J19,83.6,0.0,5.0,0.0,0.0,0.0,0.0,0.0,7.0,0.0,1.21,0.0,0.0,0.0
JEC-J19,84.7,0.0,5.0,0.0,0.0,0.0,0.0,0.0,7.0,0.0,1.21,0.0,0.0,0.0
JEC-J19,85.8,0.0,5.0,0.0,0.0,0.0,0.0,0.0,7.0,0.0,1.21,0.0,0.0,0.0
JEC-J19,86.9,0.0,5.0,0.0,0.0,0.0,0.0,0.0,7.0,0.0,1.21,0.0,0.0,0.0
JEC-J19,88.0,0.0,5.0,0.0,0.0,0.0,0.0,0.0,7.0,0.0,1.21,0.0,0.0,0.0
JEC-J19,89.1,0.0,5.0,0.0,0.0,0.0,0.0,0.0,8.0,0.0,1.21,0.0,0.0,0.0
JEC-J19,90.2,0.0,5.0,0.0,0.0,0.0,0.0,0.0,8.0,0.0,1.21,0.0,0.0,0.0
JEC-J19,91.3,0.0,5.0,0.0,0.0,0.0,0.0,0.0,8.0,0.0,1.21,0.0,0.0,0.0
JEC-J19,92.4,0.0,5.0,0.0,0.0,0.0,0.0,0.0,8.0,0.0,1.21,0.0,0.0,0.0
JEC-J19,93.5,0.0,5.0,0.0,0.0,0.0,0.0,0.0,7.0,0.0,1.21,0.0,0.0,0.0
JEC-J19,94.6,0.0,5.0,0.0,0.0,0.0,1.0,0.0,7.0,0.0,1.21,0.0,0.0,0.0
JEC-J19,95.7,0.0,5.0,0.0,0.0,0.0,1.0,0.0,7.0,0.0,1.21,0.0,0.0,0.0
JEC-J19,96.8,0.0,5.0,0.0,0.0,0.0,1.0,0.0,7.0,0.0,1.21,0.0,0.0,0.0
JEC-J19,97.9,0.0,5.0,0.0,0.0,0.0,1.0,0.0,7.0,0.0,1.21,0.0,0.0,0.0
JEC-J19,99.0,0.0,5.0,0.0,0.0,0.0,1.0,0.0,7.0,0.0,1.21,0.0,0.0,0.0
JEC-J19,100.1,0.0,5.0,0.0,0.0,0.0,1.0,0.0,7.0,0.0,1.21,0.0,0.0,0.0
JEC-J19,101.2,1.0,5.0,0.0,0.0,0.0,1.0,0.0,7.0,0.0,1.21,0.0,0.0,0.0
JEC-J19,102.3,1.0,5.0,0.0,0.0,0.0,1.0,0.0,6.0,0.0,1.21,0.0,0.0,0.0
JEC-J19,103.4,1.0,5.0,0.0,0.0,0.0,0.0,0.0,6.0,1.0,1.21,0.0,0.0,0.0
JEC-J19,104.5,0.0,5.0,0.0,0.0,0.0,0.0,0.0,6.0,1.0,1.21,0.0,0.0,0.0
JEC-J19,105.6,0.0,5.0,0.0,0.0,0.0,0.0,0.0,6.0,1.0,1.21,0.0,0.0,1.0
JEC-J19,106.7,0.0,5.0,1.0,0.0,0.0,0.0,0.0,6.0,1.0,1.21,0.0,0.0,1.0
JEC-J19,107.8,0.0,5.0,1.0,0.0,0.0,0.0,0.0,6.0,1.0,1.21,0.0,0.0,2.0
JEC-J19,108.9,0.0,5.0,1.0,0.0,0.0,0.0,0.0,6.0,1.0,1.21,0.0,0.0,0.0
JEC-J19,110.0,0.0,5.0,0.0,0.0,0.0,0.0,0.0,6.0,1.0,1.21,0.0,0.0,0.0
JEC-J19,111.1,0.0,5.0,0.0,0.0,0.0,0.0,0.0,6.0,1.0,1.21,0.0,0.0,0.0
JEC-J19,112.2,0.0,5.0,0.0,0.0,0.0,0.0,0.0,6.0,1.0,1.21,0.0,0.0,0.0
JEC-J19,113.3,0.0,5.0,0.0,0.0,0.0,0.0,0.0,6.0,1.0,1.21,0.0,0.0,0.0
JEC-J19,114.4,0.0,5.0,0.0,0.0,0.0,0.0,0.0,6.0,1.0,1.21,0.0,0.0,0.0
JEC-J19,115.5,0.0,5.0,0.0,0.0,0.0,0.0,0.0,6.0,1.0,1.0,0.0,0.0,0.0
JEC-J19,116.6,0.0,5.0,0.0,0.0,0.0,0.0,0.0,6.0,0.0,1.0,0.0,0.0,0.0
JEC-J19,117.7,0.0,5.0,0.0,0.0,0.0,0.0,0.0,6.0,0.0,1.0,0.0,0.0,0.0
JEC-J19,118.8,0.0,5.0,0.0,0.0,0.0,0.0,0.0,6.0,0.0,1.0,0.0,0.0,0.0
JEC-J19,119.9,0.0,5.0,0.0,0.0,0.0,0.0,0.0,7.0,0.0,1.0,0.0,0.0,0.0
JEC-J19,121.0,0.0,5.0,0.0,0.0,0.0,0.0,0.0,7.0,0.0,1.07,0.0,0.0,0.0
JEC-J19,122.1,0.0,5.0,0.0,0.0,0.0,0.0,0.0,7.0,0.0,1.07,0.0,0.0,0.0
JEC-J19,123.2,0.0,5.0,0.0,0.0,0.0,0.0,0.0,7.0,0.0,1.07,0.0,0.0,0.0
JEC-J19,124.3,0.0,5.0,0.0,0.0,0.0,0.0,0.0,7.0,0.0,1.07,0.0,0.0,0.0
JEC-J19,125.4,0.0,5.0,0.0,0.0,0.0,0.0,0.0,7.0,0.0,1.07,0.0,0.0,0.0
JEC-J19,126.5,0.0,5.0,0.0,0.0,0.0,0.0,0.0,8.0,0.0,1.07,0.0,0.0,0.0
JEC-J19,127.6,0.0,5.0,0.0,0.0,0.0,0.0,0.0,8.0,0.0,1.07,0.0,0.0,0.0
JEC-J19,128.7,0.0,5.0,0.0,0.0,0.0,0.0,0.0,9.0,0.0,1.07,0.0,0.0,0.0
JEC-J19,129.8,0.0,5.0,0.0,0.0,0.0,0.0,0.0,9.0,0.0,1.07,0.0,0.0,0.0
JEC-J19,130.9,0.0,5.0,0.0,0.0,0.0,0.0,0.0,9.0,0.0,1.07,0.0,0.0,0.0
JEC-J19,132.0,0.0,5.0,0.0,0.0,0.0,0.0,0.0,10.0,0.0,1.07,0.0,0.0,0.0
JEC-J19,133.1,0.0,5.0,0.0,0.0,0.0,0.0,0.0,10.0,0.0,1.07,0.0,0.0,0.0
JEC-J19,134.2,0.0,5.0,0.0,0.0,0.0,0.0,0.0,10.0,0.0,1.07,0.0,0.0,0.0
JEC-J19,135.3,0.0,5.0,0.0,0.0,0.0,0.0,0.0,10.0,0.0,1.07,0.0,0.0,0.0
JEC-J19,136.4,0.0,5.0,0.0,0.0,0.0,0.0,0.0,10.0,0.0,1.07,0.0,0.0,0.0
JEC-J19,137.5,0.0,5.0,0.0,0.0,0.0,0.0,0.0,10.0,0.0,1.07,0.0,0.0,0.0
JEC-J19,138.6,0.0,5.0,0.0,0.0,0.0,0.0,0.0,10.0,0.0,1.07,0.0,0.0,0.0
JEC-J19,139.7,0.0,5.0,0.0,0.0,0.0,0.0,0.0,10.0,0.0,1.07,0.0,0.0,0.0
JEC-J19,140.8,0.0,5.0,0.0,0.0,0.0,0.0,0.0,10.0,0.0,1.07,0.0,0.0,0.0
JEC-J19,141.9,0.0,5.0,0.0,0.0,0.0,0.0,0.0,10.0,0.0,1.07,0.0,0.0,0.0
JEC-J19,143.0,0.0,5.0,0.0,0.0,0.0,0.0,0.0,10.0,0.0,1.07,0.0,0.0,0.0
JEC-J19,144.1,0.0,5.0,0.0,0.0,0.0,0.0,0.0,10.0,0.0,1.07,0.0,0.0,0.0
JEC-J19,145.2,0.0,5.0,0.0,0.0,0.0,0.0,0.0,10.0,0.0,1.07,0.0,0.0,0.0
JEC-J19,146.3,0.0,5.0,0.0,0.0,0.0,0.0,0.0,10.0,0.0,1.07,0.0,0.0,0.0
JEC-J19,147.4,0.0,5.0,0.0,0.0,0.0,0.0,0.0,10.0,0.0,1.07,0.0,0.0,0.0
JEC-J19,148.5,0.0,5.0,0.0,0.0,0.0,0.0,0.0,10.0,0.0,1.07,0.0,0.0,0.0
JEC-J19,149.6,0.0,5.0,0.0,0.0,0.0,0.0,0.0,10.0,0.0,1.07,0.0,0.0,0.0
JEC-J19,150.7,0.0,5.0,0.0,0.0,0.0,0.0,0.0,10.0,0.0,1.07,0.0,0.0,0.0
JEC-J19,151.8,0.0,5.0,0.0,0.0,0.0,0.0,0.0,10.0,0.0,1.07,0.0,0.0,0.0
JEC-J19,152.9,0.0,5.0,0.0,0.0,0.0,0.0,0.0,10.0,0.0,1.07,0.0,0.0,0.0
JEC-J19,154.0,0.0,5.0,0.0,0.0,0.0,0.0,0.0,10.0,0.0,1.07,0.0,0.0,0.0
JEC-J19,155.1,0.0,5.0,0.0,0.0,0.0,0.0,0.0,10.0,0.0,1.07,0.0,0.0,0.0
JEC-J19,156.2,0.0,5.0,0.0,0.0,0.0,0.0,0.0,10.0,0.0,1.07,0.0,0.0,0.0
JEC-J19,157.3,0.0,5.0,0.0,0.0,0.0,0.0,0.0,10.0,0.0,1.07,0.0,0.0,0.0
JEC-J19,158.4,0.0,5.0,0.0,0.0,0.0,0.0,0.0,10.0,0.0,1.07,0.0,0.0,0.0
JEC-J19,159.5,0.0,5.0,0.0,0.0,0.0,0.0,0.0,10.0,0.0,1.07,0.0,0.0,0.0
JEC-J19,160.6,0.0,5.0,0.0,0.0,0.0,0.0,0.0,10.0,0.0,1.07,0.0,0.0,0.0
JEC-J19,161.7,0.0,5.0,0.0,0.0,0.0,0.0,0.0,10.0,0.0,1.07,0.0,0.0,0.0
JEC-J19,162.8,0.0,5.0,0.0,0.0,0.0,0.0,0.0,10.0,0.0,1.07,0.0,0.0,0.0
JEC-J19,163.9,0.0,5.0,0.0,0.0,0.0,0.0,0.0,9.0,0.0,1.07,0.0,0.0,0.0
JEC-J19,165.0,0.0,5.0,0.0,0.0,0.0,0.0,0.0,9.0,0.0,1.07,0.0,0.0,0.0
JEC-J19,166.1,0.0,5.0,0.0,0.0,0.0,0.0,0.0,9.0,0.0,1.07,0.0,0.0,0.0
JEC-J19,167.2,0.0,5.0,0.0,0.0,0.0,0.0,0.0,9.0,0.0,1.07,0.0,0.0,0.0
JEC-J19,168.3,0.0,5.0,0.0,0.0,0.0,0.0,0.0,9.0,0.0,1.07,0.0,0.0,0.0
JEC-J19,169.4,0.0,5.0,0.0,0.0,0.0,0.0,0.0,9.0,0.0,1.07,0.0,0.0,0.0
JEC-J19,170.5,0.0,5.0,0.0,0.0,0.0,0.0,0.0,9.0,0.0,1.0,0.0,0.0,0.0
JEC-J19,171.6,0.0,5.0,0.0,0.0,0.0,0.0,0.0,9.0,0.0,1.0,0.0,0.0,0.0
JEC-J19,172.7,0.0,5.0,0.0,0.0,0.0,0.0,0.0,9.0,0.0,1.0,0.0,0.0,0.0
JEC-J19,173.8,0.0,5.0,0.0,0.0,0.0,0.0,0.0,9.0,0.0,1.0,0.0,0.0,0.0
JEC-J19,174.9,0.0,5.0,0.0,0.0,0.0,0.0,0.0,9.0,0.0,1.0,0.0,0.0,0.0
JEC-J19,176.0,0.0,5.0,0.0,0.0,0.0,0.0,0.0,9.0,0.0,1.0,0.0,0.0,0.0
JEC-J19,177.1,0.0,5.0,0.0,0.0,0.0,0.0,0.0,9.0,0.0,1.0,0.0,0.0,0.0
JEC-J19,178.2,0.0,5.0,0.0,0.0,0.0,0.0,0.0,9.0,0.0,1.0,0.0,0.0,0.0
JEC-J19,179.3,0.0,5.0,0.0,0.0,0.0,0.0,0.0,9.0,0.0,1.0,0.0,0.0,0.0
JEC-J19,180.4,0.0,5.0,0.0,0.0,0.0,0.0,0.0,9.0,0.0,1.0,0.0,0.0,0.0
JEC-J19,181.5,0.0,5.0,0.0,0.0,0.0,0.0,0.0,9.0,0.0,1.0,0.0,0.0,0.0
JEC-J19,182.6,0.0,5.0,0.0,0.0,0.0,0.0,0.0,9.0,0.0,1.0,0.0,0.0,0.0
JEC-J19,183.7,0.0,5.0,0.0,0.0,0.0,0.0,0.0,9.0,0.0,1.0,0.0,0.0,0.0
JEC-J19,184.8,0.0,5.0,0.0,0.0,0.0,0.0,0.0,10.0,0.0,1.0,0.0,0.0,0.0
JEC-J19,185.9,0.0,5.0,0.0,0.0,0.0,0.0,0.0,10.0,0.0,1.0,0.0,0.0,0.0
JEC-J19,187.0,0.0,5.0,0.0,0.0,0.0,0.0,0.0,10.0,0.0,1.0,0.0,0.0,0.0
JEC-J19,188.1,0.0,5.0,0.0,0.0,0.0,0.0,0.0,10.0,0.0,1.0,0.0,0.0,0.0
JEC-J19,189.2,0.0,5.0,0.0,0.0,0.0,0.0,0.0,10.0,0.0,1.0,0.0,0.0,0.0
JEC-J19,190.3,0.0,5.0,0.0,0.0,0.0,0.0,0.0,10.0,0.0,1.0,0.0,0.0,0.0
JEC-J19,191.4,0.0,5.0,0.0,0.0,0.0,0.0,0.0,10.0,0.0,1.0,0.0,0.0,0.0
JEC-J19,192.5,0.0,5.0,0.0,0.0,0.0,0.0,0.0,10.0,0.0,1.0,0.0,0.0,0.0
JEC-J19,193.6,0.0,5.0,0.0,0.0,0.0,0.0,0.0,10.0,0.0,1.0,0.0,0.0,0.0
JEC-J15,1.1,0.0,5.0,0.0,0.0,0.0,0.0,0.0,1.0,0.0,1.3,0.0,0.0,0.0
JEC-J15,2.2,0.0,5.0,0.0,0.0,0.0,0.0,0.0,1.0,0.0,1.3,0.0,0.0,0.0
JEC-J15,3.3,0.0,5.0,0.0,0.0,0.0,0.0,0.0,1.0,0.0,1.3,0.0,0.0,0.0
JEC-J15,4.4,0.0,5.0,0.0,0.0,0.0,0.0,0.0,1.0,0.0,1.3,0.0,0.0,0.0
JEC-J15,5.5,0.0,5.0,0.0,0.0,0.0,0.0,0.0,1.0,0.0,1.3,0.0,0.0,0.0
JEC-J15,6.6,0.0,5.0,0.0,0.0,0.0,0.0,0.0,1.0,0.0,1.3,0.0,0.0,0.0
JEC-J15,7.7,0.0,5.0,0.0,0.0,0.0,0.0,0.0,1.0,0.0,1.3,0.0,0.0,0.0
JEC-J15,8.8,0.0,5.0,0.0,0.0,0.0,0.0,0.0,1.0,0.0,1.3,0.0,0.0,0.0
JEC-J15,9.9,0.0,5.0,0.0,0.0,0.0,0.0,0.0,1.0,0.0,1.3,0.0,0.0,0.0
JEC-J15,11.0,0.0,5.0,0.0,0.0,0.0,0.0,0.0,1.0,0.0,1.3,0.0,0.0,0.0
JEC-J15,12.1,0.0,5.0,0.0,0.0,0.0,0.0,0.0,1.0,0.0,1.3,0.0,0.0,0.0
JEC-J15,13.2,0.0,5.0,0.0,0.0,0.0,0.0,0.0,1.0,0.0,1.3,0.0,0.0,0.0
JEC-J15,14.3,0.0,5.0,0.0,0.0,0.0,0.0,0.0,1.0,0.0,1.3,0.0,0.0,0.0
JEC-J15,15.4,0.0,5.0,0.0,0.0,0.0,0.0,0.0,3.0,0.0,1.3,0.0,0.0,0.0
JEC-J15,16.5,0.0,5.0,0.0,0.0,0.0,0.0,0.0,3.0,0.0,1.3,0.0,0.0,0.0
JEC-J15,17.6,0.0,5.0,0.0,0.0,0.0,0.0,0.0,3.0,0.0,1.3,0.0,0.0,0.0
JEC-J15,18.7,0.0,5.0,0.0,0.0,0.0,1.0,0.0,3.0,0.0,1.3,0.0,0.0,0.0
JEC-J15,19.8,0.0,5.0,0.0,0.0,0.0,1.0,0.0,4.0,0.0,1.3,0.0,0.0,0.0
JEC-J15,20.9,0.0,5.0,0.0,0.0,0.0,1.0,0.0,4.0,0.0,1.3,0.0,0.0,0.0
JEC-J15,22.0,0.0,5.0,0.0,0.0,0.0,1.0,0.0,4.0,0.0,1.3,0.0,0.0,0.0
JEC-J15,23.1,0.0,5.0,0.0,0.0,0.0,1.0,0.0,4.0,0.0,1.3,0.0,0.0,0.0
JEC-J15,24.2,0.0,5.0,0.0,0.0,0.0,2.0,0.0,4.0,0.0,1.3,0.0,0.0,0.0
JEC-J15,25.3,0.0,5.0,0.0,0.0,0.0,2.0,0.0,4.0,0.0,1.3,0.0,0.0,0.0
JEC-J15,26.4,1.0,5.0,0.0,0.0,0.0,2.0,0.0,5.0,0.0,1.3,0.0,0.0,0.0
JEC-J15,27.5,1.0,5.0,0.0,0.0,0.0,1.0,0.0,5.0,1.0,1.3,0.0,0.0,0.0
JEC-J15,28.6,1.0,5.0,0.0,0.0,0.0,1.0,0.0,5.0,1.0,1.3,0.0,0.0,0.0
JEC-J15,29.7,0.0,5.0,0.0,0.0,0.0,1.0,0.0,5.0,1.0,1.3,0.0,0.0,1.0
JEC-J15,30.8,0.0,5.0,0.0,0.0,0.0,1.0,0.0,5.0,1.0,1.3,0.0,0.0,1.0
JEC-J15,31.9,1.0,5.0,1.0,0.0,0.0,1.0,0.0,5.0,1.0,1.3,0.0,0.0,2.0
JEC-J15,33.0,1.0,5.0,1.0,0.0,0.0,1.0,0.0,5.0,1.0,1.3,0.0,0.0,1.0
JEC-J15,34.1,1.0,5.0,1.0,0.0,0.0,0.0,0.0,6.0,2.0,1.3,0.0,0.0,1.0
JEC-J15,35.2,1.0,5.0,0.0,0.0,0.0,0.0,0.0,6.0,2.0,1.3,0.0,0.0,1.0
JEC-J15,36.3,0.0,5.0,0.0,0.0,0.0,0.0,0.0,6.0,2.0,1.3,0.0,0.0,1.0
JEC-J15,37.4,0.0,5.0,1.0,0.0,0.0,1.0,0.0,6.0,1.0,1.3,0.0,0.0,2.0
JEC-J15,38.5,0.0,5.0,1.0,0.0,0.0,1.0,0.0,6.0,1.0,1.3,0.0,0.0,3.0
JEC-J15,39.6,0.0,5.0,1.0,0.0,0.0,1.0,0.0,6.0,1.0,1.3,0.0,0.0,0.0
JEC-J15,40.7,0.0,5.0,1.0,0.0,0.0,1.0,0.0,6.0,1.0,1.3,0.0,0.0,0.0
JEC-J15,41.8,0.0,5.0,0.0,0.0,0.0,1.0,0.0,6.0,1.0,1.3,0.0,0.0,0.0
JEC-J15,42.9,0.0,5.0,0.0,0.0,0.0,2.0,0.0,6.0,1.0,1.3,0.0,0.0,0.0
JEC-J15,44.0,0.0,5.0,0.0,0.0,0.0,2.0,0.0,6.0,0.0,1.3,0.0,0.0,0.0
JEC-J15,45.1,1.0,5.0,0.0,0.0,0.0,2.0,0.0,6.0,0.0,1.3,0.0,0.0,0.0
JEC-J15,46.2,1.0,5.0,0.0,0.0,0.0,1.0,0.0,6.0,1.0,1.3,0.0,0.0,0.0
JEC-J15,47.3,1.0,5.0,0.0,0.0,0.0,1.0,0.0,6.0,1.0,1.3,0.0,0.0,1.0
JEC-J15,48.4,1.0,5.0,0.0,0.0,0.0,1.0,0.0,6.0,1.0,1.3,0.0,0.0,1.0
JEC-J15,49.5,2.0,5.0,0.0,0.0,0.0,1.0,0.0,6.0,1.0,1.3,0.0,0.0,2.0
JEC-J15,50.6,2.0,5.0,1.0,0.0,0.0,0.0,0.0,6.0,2.0,1.0,0.0,0.0,3.0
JEC-J15,51.7,1.0,5.0,1.0,0.0,0.0,0.0,0.0,6.0,2.0,1.0,0.0,0.0,1.0
JEC-J15,52.8,1.0,5.0,1.0,0.0,0.0,0.0,0.0,6.0,2.0,1.0,0.0,0.0,1.0
JEC-J15,53.9,1.0,5.0,1.0,0.0,0.0,0.0,0.0,6.0,2.0,1.0,0.0,0.0,1.0
JEC-J15,55.0,1.0,5.0,2.0,0.0,0.0,0.0,0.0,6.0,2.0,1.0,0.0,0.0,2.0
JEC-J15,56.1,1.0,5.0,2.0,0.0,0.0,0.0,0.0,6.0,2.0,1.21,0.0,0.0,3.0
JEC-J15,57.2,1.0,5.0,1.0,0.0,0.0,0.0,0.0,6.0,2.0,1.21,0.0,0.0,4.0
JEC-J15,58.3,1.0,5.0,1.0,0.0,0.0,0.0,0.0,7.0,2.0,1.21,0.0,0.0,0.0
JEC-J15,59.4,1.0,5.0,1.0,0.0,0.0,0.0,0.0,7.0,2.0,1.21,0.0,0.0,0.0
JEC-J15,60.5,1.0,5.0,1.0,0.0,0.0,0.0,0.0,7.0,2.0,1.21,0.0,0.0,0.0
JEC-J15,61.6,1.0,5.0,1.0,0.0,0.0,0.0,0.0,7.0,2.0,1.21,0.0,0.0,0.0
JEC-J15,62.7,1.0,5.0,1.0,0.0,0.0,0.0,0.0,7.0,2.0,1.21,0.0,0.0,0.0
JEC-J15,63.8,1.0,5.0,1.0,0.0,0.0,0.0,0.0,7.0,2.0,1.21,0.0,0.0,0.0
JEC-J15,64.9,1.0,5.0,1.0,0.0,0.0,0.0,0.0,7.0,2.0,1.21,0.0,0.0,0.0
JEC-J15,66.0,1.0,5.0,1.0,0.0,0.0,0.0,0.0,7.0,2.0,1.21,0.0,0.0,0.0
JEC-J15,67.1,1.0,5.0,1.0,0.0,0.0,0.0,0.0,7.0,2.0,1.21,0.0,0.0,0.0
JEC-J15,68.2,1.0,5.0,1.0,0.0,0.0,0.0,0.0,7.0,2.0,1.21,0.0,0.0,0.0
JEC-J15,69.3,1.0,5.0,1.0,0.0,0.0,0.0,0.0,7.0,2.0,1.21,0.0,0.0,0.0
JEC-J15,70.4,1.0,5.0,1.0,0.0,0.0,0.0,0.0,7.0,2.0,1.21,0.0,0.0,0.0
JEC-J15,71.5,1.0,5.0,1.0,0.0,0.0,0.0,0.0,7.0,2.0,1.21,0.0,0.0,0.0
JEC-J15,72.6,1.0,5.0,1.0,0.0,0.0,0.0,0.0,7.0,2.0,1.21,0.0,0.0,0.0
JEC-J15,73.7,1.0,5.0,1.0,0.0,0.0,0.0,0.0,7.0,2.0,1.21,0.0,0.0,0.0
JEC-J15,74.8,1.0,5.0,1.0,0.0,0.0,0.0,0.0,7.0,2.0,1.21,0.0,0.0,0.0
JEC-J15,75.9,1.0,5.0,1.0,0.0,0.0,0.0,0.0,7.0,2.0,1.21,0.0,0.0,0.0
JEC-J15,77.0,1.0,5.0,1.0,0.0,0.0,0.0,0.0,7.0,2.0,1.21,0.0,0.0,0.0
JEC-J15,78.1,1.0,5.0,1.0,0.0,0.0,0.0,0.0,7.0,2.0,1.21,0.0,0.0,0.0
JEC-J15,79.2,1.0,5.0,1.0,0.0,0.0,0.0,0.0,6.0,2.0,1.21,0.0,0.0,0.0
JEC-J15,80.3,1.0,5.0,1.0,0.0,0.0,0.0,0.0,6.0,2.0,1.21,0.0,0.0,0.0
JEC-J15,81.4,1.0,5.0,1.0,0.0,0.0,0.0,0.0,6.0,2.0,1.21,0.0,0.0,0.0
JEC-J15,82.5,1.0,5.0,1.0,0.0,0.0,0.0,0.0,6.0,2.0,1.21,0.0,0.0,0.0
JEC-J15,83.6,1.0,5.0,1.0,0.0,0.0,0.0,0.0,6.0,2.0,1.21,0.0,0.0,0.0
JEC-J15,84.7,1.0,5.0,1.0,0.0,0.0,0.0,0.0,6.0,2.0,1.21,0.0,0.0,0.0
JEC-J15,85.8,1.0,5.0,1.0,0.0,0.0,0.0,0.0,6.0,2.0,1.21,0.0,0.0,0.0
JEC-J15,86.9,1.0,5.0,1.0,0.0,0.0,0.0,0.0,6.0,2.0,1.21,0.0,0.0,0.0
JEC-J15,88.0,1.0,5.0,1.0,0.0,0.0,0.0,0.0,6.0,2.0,1.21,0.0,0.0,0.0
JEC-J15,89.1,1.0,5.0,1.0,0.0,0.0,0.0,0.0,6.0,2.0,1.21,0.0,0.0,0.0
JEC-J15,90.2,1.0,5.0,1.0,0.0,0.0,0.0,0.0,6.0,2.0,1.21,0.0,0.0,0.0
JEC-J15,91.3,1.0,5.0,1.0,0.0,0.0,0.0,0.0,6.0,2.0,1.21,0.0,0.0,0.0
JEC-J15,92.4,1.0,5.0,1.0,0.0,0.0,0.0,0.0,6.0,2.0,1.21,0.0,0.0,0.0
JEC-J15,93.5,1.0,5.0,1.0,0.0,0.0,0.0,0.0,6.0,2.0,1.21,0.0,0.0,0.0
JEC-J15,94.6,1.0,5.0,1.0,0.0,0.0,0.0,0.0,6.0,2.0,1.21,0.0,0.0,1.0
JEC-J15,95.7,1.0,5.0,1.0,0.0,0.0,0.0,0.0,6.0,2.0,1.21,0.0,0.0,2.0
JEC-J15,96.8,1.0,5.0,1.0,0.0,0.0,0.0,0.0,6.0,2.0,1.21,0.0,0.0,3.0
JEC-J15,97.9,1.0,5.0,1.0,0.0,0.0,0.0,0.0,6.0,2.0,1.21,0.0,0.0,4.0
JEC-J15,99.0,1.0,5.0,1.0,0.0,0.0,0.0,0.0,7.0,2.0,1.21,0.0,0.0,5.0
JEC-J15,100.1,1.0,5.0,1.0,0.0,0.0,0.0,0.0,7.0,2.0,1.21,0.0,0.0,5.0
JEC-J15,101.2,1.0,5.0,1.0,0.0,0.0,0.0,0.0,7.0,2.0,1.21,0.0,0.0,5.0
JEC-J15,102.3,1.0,5.0,1.0,0.0,0.0,0.0,0.0,7.0,2.0,1.21,0.0,0.0,5.0
JEC-J15,103.4,1.0,5.0,1.0,0.0,0.0,0.0,0.0,7.0,2.0,1.21,0.0,0.0,5.0
JEC-J15,104.5,1.0,5.0,1.0,0.0,0.0,0.0,0.0,7.0,2.0,1.21,0.0,0.0,5.0
JEC-J15,105.6,1.0,5.0,1.0,0.0,0.0,0.0,0.0,7.0,2.0,1.21,0.0,0.0,5.0
JEC-J15,106.7,1.0,5.0,1.0,0.0,0.0,0.0,0.0,7.0,2.0,1.21,0.0,0.0,5.0
JEC-J15,107.8,1.0,5.0,1.0,0.0,0.0,0.0,0.0,7.0,2.0,1.21,0.0,0.0,5.0
JEC-J15,108.9,1.0,5.0,1.0,0.0,0.0,0.0,0.0,7.0,2.0,1.21,0.0,0.0,5.0
JEC-J15,110.0,1.0,5.0,1.0,0.0,0.0,0.0,0.0,7.0,2.0,1.21,0.0,0.0,5.0
JEC-J15,111.1,1.0,5.0,1.0,0.0,0.0,0.0,0.0,7.0,2.0,1.21,0.0,0.0,5.0
JEC-J15,112.2,1.0,5.0,1.0,0.0,0.0,0.0,0.0,7.0,2.0,1.21,0.0,0.0,5.0
JEC-J15,113.3,1.0,5.0,1.0,0.0,0.0,0.0,0.0,7.0,2.0,1.21,0.0,0.0,5.0
JEC-J15,114.4,1.0,5.0,1.0,0.0,0.0,0.0,0.0,7.0,2.0,1.21,0.0,0.0,5.0
JEC-J15,115.5,1.0,5.0,1.0,0.0,0.0,0.0,0.0,7.0,2.0,1.0,0.0,0.0,5.0
JEC-J15,116.6,1.0,5.0,1.0,0.0,0.0,0.0,0.0,7.0,2.0,1.0,0.0,0.0,5.0
JEC-J15,117.7,1.0,5.0,1.0,0.0,0.0,0.0,0.0,6.0,2.0,1.0,0.0,0.0,5.0
JEC-J15,118.8,1.0,5.0,1.0,0.0,0.0,0.0,0.0,6.0,2.0,1.0,0.0,0.0,5.0
JEC-J15,119.9,1.0,5.0,1.0,0.0,0.0,0.0,0.0,6.0,2.0,1.0,0.0,0.0,5.0
JEC-J15,121.0,1.0,5.0,1.0,0.0,0.0,0.0,0.0,6.0,2.0,1.07,0.0,0.0,5.0
JEC-J15,122.1,1.0,5.0,1.0,0.0,0.0,0.0,0.0,6.0,2.0,1.07,0.0,0.0,5.0
JEC-J15,123.2,1.0,5.0,1.0,0.0,0.0,0.0,0.0,6.0,2.0,1.07,0.0,0.0,5.0
JEC-J15,124.3,1.0,5.0,1.0,0.0,0.0,0.0,0.0,6.0,2.0,1.07,0.0,0.0,5.0
JEC-J15,125.4,1.0,5.0,1.0,0.0,0.0,0.0,0.0,6.0,2.0,1.07,0.0,0.0,5.0
JEC-J15,126.5,1.0,5.0,1.0,0.0,0.0,0.0,0.0,6.0,2.0,1.07,0.0,0.0,5.0
JEC-J15,127.6,1.0,5.0,1.0,0.0,0.0,1.0,0.0,6.0,2.0,1.07,0.0,0.0,5.0
JEC-J15,128.7,1.0,5.0,1.0,0.0,0.0,1.0,0.0,6.0,2.0,1.07,0.0,0.0,5.0
JEC-J15,129.8,1.0,5.0,1.0,0.0,0.0,1.0,0.0,6.0,2.0,1.07,0.0,0.0,5.0
JEC-J15,130.9,1.0,5.0,1.0,0.0,0.0,1.0,0.0,6.0,2.0,1.07,0.0,0.0,5.0
JEC-J15,132.0,1.0,5.0,1.0,0.0,0.0,1.0,0.0,6.0,2.0,1.07,0.0,0.0,5.0
JEC-J15,133.1,1.0,5.0,1.0,0.0,0.0,1.0,0.0,6.0,2.0,1.07,0.0,0.0,5.0
JEC-J15,134.2,1.0,5.0,1.0,0.0,0.0,1.0,0.0,6.0,2.0,1.07,0.0,0.0,5.0
JEC-J15,135.3,1.0,5.0,1.0,0.0,0.0,1.0,0.0,6.0,2.0,1.07,0.0,0.0,5.0
JEC-J15,136.4,1.0,5.0,1.0,0.0,0.0,1.0,0.0,6.0,2.0,1.07,0.0,0.0,5.0
JEC-J15,137.5,1.0,5.0,1.0,0.0,0.0,1.0,0.0,6.0,2.0,1.07,0.0,0.0,5.0
JEC-J15,138.6,1.0,5.0,1.0,0.0,0.0,1.0,0.0,6.0,2.0,1.07,0.0,0.0,5.0
JEC-J15,139.7,1.0,5.0,1.0,0.0,0.0,1.0,0.0,6.0,2.0,1.07,0.0,0.0,5.0
JEC-J15,140.8,1.0,5.0,1.0,0.0,0.0,1.0,0.0,6.0,2.0,1.07,0.0,0.0,5.0
JEC-J15,141.9,1.0,5.0,1.0,0.0,0.0,1.0,0.0,6.0,2.0,1.07,0.0,0.0,5.0
JEC-J15,143.0,1.0,5.0,1.0,0.0,0.0,1.0,0.0,6.0,2.0,1.07,0.0,0.0,5.0
JEC-J15,144.1,1.0,5.0,1.0,0.0,0.0,1.0,0.0,6.0,2.0,1.07,0.0,0.0,5.0
JEC-J15,145.2,1.0,5.0,1.0,0.0,0.0,1.0,0.0,6.0,2.0,1.07,0.0,0.0,5.0
JEC-J15,146.3,1.0,5.0,1.0,0.0,0.0,1.0,0.0,6.0,2.0,1.07,0.0,0.0,5.0
JEC-J15,147.4,1.0,5.0,1.0,0.0,0.0,1.0,0.0,6.0,2.0,1.07,0.0,0.0,5.0
JEC-J15,148.5,1.0,5.0,1.0,0.0,0.0,1.0,0.0,6.0,2.0,1.07,0.0,0.0,5.0
JEC-J15,149.6,1.0,5.0,1.0,0.0,0.0,1.0,0.0,6.0,2.0,1.07,0.0,0.0,5.0
JEC-J15,150.7,1.0,5.0,1.0,0.0,0.0,1.0,0.0,6.0,2.0,1.07,0.0,0.0,5.0
JEC-J15,151.8,1.0,5.0,1.0,0.0,0.0,1.0,0.0,6.0,2.0,1.07,0.0,0.0,5.0
JEC-J15,152.9,1.0,5.0,1.0,0.0,0.0,1.0,0.0,6.0,2.0,1.07,0.0,0.0,5.0
JEC-J15,154.0,1.0,5.0,1.0,0.0,0.0,1.0,0.0,6.0,2.0,1.07,0.0,0.0,5.0
JEC-J15,155.1,1.0,5.0,1.0,0.0,0.0,1.0,0.0,6.0,2.0,1.07,0.0,0.0,5.0
JEC-J15,156.2,1.0,5.0,1.0,0.0,0.0,1.0,0.0,6.0,2.0,1.07,0.0,0.0,5.0
JEC-J15,157.3,1.0,5.0,1.0,0.0,0.0,1.0,0.0,6.0,2.0,1.07,0.0,0.0,5.0
JEC-J15,158.4,1.0,5.0,1.0,0.0,0.0,1.0,0.0,6.0,2.0,1.07,0.0,0.0,5.0
JEC-J15,159.5,1.0,5.0,1.0,0.0,0.0,1.0,0.0,6.0,2.0,1.07,0.0,0.0,5.0
JEC-J15,160.6,1.0,5.0,1.0,0.0,0.0,1.0,0.0,6.0,2.0,1.07,0.0,0.0,5.0
JEC-J15,161.7,1.0,5.0,1.0,0.0,0.0,1.0,0.0,6.0,2.0,1.07,0.0,0.0,5.0
JEC-J15,162.8,1.0,5.0,1.0,0.0,0.0,1.0,0.0,6.0,2.0,1.07,0.0,0.0,5.0
JEC-J15,163.9,1.0,5.0,1.0,0.0,0.0,1.0,0.0,6.0,2.0,1.07,0.0,0.0,5.0
JEC-J15,165.0,1.0,5.0,1.0,0.0,0.0,1.0,0.0,6.0,2.0,1.07,0.0,0.0,5.0
JEC-J15,166.1,1.0,5.0,1.0,0.0,0.0,1.0,0.0,6.0,2.0,1.07,0.0,0.0,5.0
JEC-J15,167.2,1.0,5.0,1.0,0.0,0.0,1.0,0.0,6.0,2.0,1.07,0.0,0.0,5.0
JEC-J15,168.3,1.0,5.0,1.0,0.0,0.0,1.0,0.0,6.0,2.0,1.07,0.0,0.0,5.0
JEC-J15,169.4,1.0,5.0,1.0,0.0,0.0,1.0,0.0,6.0,2.0,1.07,0.0,0.0,5.0
JEC-J15,170.5,1.0,5.0,1.0,0.0,0.0,1.0,0.0,6.0,2.0,1.0,0.0,0.0,5.0
JEC-J15,171.6,1.0,5.0,1.0,0.0,0.0,1.0,0.0,6.0,2.0,1.0,0.0,0.0,5.0
JEC-J15,172.7,1.0,5.0,1.0,0.0,0.0,1.0,0.0,6.0,2.0,1.0,0.0,0.0,5.0
JEC-J15,173.8,1.0,5.0,1.0,0.0,0.0,1.0,0.0,6.0,2.0,1.0,0.0,0.0,5.0
JEC-J15,174.9,1.0,5.0,1.0,0.0,0.0,1.0,0.0,6.0,2.0,1.0,0.0,0.0,5.0
JEC-J15,176.0,1.0,5.0,1.0,0.0,0.0,1.0,0.0,6.0,2.0,1.0,0.0,0.0,5.0
JEC-J15,177.1,1.0,5.0,1.0,0.0,0.0,1.0,0.0,6.0,2.0,1.0,0.0,0.0,5.0
JEC-J15,178.2,1.0,5.0,1.0,0.0,0.0,1.0,0.0,6.0,2.0,1.0,0.0,0.0,5.0
JEC-J15,179.3,1.0,5.0,1.0,0.0,0.0,1.0,0.0,6.0,2.0,1.0,0.0,0.0,5.0
JEC-J15,180.4,1.0,5.0,1.0,0.0,0.0,1.0,0.0,6.0,2.0,1.0,0.0,0.0,5.0
JEC-J15,181.5,1.0,5.0,1.0,0.0,0.0,1.0,0.0,6.0,2.0,1.0,0.0,0.0,5.0
JEC-J15,182.6,1.0,5.0,1.0,0.0,0.0,1.0,0.0,6.0,2.0,1.0,0.0,0.0,5.0
JEC-J15,183.7,1.0,5.0,1.0,0.0,0.0,1.0,0.0,6.0,2.0,1.0,0.0,0.0,5.0
JEC-J15,184.8,1.0,5.0,1.0,0.0,0.0,1.0,0.0,6.0,2.0,1.0,0.0,0.0,5.0
JEC-J15,185.9,1.0,5.0,1.0,0.0,0.0,1.0,0.0,6.0,2.0,1.0,0.0,0.0,5.0
JEC-J15,187.0,1.0,5.0,1.0,0.0,0.0,1.0,0.0,6.0,2.0,1.0,0.0,0.0,5.0
JEC-J15,188.1,1.0,5.0,1.0,0.0,0.0,1.0,0.0,6.0,2.0,1.0,0.0,0.0,5.0
JEC-J15,189.2,1.0,5.0,1.0,0.0,0.0,1.0,0.0,6.0,2.0,1.0,0.0,0.0,5.0
JEC-J15,190.3,1.0,5.0,1.0,0.0,0.0,1.0,0.0,6.0,2.0,1.0,0.0,0.0,5.0
JEC-J15,191.4,1.0,5.0,1.0,0.0,0.0,1.0,0.0,6.0,2.0,1.0,0.0,0.0,5.0
JEC-J15,192.5,1.0,5.0,1.0,0.0,0.0,1.0,0.0,6.0,2.0,1.0,0.0,0.0,5.0
JEC-J15,193.6,1.0,5.0,1.0,0.0,0.0,1.0,0.0,6.0,2.0,1.0,0.0,0.0,5.0
JEC-J22,1.1,0.0,5.0,0.0,0.0,0.0,0.0,0.0,4.0,0.0,1.3,0.0,0.0,0.0
JEC-J22,2.2,0.0,5.0,0.0,0.0,0.0,0.0,0.0,4.0,0.0,1.3,0.0,0.0,0.0
JEC-J22,3.3,0.0,5.0,0.0,0.0,0.0,0.0,0.0,4.0,0.0,1.3,0.0,0.0,0.0
JEC-J22,4.4,0.0,5.0,0.0,0.0,0.0,0.0,0.0,4.0,0.0,1.3,0.0,0.0,0.0
JEC-J22,5.5,0.0,5.0,0.0,0.0,0.0,0.0,0.0,4.0,0.0,1.3,0.0,0.0,0.0
JEC-J22,6.6,0.0,5.0,0.0,0.0,0.0,0.0,0.0,4.0,0.0,1.3,0.0,0.0,0.0
JEC-J22,7.7,0.0,5.0,0.0,0.0,0.0,0.0,0.0,4.0,0.0,1.3,0.0,0.0,0.0
JEC-J22,8.8,0.0,5.0,0.0,0.0,0.0,0.0,0.0,4.0,0.0,1.3,0.0,0.0,0.0
JEC-J22,9.9,0.0,5.0,0.0,0.0,0.0,0.0,0.0,4.0,0.0,1.3,0.0,0.0,0.0
JEC-J22,11.0,0.0,5.0,0.0,0.0,0.0,0.0,0.0,4.0,0.0,1.3,0.0,0.0,0.0
JEC-J22,12.1,0.0,5.0,0.0,0.0,0.0,0.0,0.0,4.0,0.0,1.3,0.0,0.0,0.0
JEC-J22,13.2,0.0,5.0,0.0,0.0,0.0,0.0,0.0,4.0,0.0,1.3,0.0,0.0,0.0
JEC-J22,14.3,0.0,5.0,0.0,0.0,0.0,0.0,0.0,4.0,0.0,1.3,0.0,0.0,0.0
JEC-J22,15.4,0.0,5.0,0.0,0.0,0.0,0.0,0.0,4.0,0.0,1.3,0.0,0.0,0.0
JEC-J22,16.5,0.0,5.0,0.0,0.0,0.0,0.0,0.0,4.0,0.0,1.3,0.0,0.0,0.0
JEC-J22,17.6,0.0,5.0,0.0,0.0,0.0,0.0,0.0,4.0,0.0,1.3,0.0,0.0,0.0
JEC-J22,18.7,0.0,5.0,0.0,0.0,0.0,0.0,0.0,4.0,0.0,1.3,0.0,0.0,0.0
JEC-J22,19.8,0.0,5.0,0.0,0.0,0.0,0.0,0.0,4.0,0.0,1.3,0.0,0.0,0.0
JEC-J22,20.9,0.0,5.0,0.0,0.0,0.0,0.0,0.0,4.0,0.0,1.3,0.0,0.0,0.0
JEC-J22,22.0,0.0,5.0,0.0,0.0,0.0,0.0,0.0,4.0,0.0,1.3,0.0,0.0,0.0
JEC-J22,23.1,0.0,5.0,0.0,0.0,0.0,0.0,0.0,4.0,0.0,1.3,0.0,0.0,0.0
JEC-J22,24.2,0.0,5.0,0.0,0.0,0.0,0.0,0.0,4.0,0.0,1.3,0.0,0.0,0.0
JEC-J22,25.3,0.0,5.0,0.0,0.0,0.0,0.0,0.0,4.0,0.0,1.3,0.0,0.0,0.0
JEC-J22,26.4,0.0,5.0,0.0,0.0,0.0,0.0,0.0,4.0,0.0,1.3,0.0,0.0,0.0
JEC-J22,27.5,0.0,5.0,0.0,0.0,0.0,0.0,0.0,4.0,0.0,1.3,0.0,0.0,0.0
JEC-J22,28.6,0.0,5.0,0.0,0.0,0.0,0.0,0.0,4.0,0.0,1.3,0.0,0.0,0.0
JEC-J22,29.7,0.0,5.0,0.0,0.0,0.0,0.0,0.0,4.0,0.0,1.3,0.0,0.0,0.0
JEC-J22,30.8,0.0,5.0,0.0,0.0,0.0,0.0,0.0,4.0,0.0,1.3,0.0,0.0,0.0
JEC-J22,31.9,0.0,5.0,0.0,0.0,0.0,0.0,0.0,3.0,0.0,1.3,0.0,0.0,0.0
JEC-J22,33.0,0.0,5.0,0.0,0.0,0.0,0.0,0.0,3.0,0.0,1.3,0.0,0.0,0.0
JEC-J22,34.1,0.0,5.0,0.0,0.0,0.0,0.0,0.0,3.0,0.0,1.3,0.0,0.0,0.0
JEC-J22,35.2,0.0,5.0,0.0,0.0,0.0,0.0,0.0,3.0,0.0,1.3,0.0,0.0,0.0
JEC-J22,36.3,0.0,5.0,0.0,0.0,0.0,0.0,0.0,3.0,0.0,1.3,0.0,0.0,0.0
JEC-J22,37.4,0.0,5.0,0.0,0.0,0.0,0.0,0.0,2.0,0.0,1.3,0.0,0.0,0.0
JEC-J22,38.5,0.0,5.0,0.0,0.0,0.0,0.0,0.0,2.0,0.0,1.3,0.0,0.0,0.0
JEC-J22,39.6,0.0,5.0,0.0,0.0,0.0,0.0,0.0,2.0,0.0,1.3,0.0,0.0,0.0
JEC-J22,40.7,0.0,5.0,0.0,0.0,0.0,0.0,0.0,2.0,0.0,1.3,0.0,0.0,0.0
JEC-J22,41.8,0.0,5.0,0.0,0.0,0.0,0.0,0.0,2.0,0.0,1.3,0.0,0.0,0.0
JEC-J22,42.9,0.0,5.0,0.0,0.0,0.0,0.0,0.0,2.0,0.0,1.3,0.0,0.0,0.0
JEC-J22,44.0,0.0,5.0,0.0,0.0,0.0,0.0,0.0,2.0,0.0,1.3,0.0,0.0,0.0
JEC-J22,45.1,0.0,5.0,0.0,0.0,0.0,0.0,0.0,2.0,0.0,1.3,0.0,0.0,0.0
JEC-J22,46.2,0.0,5.0,0.0,0.0,0.0,0.0,0.0,2.0,0.0,1.3,0.0,0.0,0.0
JEC-J22,47.3,0.0,5.0,0.0,0.0,0.0,0.0,0.0,2.0,0.0,1.3,0.0,0.0,0.0
JEC-J22,48.4,0.0,5.0,0.0,0.0,0.0,0.0,0.0,2.0,0.0,1.3,0.0,0.0,0.0
JEC-J22,49.5,0.0,5.0,0.0,0.0,0.0,0.0,0.0,1.0,0.0,1.3,0.0,0.0,0.0
JEC-J22,50.6,0.0,5.0,0.0,0.0,0.0,0.0,0.0,1.0,0.0,1.0,0.0,0.0,0.0
JEC-J22,51.7,0.0,5.0,0.0,0.0,0.0,0.0,0.0,1.0,0.0,1.0,0.0,0.0,0.0
JEC-J22,52.8,0.0,5.0,0.0,0.0,0.0,0.0,0.0,1.0,0.0,1.0,0.0,0.0,0.0
JEC-J22,53.9,0.0,5.0,0.0,0.0,0.0,0.0,0.0,1.0,0.0,1.0,0.0,0.0,0.0
JEC-J22,55.0,0.0,5.0,0.0,0.0,0.0,0.0,0.0,0.0,0.0,1.0,0.0,0.0,0.0
JEC-J22,56.1,0.0,5.0,0.0,0.0,0.0,0.0,0.0,0.0,0.0,1.21,0.0,0.0,0.0
JEC-J22,57.2,0.0,5.0,0.0,0.0,0.0,0.0,0.0,0.0,0.0,1.21,0.0,0.0,0.0
JEC-J22,58.3,0.0,5.0,0.0,0.0,0.0,0.0,0.0,0.0,0.0,1.21,0.0,0.0,0.0
JEC-J22,59.4,0.0,5.0,0.0,0.0,0.0,0.0,0.0,0.0,0.0,1.21,0.0,0.0,0.0
JEC-J22,60.5,0.0,5.0,0.0,0.0,0.0,0.0,0.0,1.0,0.0,1.21,0.0,0.0,0.0
JEC-J22,61.6,0.0,5.0,0.0,0.0,0.0,0.0,0.0,1.0,0.0,1.21,0.0,0.0,0.0
JEC-J22,62.7,0.0,5.0,0.0,0.0,0.0,0.0,0.0,1.0,0.0,1.21,0.0,0.0,0.0
JEC-J22,63.8,0.0,5.0,0.0,0.0,0.0,0.0,0.0,1.0,0.0,1.21,0.0,0.0,0.0
JEC-J22,64.9,0.0,5.0,0.0,0.0,0.0,0.0,0.0,1.0,0.0,1.21,0.0,0.0,0.0
JEC-J22,66.0,0.0,5.0,0.0,0.0,0.0,0.0,0.0,1.0,0.0,1.21,0.0,0.0,0.0
JEC-J22,67.1,0.0,5.0,0.0,0.0,0.0,1.0,0.0,1.0,0.0,1.21,0.0,0.0,0.0
JEC-J22,68.2,0.0,5.0,0.0,0.0,0.0,1.0,0.0,1.0,0.0,1.21,0.0,0.0,0.0
JEC-J22,69.3,0.0,5.0,0.0,0.0,0.0,1.0,0.0,1.0,0.0,1.21,0.0,0.0,0.0
JEC-J22,70.4,0.0,5.0,0.0,0.0,0.0,1.0,0.0,1.0,0.0,1.21,0.0,0.0,0.0
JEC-J22,71.5,0.0,5.0,0.0,0.0,0.0,1.0,0.0,1.0,0.0,1.21,0.0,0.0,0.0
JEC-J22,72.6,0.0,5.0,0.0,0.0,0.0,1.0,0.0,1.0,0.0,1.21,0.0,0.0,0.0
JEC-J22,73.7,1.0,5.0,0.0,0.0,0.0,1.0,0.0,1.0,0.0,1.21,0.0,0.0,0.0
JEC-J22,74.8,1.0,5.0,0.0,0.0,0.0,0.0,0.0,1.0,1.0,1.21,0.0,0.0,0.0
JEC-J22,75.9,1.0,5.0,0.0,0.0,0.0,0.0,0.0,1.0,1.0,1.21,0.0,0.0,0.0
JEC-J22,77.0,0.0,5.0,0.0,0.0,0.0,0.0,0.0,1.0,1.0,1.21,0.0,0.0,1.0
JEC-J22,78.1,0.0,5.0,0.0,0.0,0.0,0.0,0.0,1.0,1.0,1.21,0.0,0.0,1.0
JEC-J22,79.2,0.0,5.0,1.0,0.0,0.0,0.0,0.0,1.0,1.0,1.21,0.0,0.0,2.0
JEC-J22,80.3,0.0,5.0,1.0,0.0,0.0,0.0,0.0,1.0,1.0,1.21,0.0,0.0,0.0
JEC-J22,81.4,0.0,5.0,1.0,0.0,0.0,0.0,0.0,1.0,1.0,1.21,0.0,0.0,0.0
JEC-J22,82.5,0.0,5.0,0.0,0.0,0.0,0.0,0.0,1.0,1.0,1.21,0.0,0.0,0.0
JEC-J22,83.6,0.0,5.0,0.0,0.0,0.0,0.0,0.0,2.0,1.0,1.21,0.0,0.0,0.0
JEC-J22,84.7,1.0,5.0,0.0,0.0,0.0,0.0,0.0,2.0,1.0,1.21,0.0,0.0,0.0
JEC-J22,85.8,1.0,5.0,0.0,0.0,0.0,0.0,0.0,2.0,1.0,1.21,0.0,0.0,0.0
JEC-J22,86.9,0.0,5.0,0.0,0.0,0.0,0.0,0.0,2.0,1.0,1.21,0.0,0.0,1.0
JEC-J22,88.0,0.0,5.0,0.0,0.0,0.0,0.0,0.0,2.0,1.0,1.21,0.0,0.0,2.0
JEC-J22,89.1,0.0,5.0,0.0,0.0,0.0,0.0,0.0,2.0,1.0,1.21,0.0,0.0,2.0
JEC-J22,90.2,0.0,5.0,1.0,0.0,0.0,0.0,0.0,2.0,1.0,1.21,0.0,0.0,2.0
JEC-J22,91.3,0.0,5.0,1.0,0.0,0.0,0.0,0.0,2.0,1.0,1.21,0.0,0.0,0.0
JEC-J22,92.4,0.0,5.0,0.0,0.0,0.0,0.0,0.0,2.0,1.0,1.21,0.0,0.0,0.0
JEC-J22,93.5,0.0,5.0,0.0,0.0,0.0,0.0,0.0,3.0,1.0,1.21,0.0,0.0,0.0
JEC-J22,94.6,0.0,5.0,0.0,0.0,0.0,0.0,0.0,3.0,1.0,1.21,0.0,0.0,0.0
JEC-J22,95.7,0.0,5.0,0.0,0.0,0.0,0.0,0.0,3.0,1.0,1.21,0.0,0.0,0.0
JEC-J22,96.8,0.0,5.0,0.0,0.0,0.0,0.0,0.0,3.0,1.0,1.21,0.0,0.0,0.0
JEC-J22,97.9,0.0,5.0,0.0,0.0,0.0,0.0,0.0,3.0,0.0,1.21,0.0,0.0,0.0
JEC-J22,99.0,0.0,5.0,0.0,0.0,0.0,0.0,0.0,3.0,0.0,1.21,0.0,0.0,0.0
JEC-J22,100.1,0.0,5.0,0.0,0.0,0.0,0.0,0.0,3.0,0.0,1.21,0.0,0.0,0.0
JEC-J22,101.2,0.0,5.0,0.0,0.0,0.0,0.0,0.0,3.0,0.0,1.21,0.0,0.0,0.0
JEC-J22,102.3,0.0,5.0,0.0,0.0,0.0,0.0,0.0,3.0,0.0,1.21,0.0,0.0,0.0
JEC-J22,103.4,0.0,5.0,0.0,0.0,0.0,0.0,0.0,3.0,0.0,1.21,0.0,0.0,0.0
JEC-J22,104.5,0.0,5.0,0.0,0.0,0.0,0.0,0.0,3.0,0.0,1.21,0.0,0.0,0.0
JEC-J22,105.6,0.0,5.0,0.0,0.0,0.0,0.0,0.0,3.0,0.0,1.21,0.0,0.0,0.0
JEC-J22,106.7,0.0,5.0,0.0,0.0,0.0,0.0,0.0,3.0,0.0,1.21,0.0,0.0,0.0
JEC-J22,107.8,0.0,5.0,0.0,0.0,0.0,0.0,0.0,3.0,0.0,1.21,0.0,0.0,0.0
JEC-J22,108.9,0.0,5.0,0.0,0.0,0.0,0.0,0.0,3.0,0.0,1.21,0.0,0.0,0.0
JEC-J22,110.0,0.0,5.0,0.0,0.0,0.0,0.0,0.0,2.0,0.0,1.21,0.0,0.0,0.0
JEC-J22,111.1,0.0,5.0,0.0,0.0,0.0,0.0,0.0,2.0,0.0,1.21,0.0,0.0,0.0
JEC-J22,112.2,0.0,5.0,0.0,0.0,0.0,0.0,0.0,2.0,0.0,1.21,0.0,0.0,0.0
JEC-J22,113.3,0.0,5.0,0.0,0.0,0.0,0.0,0.0,2.0,0.0,1.21,0.0,0.0,0.0
JEC-J22,114.4,0.0,5.0,0.0,0.0,0.0,0.0,0.0,2.0,0.0,1.21,0.0,0.0,0.0
JEC-J22,115.5,0.0,5.0,0.0,0.0,0.0,0.0,0.0,2.0,0.0,1.0,0.0,0.0,0.0
JEC-J22,116.6,0.0,5.0,0.0,0.0,0.0,0.0,0.0,2.0,0.0,1.0,0.0,0.0,0.0
JEC-J22,117.7,0.0,5.0,0.0,0.0,0.0,0.0,0.0,2.0,0.0,1.0,0.0,0.0,0.0
JEC-J22,118.8,0.0,5.0,0.0,0.0,0.0,0.0,0.0,2.0,0.0,1.0,0.0,0.0,0.0
JEC-J22,119.9,0.0,5.0,0.0,0.0,0.0,0.0,0.0,2.0,0.0,1.0,0.0,0.0,0.0
JEC-J22,121.0,0.0,5.0,0.0,0.0,0.0,0.0,0.0,2.0,0.0,1.07,0.0,0.0,0.0
JEC-J22,122.1,0.0,5.0,0.0,0.0,0.0,0.0,0.0,2.0,0.0,1.07,0.0,0.0,0.0
JEC-J22,123.2,0.0,5.0,0.0,0.0,0.0,0.0,0.0,2.0,0.0,1.07,0.0,0.0,0.0
JEC-J22,124.3,0.0,5.0,0.0,0.0,0.0,0.0,0.0,2.0,0.0,1.07,0.0,0.0,0.0
JEC-J22,125.4,0.0,5.0,0.0,0.0,0.0,0.0,0.0,2.0,0.0,1.07,0.0,0.0,0.0
JEC-J22,126.5,0.0,5.0,0.0,0.0,0.0,0.0,0.0,2.0,0.0,1.07,0.0,0.0,0.0
JEC-J22,127.6,0.0,5.0,0.0,0.0,0.0,0.0,0.0,1.0,0.0,1.07,0.0,0.0,0.0
JEC-J22,128.7,0.0,5.0,0.0,0.0,0.0,0.0,0.0,1.0,0.0,1.07,0.0,0.0,0.0
JEC-J22,129.8,0.0,5.0,0.0,0.0,0.0,0.0,0.0,1.0,0.0,1.07,0.0,0.0,0.0
JEC-J22,130.9,0.0,5.0,0.0,0.0,0.0,0.0,0.0,1.0,0.0,1.07,0.0,0.0,0.0
JEC-J22,132.0,0.0,5.0,0.0,0.0,0.0,0.0,0.0,1.0,0.0,1.07,0.0,0.0,0.0
JEC-J22,133.1,0.0,5.0,0.0,0.0,0.0,0.0,0.0,1.0,0.0,1.07,0.0,0.0,0.0
JEC-J22,134.2,0.0,5.0,0.0,0.0,0.0,0.0,0.0,1.0,0.0,1.07,0.0,0.0,0.0
JEC-J22,135.3,0.0,5.0,0.0,0.0,0.0,0.0,0.0,1.0,0.0,1.07,0.0,0.0,0.0
JEC-J22,136.4,0.0,5.0,0.0,0.0,0.0,0.0,0.0,1.0,0.0,1.07,0.0,0.0,0.0
JEC-J22,137.5,0.0,5.0,0.0,0.0,0.0,0.0,0.0,0.0,0.0,1.07,0.0,0.0,0.0
JEC-J22,138.6,0.0,5.0,0.0,0.0,0.0,0.0,0.0,0.0,0.0,1.07,0.0,0.0,0.0
JEC-J22,139.7,0.0,5.0,0.0,0.0,0.0,0.0,0.0,0.0,0.0,1.07,0.0,0.0,0.0
JEC-J22,140.8,0.0,5.0,0.0,0.0,0.0,0.0,0.0,0.0,0.0,1.07,0.0,0.0,0.0
JEC-J22,141.9,0.0,5.0,0.0,0.0,0.0,0.0,0.0,0.0,0.0,1.07,0.0,0.0,0.0
JEC-J22,143.0,0.0,5.0,0.0,0.0,0.0,0.0,0.0,0.0,0.0,1.07,0.0,0.0,0.0
JEC-J22,144.1,0.0,5.0,0.0,0.0,0.0,0.0,0.0,0.0,0.0,1.07,0.0,0.0,0.0
JEC-J22,145.2,0.0,5.0,0.0,0.0,0.0,0.0,0.0,0.0,0.0,1.07,0.0,0.0,0.0
JEC-J22,146.3,0.0,5.0,0.0,0.0,0.0,0.0,0.0,0.0,0.0,1.07,0.0,0.0,0.0
JEC-J22,147.4,0.0,5.0,0.0,0.0,0.0,0.0,0.0,0.0,0.0,1.07,0.0,0.0,0.0
JEC-J22,148.5,0.0,5.0,0.0,0.0,0.0,0.0,0.0,0.0,0.0,1.07,0.0,0.0,0.0
JEC-J22,149.6,0.0,5.0,0.0,0.0,0.0,0.0,0.0,0.0,0.0,1.07,0.0,0.0,0.0
JEC-J22,150.7,0.0,5.0,0.0,0.0,0.0,0.0,0.0,0.0,0.0,1.07,0.0,0.0,0.0
JEC-J22,151.8,0.0,5.0,0.0,0.0,0.0,0.0,0.0,0.0,0.0,1.07,0.0,0.0,0.0
JEC-J22,152.9,0.0,5.0,0.0,0.0,0.0,0.0,0.0,0.0,0.0,1.07,0.0,0.0,0.0
JEC-J22,154.0,0.0,5.0,0.0,0.0,0.0,0.0,0.0,0.0,0.0,1.07,0.0,0.0,0.0
JEC-J22,155.1,0.0,5.0,0.0,0.0,0.0,0.0,0.0,1.0,0.0,1.07,0.0,0.0,0.0
JEC-J22,156.2,0.0,5.0,0.0,0.0,0.0,0.0,0.0,1.0,0.0,1.07,0.0,0.0,0.0
JEC-J22,157.3,0.0,5.0,0.0,0.0,0.0,0.0,0.0,1.0,0.0,1.07,0.0,0.0,0.0
JEC-J22,158.4,0.0,5.0,0.0,0.0,0.0,0.0,0.0,1.0,0.0,1.07,0.0,0.0,0.0
JEC-J22,159.5,0.0,5.0,0.0,0.0,0.0,0.0,0.0,1.0,0.0,1.07,0.0,0.0,0.0
JEC-J22,160.6,0.0,5.0,0.0,0.0,0.0,0.0,0.0,1.0,0.0,1.07,0.0,0.0,0.0
JEC-J22,161.7,0.0,5.0,0.0,0.0,0.0,0.0,0.0,1.0,0.0,1.07,0.0,0.0,0.0
JEC-J22,162.8,0.0,5.0,0.0,0.0,0.0,0.0,0.0,1.0,0.0,1.07,0.0,0.0,0.0
JEC-J22,163.9,0.0,5.0,0.0,0.0,0.0,0.0,0.0,1.0,0.0,1.07,0.0,0.0,0.0
JEC-J22,165.0,0.0,5.0,0.0,0.0,0.0,0.0,0.0,1.0,0.0,1.07,0.0,0.0,0.0
JEC-J22,166.1,0.0,5.0,0.0,0.0,0.0,0.0,0.0,1.0,0.0,1.07,0.0,0.0,0.0
JEC-J22,167.2,0.0,5.0,0.0,0.0,0.0,0.0,0.0,1.0,0.0,1.07,0.0,0.0,0.0
JEC-J22,168.3,0.0,5.0,0.0,0.0,0.0,0.0,0.0,1.0,0.0,1.07,0.0,0.0,0.0
JEC-J22,169.4,0.0,5.0,0.0,0.0,0.0,0.0,0.0,1.0,0.0,1.07,0.0,0.0,0.0
JEC-J22,170.5,0.0,5.0,0.0,0.0,0.0,0.0,0.0,1.0,0.0,1.0,0.0,0.0,0.0
JEC-J22,171.6,0.0,5.0,0.0,0.0,0.0,0.0,0.0,1.0,0.0,1.0,0.0,0.0,0.0
JEC-J22,172.7,0.0,5.0,0.0,0.0,0.0,0.0,0.0,1.0,0.0,1.0,0.0,0.0,0.0
JEC-J22,173.8,0.0,5.0,0.0,0.0,0.0,0.0,0.0,1.0,0.0,1.0,0.0,0.0,0.0
JEC-J22,174.9,0.0,5.0,0.0,0.0,0.0,0.0,0.0,1.0,0.0,1.0,0.0,0.0,0.0
JEC-J22,176.0,0.0,5.0,0.0,0.0,0.0,0.0,0.0,1.0,0.0,1.0,0.0,0.0,0.0
JEC-J22,177.1,0.0,5.0,0.0,0.0,0.0,0.0,0.0,1.0,0.0,1.0,0.0,0.0,0.0
JEC-J22,178.2,0.0,5.0,0.0,0.0,0.0,0.0,0.0,1.0,0.0,1.0,0.0,0.0,0.0
JEC-J22,179.3,0.0,5.0,0.0,0.0,0.0,0.0,0.0,1.0,0.0,1.0,0.0,0.0,0.0
JEC-J22,180.4,0.0,5.0,0.0,0.0,0.0,0.0,0.0,1.0,0.0,1.0,0.0,0.0,0.0
JEC-J22,181.5,0.0,5.0,0.0,0.0,0.0,0.0,0.0,1.0,0.0,1.0,0.0,0.0,0.0
JEC-J22,182.6,0.0,5.0,0.0,0.0,0.0,0.0,0.0,1.0,0.0,1.0,0.0,0.0,0.0
JEC-J22,183.7,0.0,5.0,0.0,0.0,0.0,0.0,0.0,1.0,0.0,1.0,0.0,0.0,0.0
JEC-J22,184.8,0.0,5.0,0.0,0.0,0.0,0.0,0.0,1.0,0.0,1.0,0.0,0.0,0.0
JEC-J22,185.9,0.0,5.0,0.0,0.0,0.0,0.0,0.0,1.0,0.0,1.0,0.0,0.0,0.0
JEC-J22,187.0,0.0,5.0,0.0,0.0,0.0,0.0,0.0,1.0,0.0,1.0,0.0,0.0,0.0
JEC-J22,188.1,0.0,5.0,0.0,0.0,0.0,0.0,0.0,1.0,0.0,1.0,0.0,0.0,0.0
JEC-J22,189.2,0.0,5.0,0.0,0.0,0.0,0.0,0.0,1.0,0.0,1.0,0.0,0.0,0.0
JEC-J22,190.3,0.0,5.0,0.0,0.0,0.0,0.0,0.0,1.0,0.0,1.0,0.0,0.0,0.0
JEC-J22,191.4,0.0,5.0,0.0,0.0,0.0,0.0,0.0,1.0,0.0,1.0,0.0,0.0,0.0
JEC-J22,192.5,0.0,5.0,0.0,0.0,0.0,0.0,0.0,1.0,0.0,1.0,0.0,0.0,0.0
JEC-J22,193.6,0.0,5.0,0.0,0.0,0.0,0.0,0.0,0.0,0.0,1.0,0.0,0.0,0.0
JEC-J03,1.1,0.0,5.0,0.0,0.0,0.0,0.0,0.0,3.0,0.0,1.13,0.0,0.0,0.0
JEC-J03,2.2,0.0,5.0,0.0,0.0,0.0,0.0,0.0,3.0,0.0,1.13,0.0,0.0,0.0
JEC-J03,3.3,0.0,5.0,0.0,0.0,0.0,0.0,0.0,3.0,0.0,1.13,0.0,0.0,0.0
JEC-J03,4.4,0.0,5.0,0.0,0.0,0.0,0.0,0.0,3.0,0.0,1.13,0.0,0.0,0.0
JEC-J03,5.5,0.0,5.0,0.0,0.0,0.0,0.0,0.0,3.0,0.0,1.13,0.0,0.0,0.0
JEC-J03,6.6,0.0,5.0,0.0,0.0,0.0,0.0,0.0,3.0,0.0,1.13,0.0,0.0,0.0
JEC-J03,7.7,0.0,5.0,0.0,0.0,0.0,0.0,0.0,3.0,0.0,1.13,0.0,0.0,0.0
JEC-J03,8.8,0.0,5.0,0.0,0.0,0.0,0.0,0.0,4.0,0.0,1.13,0.0,0.0,0.0
JEC-J03,9.9,0.0,5.0,0.0,0.0,0.0,0.0,0.0,4.0,0.0,1.13,0.0,0.0,0.0
JEC-J03,11.0,0.0,5.0,0.0,0.0,0.0,0.0,0.0,4.0,0.0,1.13,0.0,0.0,0.0
JEC-J03,12.1,0.0,5.0,0.0,0.0,0.0,0.0,0.0,4.0,0.0,1.13,0.0,0.0,0.0
JEC-J03,13.2,0.0,5.0,0.0,0.0,0.0,0.0,0.0,4.0,0.0,1.13,0.0,0.0,0.0
JEC-J03,14.3,0.0,5.0,0.0,0.0,0.0,0.0,0.0,4.0,0.0,1.13,0.0,0.0,0.0
JEC-J03,15.4,0.0,5.0,0.0,0.0,0.0,0.0,0.0,4.0,0.0,1.13,0.0,0.0,0.0
JEC-J03,16.5,0.0,5.0,0.0,0.0,0.0,1.0,0.0,4.0,0.0,1.13,0.0,0.0,0.0
JEC-J03,17.6,0.0,5.0,0.0,0.0,0.0,1.0,0.0,5.0,0.0,1.13,0.0,0.0,0.0
JEC-J03,18.7,0.0,5.0,0.0,0.0,0.0,1.0,0.0,5.0,0.0,1.13,0.0,0.0,0.0
JEC-J03,19.8,0.0,5.0,0.0,0.0,0.0,1.0,0.0,5.0,0.0,1.13,0.0,0.0,0.0
JEC-J03,20.9,0.0,5.0,0.0,0.0,0.0,1.0,0.0,5.0,0.0,1.13,0.0,0.0,0.0
JEC-J03,22.0,1.0,5.0,0.0,0.0,0.0,1.0,0.0,5.0,0.0,1.13,0.0,0.0,0.0
JEC-J03,23.1,1.0,5.0,0.0,0.0,0.0,1.0,0.0,5.0,0.0,1.13,0.0,0.0,0.0
JEC-J03,24.2,1.0,5.0,0.0,0.0,0.0,1.0,0.0,5.0,0.0,1.13,0.0,0.0,0.0
JEC-J03,25.3,0.0,5.0,0.0,0.0,0.0,1.0,0.0,5.0,1.0,1.13,0.0,0.0,1.0
JEC-J03,26.4,0.0,5.0,0.0,0.0,0.0,1.0,0.0,5.0,1.0,1.13,0.0,0.0,1.0
JEC-J03,27.5,0.0,5.0,1.0,0.0,0.0,1.0,0.0,5.0,1.0,1.13,0.0,0.0,2.0
JEC-J03,28.6,0.0,5.0,1.0,0.0,0.0,1.0,0.0,5.0,1.0,1.13,0.0,0.0,2.0
JEC-J03,29.7,0.0,5.0,1.0,0.0,0.0,1.0,0.0,4.0,1.0,1.13,0.0,0.0,0.0
JEC-J03,30.8,0.0,5.0,0.0,0.0,0.0,1.0,0.0,4.0,1.0,1.13,0.0,0.0,0.0
JEC-J03,31.9,1.0,5.0,0.0,0.0,0.0,1.0,0.0,4.0,1.0,1.13,0.0,0.0,0.0
JEC-J03,33.0,1.0,5.0,0.0,0.0,0.0,1.0,0.0,4.0,0.0,1.13,0.0,0.0,0.0
JEC-J03,34.1,1.0,5.0,0.0,0.0,0.0,1.0,0.0,4.0,0.0,1.13,0.0,0.0,0.0
JEC-J03,35.2,0.0,5.0,0.0,0.0,0.0,0.0,0.0,4.0,1.0,1.13,0.0,0.0,1.0
JEC-J03,36.3,0.0,5.0,0.0,0.0,0.0,0.0,0.0,4.0,1.0,1.13,0.0,0.0,1.0
JEC-J03,37.4,0.0,5.0,1.0,0.0,0.0,0.0,0.0,4.0,1.0,1.13,0.0,0.0,2.0
JEC-J03,38.5,0.0,5.0,1.0,0.0,0.0,0.0,0.0,4.0,1.0,1.13,0.0,0.0,0.0
JEC-J03,39.6,0.0,5.0,1.0,0.0,0.0,0.0,0.0,5.0,1.0,1.13,0.0,0.0,0.0
JEC-J03,40.7,0.0,5.0,0.0,0.0,0.0,0.0,0.0,4.0,1.0,1.03,0.0,0.0,0.0
JEC-J03,41.8,0.0,5.0,0.0,0.0,0.0,0.0,0.0,4.0,1.0,1.03,0.0,0.0,0.0
JEC-J03,42.9,0.0,5.0,0.0,0.0,0.0,1.0,0.0,4.0,0.0,1.03,0.0,0.0,0.0
JEC-J03,44.0,0.0,5.0,0.0,0.0,0.0,1.0,0.0,4.0,0.0,1.03,0.0,0.0,0.0
JEC-J03,45.1,0.0,5.0,0.0,0.0,0.0,1.0,0.0,4.0,0.0,1.03,0.0,0.0,0.0
JEC-J03,46.2,0.0,5.0,0.0,0.0,0.0,1.0,0.0,4.0,0.0,1.03,0.0,0.0,0.0
JEC-J03,47.3,0.0,5.0,0.0,0.0,0.0,1.0,0.0,4.0,0.0,1.03,0.0,0.0,0.0
JEC-J03,48.4,1.0,5.0,0.0,0.0,0.0,1.0,0.0,4.0,0.0,1.03,0.0,0.0,0.0
JEC-J03,49.5,1.0,5.0,0.0,0.0,0.0,2.0,0.0,4.0,0.0,1.03,0.0,0.0,0.0
JEC-J03,50.6,1.0,5.0,0.0,0.0,0.0,2.0,0.0,4.0,0.0,1.03,0.0,0.0,0.0
JEC-J03,51.7,0.0,5.0,0.0,0.0,0.0,1.0,0.0,4.0,1.0,1.03,0.0,0.0,2.0
JEC-J03,52.8,0.0,5.0,0.0,0.0,0.0,1.0,0.0,4.0,1.0,1.03,0.0,0.0,3.0
JEC-J03,53.9,0.0,5.0,1.0,0.0,0.0,1.0,0.0,4.0,1.0,1.03,0.0,0.0,5.0
JEC-J03,55.0,0.0,5.0,1.0,0.0,0.0,1.0,0.0,4.0,1.0,1.03,0.0,0.0,7.0
JEC-J03,56.1,1.0,5.0,1.0,0.0,0.0,1.0,0.0,4.0,1.0,1.13,0.0,0.0,5.0
JEC-J03,57.2,1.0,5.0,0.0,0.0,0.0,1.0,0.0,5.0,1.0,1.13,0.0,0.0,5.0
JEC-J03,58.3,1.0,5.0,0.0,0.0,0.0,1.0,0.0,5.0,1.0,1.13,0.0,0.0,5.0
JEC-J03,59.4,0.0,5.0,0.0,0.0,0.0,0.0,0.0,5.0,2.0,1.13,0.0,0.0,6.0
JEC-J03,60.5,0.0,5.0,0.0,0.0,0.0,0.0,0.0,5.0,2.0,1.13,0.0,0.0,6.0
JEC-J03,61.6,0.0,5.0,1.0,0.0,0.0,0.0,0.0,5.0,1.0,1.13,0.0,0.0,7.0
JEC-J03,62.7,0.0,5.0,1.0,0.0,0.0,0.0,0.0,5.0,1.0,1.13,0.0,0.0,5.0
JEC-J03,63.8,1.0,5.0,1.0,0.0,0.0,0.0,0.0,5.0,1.0,1.13,0.0,0.0,5.0
JEC-J03,64.9,1.0,5.0,0.0,0.0,0.0,0.0,0.0,5.0,2.0,1.13,0.0,0.0,7.0
JEC-J03,66.0,1.0,5.0,0.0,0.0,0.0,0.0,0.0,5.0,2.0,1.13,0.0,0.0,7.0
JEC-J03,67.1,0.0,5.0,0.0,0.0,0.0,0.0,0.0,5.0,1.0,1.13,0.0,0.0,7.0
JEC-J03,68.2,0.0,5.0,0.0,0.0,0.0,1.0,0.0,4.0,1.0,1.13,0.0,0.0,7.0
JEC-J03,69.3,0.0,5.0,1.0,0.0,0.0,1.0,0.0,4.0,1.0,1.13,0.0,0.0,8.0
JEC-J03,70.4,0.0,5.0,1.0,0.0,0.0,1.0,0.0,4.0,1.0,1.13,0.0,0.0,6.0
JEC-J03,71.5,0.0,5.0,1.0,0.0,0.0,1.0,0.0,3.0,1.0,1.13,0.0,0.0,6.0
JEC-J03,72.6,0.0,5.0,0.0,0.0,0.0,1.0,0.0,3.0,1.0,1.13,0.0,0.0,6.0
JEC-J03,73.7,0.0,5.0,0.0,0.0,0.0,1.0,0.0,3.0,1.0,1.13,0.0,0.0,5.0
JEC-J03,74.8,0.0,5.0,0.0,0.0,0.0,1.0,0.0,4.0,0.0,1.13,0.0,0.0,4.0
JEC-J03,75.9,0.0,5.0,0.0,0.0,0.0,1.0,0.0,4.0,0.0,1.13,0.0,0.0,3.0
JEC-J03,77.0,0.0,5.0,0.0,0.0,0.0,1.0,0.0,4.0,0.0,1.13,0.0,0.0,1.0
JEC-J03,78.1,0.0,5.0,0.0,0.0,0.0,1.0,0.0,4.0,0.0,1.13,0.0,0.0,1.0
JEC-J03,79.2,0.0,5.0,0.0,0.0,0.0,1.0,0.0,4.0,0.0,1.13,0.0,0.0,1.0
JEC-J03,80.3,0.0,5.0,0.0,0.0,0.0,0.0,0.0,4.0,0.0,1.13,0.0,0.0,1.0
JEC-J03,81.4,0.0,5.0,0.0,0.0,0.0,0.0,0.0,4.0,0.0,1.13,0.0,0.0,1.0
JEC-J03,82.5,0.0,5.0,0.0,0.0,0.0,0.0,0.0,5.0,0.0,1.13,0.0,0.0,2.0
JEC-J03,83.6,0.0,5.0,0.0,0.0,0.0,0.0,0.0,5.0,0.0,1.13,0.0,0.0,4.0
JEC-J03,84.7,0.0,5.0,0.0,0.0,0.0,0.0,0.0,5.0,0.0,1.13,0.0,0.0,5.0
JEC-J03,85.8,0.0,5.0,0.0,0.0,0.0,0.0,0.0,5.0,0.0,1.13,0.0,0.0,6.0
JEC-J03,86.9,0.0,5.0,0.0,0.0,0.0,0.0,0.0,5.0,0.0,1.13,0.0,0.0,5.0
JEC-J03,88.0,0.0,5.0,0.0,0.0,0.0,0.0,0.0,5.0,0.0,1.13,0.0,0.0,6.0
JEC-J03,89.1,0.0,5.0,0.0,0.0,0.0,0.0,0.0,5.0,0.0,1.13,0.0,0.0,7.0
JEC-J03,90.2,0.0,5.0,0.0,0.0,0.0,0.0,0.0,5.0,0.0,1.13,0.0,0.0,8.0
JEC-J03,91.3,0.0,5.0,0.0,0.0,0.0,0.0,0.0,5.0,0.0,1.13,0.0,0.0,10.0
JEC-J03,92.4,0.0,5.0,0.0,0.0,0.0,0.0,0.0,5.0,0.0,1.13,0.0,0.0,10.0
JEC-J03,93.5,0.0,5.0,0.0,0.0,0.0,1.0,0.0,5.0,0.0,1.13,0.0,0.0,10.0
JEC-J03,94.6,0.0,5.0,0.0,0.0,0.0,1.0,0.0,5.0,0.0,1.13,0.0,0.0,10.0
JEC-J03,95.7,0.0,5.0,0.0,0.0,0.0,1.0,0.0,5.0,0.0,1.0,0.0,0.0,10.0
JEC-J03,96.8,0.0,5.0,0.0,0.0,0.0,1.0,0.0,5.0,0.0,1.0,0.0,0.0,10.0
JEC-J03,97.9,0.0,5.0,0.0,0.0,0.0,1.0,0.0,5.0,0.0,1.0,0.0,0.0,10.0
JEC-J03,99.0,0.0,5.0,0.0,0.0,0.0,1.0,0.0,5.0,0.0,1.0,0.0,0.0,10.0
JEC-J03,100.1,0.0,5.0,0.0,0.0,0.0,1.0,0.0,5.0,0.0,1.06,0.0,0.0,10.0
JEC-J03,101.2,0.0,5.0,0.0,0.0,0.0,1.0,0.0,7.0,0.0,1.06,0.0,0.0,12.0
JEC-J03,102.3,0.0,5.0,0.0,0.0,0.0,0.0,0.0,7.0,1.0,1.06,0.0,0.0,13.0
JEC-J03,103.4,0.0,5.0,0.0,0.0,0.0,0.0,0.0,6.0,1.0,1.06,0.0,0.0,16.0
JEC-J03,104.5,0.0,5.0,0.0,0.0,0.0,0.0,0.0,7.0,1.0,1.06,0.0,0.0,18.0
JEC-J03,105.6,0.0,5.0,0.0,0.0,0.0,0.0,0.0,7.0,1.0,1.06,0.0,0.0,18.0
JEC-J03,106.7,0.0,5.0,0.0,0.0,0.0,0.0,1.0,7.0,1.0,1.06,0.0,0.0,20.0
JEC-J03,107.8,0.0,5.0,0.0,0.0,0.0,0.0,1.0,7.0,1.0,1.06,0.0,0.0,21.0
JEC-J03,108.9,0.0,5.0,0.0,0.0,0.0,0.0,2.0,7.0,1.0,1.06,0.0,0.0,22.0
JEC-J03,110.0,0.0,5.0,0.0,0.0,0.0,0.0,2.0,7.0,1.0,1.06,0.0,0.0,22.0
JEC-J03,111.1,0.0,5.0,0.0,0.0,0.0,1.0,3.0,7.0,1.0,1.06,0.0,0.0,23.0
JEC-J03,112.2,0.0,5.0,0.0,0.0,0.0,2.0,4.0,6.0,1.0,1.06,0.0,0.0,23.0
JEC-J03,113.3,0.0,5.0,0.0,0.0,0.0,1.0,4.0,6.0,1.0,1.06,0.0,0.0,23.0
JEC-J03,114.4,0.0,5.0,0.0,0.0,0.0,1.0,4.0,6.0,1.0,1.06,0.0,0.0,25.0
JEC-J03,115.5,0.0,5.0,0.0,0.0,0.0,1.0,5.0,6.0,1.0,1.06,0.0,0.0,27.0
JEC-J03,116.6,0.0,5.0,0.0,0.0,0.0,1.0,6.0,6.0,1.0,1.06,0.0,0.0,28.0
JEC-J03,117.7,0.0,5.0,0.0,0.0,0.0,1.0,7.0,6.0,1.0,1.06,0.0,0.0,29.0
JEC-J03,118.8,0.0,5.0,0.0,0.0,0.0,0.0,8.0,6.0,2.0,1.06,0.0,0.0,30.0
JEC-J03,119.9,0.0,5.0,0.0,0.0,0.0,0.0,8.0,6.0,2.0,1.06,0.0,0.0,31.0
JEC-J03,121.0,0.0,5.0,0.0,0.0,0.0,0.0,10.0,6.0,2.0,1.06,0.0,0.0,32.0
JEC-J03,122.1,0.0,5.0,0.0,0.0,0.0,0.0,12.0,6.0,2.0,1.06,0.0,0.0,34.0
JEC-J03,123.2,0.0,5.0,0.0,0.0,0.0,0.0,13.0,6.0,2.0,1.06,0.0,0.0,34.0
JEC-J03,124.3,0.0,5.0,0.0,0.0,0.0,0.0,13.0,6.0,2.0,1.06,0.0,0.0,34.0
JEC-J03,125.4,0.0,5.0,0.0,0.0,0.0,0.0,12.0,6.0,2.0,1.06,0.0,0.0,34.0
JEC-J03,126.5,0.0,5.0,0.0,0.0,0.0,0.0,14.0,6.0,2.0,1.06,0.0,0.0,35.0
JEC-J03,127.6,0.0,5.0,0.0,0.0,0.0,0.0,14.0,6.0,2.0,1.06,0.0,0.0,35.0
JEC-J03,128.7,0.0,5.0,0.0,0.0,0.0,0.0,14.0,6.0,2.0,1.06,0.0,0.0,34.0
JEC-J03,129.8,0.0,5.0,0.0,0.0,0.0,1.0,12.0,6.0,2.0,1.06,0.0,0.0,34.0
JEC-J03,130.9,0.0,5.0,0.0,0.0,0.0,0.0,13.0,6.0,2.0,1.06,0.0,0.0,34.0
JEC-J03,132.0,0.0,5.0,0.0,0.0,0.0,0.0,13.0,6.0,2.0,1.06,0.0,0.0,35.0
JEC-J03,133.1,0.0,5.0,0.0,0.0,0.0,0.0,12.0,6.0,2.0,1.06,0.0,0.0,34.0
JEC-J03,134.2,0.0,5.0,0.0,0.0,0.0,0.0,10.0,6.0,2.0,1.06,0.0,0.0,34.0
JEC-J03,135.3,0.0,5.0,0.0,0.0,0.0,0.0,8.0,6.0,2.0,1.06,0.0,0.0,34.0
JEC-J03,136.4,0.0,5.0,0.0,0.0,0.0,0.0,8.0,6.0,2.0,1.06,0.0,0.0,35.0
JEC-J03,137.5,0.0,5.0,0.0,0.0,0.0,0.0,7.0,6.0,2.0,1.06,0.0,0.0,36.0
JEC-J03,138.6,0.0,5.0,0.0,0.0,0.0,0.0,7.0,6.0,2.0,1.06,0.0,0.0,35.0
JEC-J03,139.7,0.0,5.0,0.0,0.0,0.0,0.0,6.0,6.0,2.0,1.06,0.0,0.0,35.0
JEC-J03,140.8,0.0,5.0,0.0,0.0,0.0,0.0,7.0,6.0,2.0,1.06,0.0,0.0,35.0
JEC-J03,141.9,0.0,5.0,0.0,0.0,0.0,0.0,7.0,6.0,2.0,1.06,0.0,0.0,36.0
JEC-J03,143.0,0.0,5.0,0.0,0.0,0.0,0.0,6.0,6.0,2.0,1.06,0.0,0.0,36.0
JEC-J03,144.1,1.0,5.0,0.0,0.0,0.0,0.0,5.0,6.0,2.0,1.06,0.0,0.0,35.0
JEC-J03,145.2,1.0,5.0,0.0,0.0,0.0,0.0,5.0,6.0,2.0,1.06,0.0,0.0,35.0
JEC-J03,146.3,1.0,5.0,0.0,0.0,0.0,0.0,5.0,6.0,2.0,1.06,0.0,0.0,36.0
JEC-J03,147.4,1.0,5.0,0.0,0.0,0.0,0.0,5.0,6.0,2.0,1.06,0.0,0.0,36.0
JEC-J03,148.5,1.0,5.0,0.0,0.0,0.0,1.0,5.0,6.0,2.0,1.06,0.0,0.0,35.0
JEC-J03,149.6,1.0,5.0,1.0,0.0,0.0,0.0,6.0,6.0,2.0,1.06,0.0,0.0,33.0
JEC-J03,150.7,1.0,5.0,1.0,0.0,0.0,0.0,5.0,6.0,2.0,1.06,0.0,0.0,33.0
JEC-J03,151.8,0.0,5.0,1.0,0.0,0.0,0.0,5.0,6.0,2.0,1.06,0.0,0.0,34.0
JEC-J03,152.9,1.0,5.0,1.0,0.0,0.0,0.0,5.0,6.0,2.0,1.06,0.0,0.0,35.0
JEC-J03,154.0,1.0,5.0,1.0,0.0,0.0,0.0,5.0,6.0,2.0,1.06,0.0,0.0,33.0
JEC-J03,155.1,1.0,5.0,1.0,0.0,0.0,0.0,4.0,6.0,2.0,1.06,0.0,0.0,33.0
JEC-J03,156.2,1.0,5.0,1.0,0.0,0.0,0.0,3.0,6.0,2.0,1.06,0.0,0.0,34.0
JEC-J03,157.3,1.0,5.0,0.0,0.0,0.0,1.0,1.0,6.0,2.0,1.06,0.0,0.0,34.0
JEC-J03,158.4,1.0,5.0,1.0,0.0,0.0,0.0,0.0,6.0,2.0,1.06,0.0,0.0,33.0
JEC-J03,159.5,1.0,5.0,1.0,0.0,0.0,0.0,1.0,6.0,2.0,1.06,0.0,0.0,33.0
JEC-J03,160.6,1.0,5.0,1.0,0.0,0.0,0.0,2.0,6.0,2.0,1.0,0.0,0.0,33.0
JEC-J03,161.7,1.0,5.0,1.0,0.0,0.0,0.0,3.0,6.0,2.0,1.0,0.0,0.0,34.0
JEC-J03,162.8,1.0,5.0,1.0,0.0,0.0,0.0,4.0,6.0,2.0,1.0,0.0,0.0,33.0
JEC-J03,163.9,1.0,5.0,1.0,0.0,0.0,0.0,5.0,6.0,2.0,1.0,0.0,0.0,33.0
JEC-J03,165.0,1.0,5.0,1.0,0.0,0.0,0.0,5.0,6.0,2.0,1.0,0.0,0.0,33.0
JEC-J03,166.1,1.0,5.0,1.0,0.0,0.0,1.0,4.0,6.0,2.0,1.0,0.0,0.0,34.0
JEC-J03,167.2,1.0,5.0,1.0,0.0,0.0,0.0,2.0,6.0,2.0,1.0,0.0,0.0,34.0
JEC-J03,168.3,1.0,5.0,1.0,0.0,0.0,0.0,2.0,6.0,2.0,1.0,0.0,0.0,33.0
JEC-J03,169.4,1.0,5.0,1.0,0.0,0.0,0.0,2.0,6.0,2.0,1.0,0.0,0.0,33.0
JEC-J03,170.5,1.0,5.0,1.0,0.0,0.0,0.0,2.0,6.0,2.0,1.0,0.0,0.0,33.0
JEC-J03,171.6,1.0,5.0,1.0,0.0,0.0,0.0,2.0,6.0,2.0,1.0,0.0,0.0,34.0
JEC-J03,172.7,1.0,5.0,1.0,0.0,0.0,0.0,2.0,6.0,2.0,1.0,0.0,0.0,34.0
JEC-J03,173.8,1.0,5.0,1.0,0.0,0.0,0.0,1.0,6.0,2.0,1.0,0.0,0.0,32.0
JEC-J03,174.9,1.0,5.0,1.0,0.0,0.0,0.0,0.0,6.0,2.0,1.0,0.0,0.0,33.0
JEC-J03,176.0,1.0,5.0,1.0,0.0,0.0,0.0,0.0,6.0,2.0,1.0,0.0,0.0,34.0
JEC-J03,177.1,1.0,5.0,1.0,0.0,0.0,0.0,0.0,6.0,2.0,1.0,0.0,0.0,34.0
JEC-J03,178.2,1.0,5.0,1.0,0.0,0.0,0.0,0.0,6.0,2.0,1.0,0.0,0.0,33.0
JEC-J03,179.3,1.0,5.0,1.0,0.0,0.0,0.0,0.0,6.0,2.0,1.0,0.0,0.0,33.0
JEC-J03,180.4,1.0,5.0,1.0,0.0,0.0,0.0,0.0,6.0,2.0,1.0,0.0,0.0,33.0
JEC-J03,181.5,1.0,5.0,1.0,0.0,0.0,0.0,0.0,6.0,2.0,1.0,0.0,0.0,34.0
JEC-J03,182.6,1.0,5.0,1.0,0.0,0.0,0.0,0.0,6.0,2.0,1.0,0.0,0.0,34.0
JEC-J03,183.7,1.0,5.0,1.0,0.0,0.0,1.0,0.0,6.0,2.0,1.0,0.0,0.0,33.0
JEC-J03,184.8,1.0,5.0,1.0,0.0,0.0,0.0,0.0,6.0,2.0,1.0,0.0,0.0,32.0
JEC-J03,185.9,1.0,5.0,1.0,0.0,0.0,0.0,0.0,6.0,2.0,1.0,0.0,0.0,33.0
JEC-J03,187.0,1.0,5.0,1.0,0.0,0.0,0.0,0.0,6.0,2.0,1.0,0.0,0.0,33.0
JEC-J03,188.1,1.0,5.0,1.0,0.0,0.0,0.0,1.0,6.0,2.0,1.0,0.0,0.0,32.0
JEC-J03,189.2,1.0,5.0,1.0,0.0,0.0,0.0,1.0,6.0,2.0,1.0,0.0,0.0,32.0
JEC-J03,190.3,1.0,5.0,1.0,0.0,0.0,0.0,1.0,6.0,2.0,1.0,0.0,0.0,33.0
JEC-J03,191.4,1.0,5.0,1.0,0.0,0.0,0.0,1.0,6.0,2.0,1.0,0.0,0.0,34.0
JEC-J03,192.5,1.0,5.0,1.0,0.0,0.0,0.0,1.0,6.0,2.0,1.0,0.0,0.0,34.0
JEC-J03,193.6,1.0,5.0,1.0,0.0,0.0,0.0,1.0,6.0,2.0,1.0,0.0,0.0,32.0
JEC-J05,1.1,0.0,5.0,0.0,0.0,0.0,0.0,0.0,4.0,0.0,1.13,0.0,0.0,0.0
JEC-J05,2.2,0.0,5.0,0.0,0.0,0.0,0.0,0.0,4.0,0.0,1.13,0.0,0.0,0.0
JEC-J05,3.3,0.0,5.0,0.0,0.0,0.0,0.0,0.0,4.0,0.0,1.13,0.0,0.0,0.0
JEC-J05,4.4,0.0,5.0,0.0,0.0,0.0,0.0,0.0,4.0,0.0,1.13,0.0,0.0,0.0
JEC-J05,5.5,0.0,5.0,0.0,0.0,0.0,0.0,0.0,4.0,0.0,1.13,0.0,0.0,0.0
JEC-J05,6.6,0.0,5.0,0.0,0.0,0.0,0.0,0.0,4.0,0.0,1.13,0.0,0.0,0.0
JEC-J05,7.7,0.0,5.0,0.0,0.0,0.0,0.0,0.0,4.0,0.0,1.13,0.0,0.0,0.0
JEC-J05,8.8,0.0,5.0,0.0,0.0,0.0,0.0,0.0,4.0,0.0,1.13,0.0,0.0,0.0
JEC-J05,9.9,0.0,5.0,0.0,0.0,0.0,0.0,0.0,4.0,0.0,1.13,0.0,0.0,0.0
JEC-J05,11.0,0.0,5.0,0.0,0.0,0.0,1.0,0.0,4.0,0.0,1.13,0.0,0.0,0.0
JEC-J05,12.1,0.0,5.0,0.0,0.0,0.0,1.0,0.0,4.0,0.0,1.13,0.0,0.0,0.0
JEC-J05,13.2,0.0,5.0,0.0,0.0,0.0,1.0,0.0,4.0,0.0,1.13,0.0,0.0,0.0
JEC-J05,14.3,1.0,5.0,0.0,0.0,0.0,1.0,0.0,4.0,0.0,1.13,0.0,0.0,0.0
JEC-J05,15.4,1.0,5.0,0.0,0.0,0.0,1.0,0.0,4.0,0.0,1.13,0.0,0.0,0.0
JEC-J05,16.5,1.0,5.0,0.0,0.0,0.0,1.0,0.0,4.0,0.0,1.13,0.0,0.0,0.0
JEC-J05,17.6,0.0,5.0,0.0,0.0,0.0,0.0,0.0,4.0,1.0,1.13,0.0,0.0,1.0
JEC-J05,18.7,0.0,5.0,0.0,0.0,0.0,1.0,0.0,4.0,1.0,1.13,0.0,0.0,1.0
JEC-J05,19.8,0.0,5.0,1.0,0.0,0.0,1.0,0.0,4.0,1.0,1.13,0.0,0.0,2.0
JEC-J05,20.9,0.0,5.0,1.0,0.0,0.0,1.0,0.0,4.0,1.0,1.13,0.0,0.0,2.0
JEC-J05,22.0,0.0,5.0,1.0,0.0,0.0,1.0,0.0,4.0,1.0,1.13,0.0,0.0,0.0
JEC-J05,23.1,0.0,5.0,0.0,0.0,0.0,1.0,0.0,4.0,1.0,1.13,0.0,0.0,0.0
JEC-J05,24.2,1.0,5.0,0.0,0.0,0.0,1.0,0.0,4.0,1.0,1.13,0.0,0.0,0.0
JEC-J05,25.3,1.0,5.0,0.0,0.0,0.0,1.0,0.0,4.0,0.0,1.13,0.0,0.0,0.0
JEC-J05,26.4,1.0,5.0,0.0,0.0,0.0,1.0,0.0,4.0,0.0,1.13,0.0,0.0,0.0
JEC-J05,27.5,1.0,5.0,0.0,0.0,0.0,1.0,0.0,4.0,0.0,1.13,0.0,0.0,1.0
JEC-J05,28.6,0.0,5.0,0.0,0.0,0.0,0.0,0.0,4.0,1.0,1.13,0.0,0.0,1.0
JEC-J05,29.7,0.0,5.0,1.0,0.0,0.0,0.0,0.0,4.0,1.0,1.13,0.0,0.0,2.0
JEC-J05,30.8,0.0,5.0,1.0,0.0,0.0,0.0,0.0,4.0,1.0,1.13,0.0,0.0,2.0
JEC-J05,31.9,0.0,5.0,1.0,0.0,0.0,0.0,0.0,4.0,1.0,1.13,0.0,0.0,0.0
JEC-J05,33.0,0.0,5.0,1.0,0.0,0.0,0.0,0.0,4.0,1.0,1.13,0.0,0.0,0.0
JEC-J05,34.1,0.0,5.0,0.0,0.0,0.0,0.0,0.0,4.0,1.0,1.13,0.0,0.0,0.0
JEC-J05,35.2,0.0,5.0,0.0,0.0,0.0,0.0,0.0,4.0,0.0,1.13,0.0,0.0,0.0
JEC-J05,36.3,0.0,5.0,0.0,0.0,0.0,1.0,0.0,4.0,0.0,1.13,0.0,0.0,0.0
JEC-J05,37.4,0.0,5.0,0.0,0.0,0.0,1.0,0.0,4.0,0.0,1.13,0.0,0.0,0.0
JEC-J05,38.5,0.0,5.0,0.0,0.0,0.0,1.0,0.0,4.0,0.0,1.13,0.0,0.0,0.0
JEC-J05,39.6,0.0,5.0,0.0,0.0,0.0,2.0,0.0,4.0,0.0,1.13,0.0,0.0,0.0
JEC-J05,40.7,1.0,5.0,0.0,0.0,0.0,2.0,0.0,4.0,0.0,1.03,0.0,0.0,0.0
JEC-J05,41.8,1.0,5.0,0.0,0.0,0.0,2.0,0.0,4.0,0.0,1.03,0.0,0.0,0.0
JEC-J05,42.9,1.0,5.0,0.0,0.0,0.0,2.0,0.0,4.0,0.0,1.03,0.0,0.0,0.0
JEC-J05,44.0,1.0,5.0,0.0,0.0,0.0,2.0,0.0,4.0,0.0,1.03,0.0,0.0,1.0
JEC-J05,45.1,0.0,5.0,0.0,0.0,0.0,1.0,0.0,3.0,1.0,1.03,0.0,0.0,1.0
JEC-J05,46.2,0.0,5.0,1.0,0.0,0.0,1.0,0.0,3.0,1.0,1.03,0.0,0.0,2.0
JEC-J05,47.3,0.0,5.0,1.0,0.0,0.0,1.0,0.0,4.0,1.0,1.03,0.0,0.0,2.0
JEC-J05,48.4,1.0,5.0,1.0,0.0,0.0,1.0,0.0,4.0,1.0,1.03,0.0,0.0,0.0
JEC-J05,49.5,1.0,5.0,1.0,0.0,0.0,1.0,0.0,4.0,1.0,1.03,0.0,0.0,0.0
JEC-J05,50.6,1.0,5.0,0.0,0.0,0.0,1.0,0.0,4.0,1.0,1.03,0.0,0.0,0.0
JEC-J05,51.7,0.0,5.0,0.0,0.0,0.0,0.0,0.0,4.0,1.0,1.03,0.0,0.0,1.0
JEC-J05,52.8,0.0,5.0,0.0,0.0,0.0,0.0,0.0,3.0,1.0,1.03,0.0,0.0,1.0
JEC-J05,53.9,0.0,5.0,1.0,0.0,0.0,0.0,0.0,3.0,1.0,1.03,0.0,0.0,2.0
JEC-J05,55.0,0.0,5.0,1.0,0.0,0.0,0.0,0.0,3.0,1.0,1.03,0.0,0.0,0.0
JEC-J05,56.1,0.0,5.0,1.0,0.0,0.0,0.0,0.0,3.0,1.0,1.13,0.0,0.0,0.0
JEC-J05,57.2,0.0,5.0,0.0,0.0,0.0,0.0,0.0,3.0,1.0,1.13,0.0,0.0,0.0
JEC-J05,58.3,0.0,5.0,0.0,0.0,0.0,0.0,0.0,3.0,1.0,1.13,0.0,0.0,0.0
JEC-J05,59.4,0.0,5.0,0.0,0.0,0.0,0.0,0.0,3.0,0.0,1.13,0.0,0.0,0.0
JEC-J05,60.5,0.0,5.0,0.0,0.0,0.0,0.0,0.0,3.0,0.0,1.13,0.0,0.0,0.0
JEC-J05,61.6,0.0,5.0,0.0,0.0,0.0,0.0,0.0,3.0,0.0,1.13,0.0,0.0,0.0
JEC-J05,62.7,0.0,5.0,0.0,0.0,0.0,0.0,0.0,3.0,0.0,1.13,0.0,0.0,0.0
JEC-J05,63.8,0.0,5.0,0.0,0.0,0.0,0.0,0.0,3.0,0.0,1.13,0.0,0.0,0.0
JEC-J05,64.9,0.0,5.0,0.0,0.0,0.0,0.0,0.0,3.0,0.0,1.13,0.0,0.0,1.0
JEC-J05,66.0,0.0,5.0,0.0,0.0,0.0,0.0,0.0,3.0,0.0,1.13,0.0,0.0,3.0
JEC-J05,67.1,0.0,5.0,0.0,0.0,0.0,0.0,0.0,3.0,0.0,1.13,0.0,0.0,4.0
JEC-J05,68.2,0.0,5.0,0.0,0.0,0.0,0.0,0.0,3.0,0.0,1.13,0.0,0.0,5.0
JEC-J05,69.3,0.0,5.0,0.0,0.0,0.0,0.0,0.0,3.0,0.0,1.13,0.0,0.0,5.0
JEC-J05,70.4,0.0,5.0,0.0,0.0,0.0,0.0,0.0,3.0,0.0,1.13,0.0,0.0,5.0
JEC-J05,71.5,0.0,5.0,0.0,0.0,0.0,0.0,0.0,3.0,0.0,1.13,0.0,0.0,5.0
JEC-J05,72.6,0.0,5.0,0.0,0.0,0.0,0.0,0.0,3.0,0.0,1.13,0.0,0.0,5.0
JEC-J05,73.7,0.0,5.0,0.0,0.0,0.0,0.0,0.0,3.0,0.0,1.13,0.0,0.0,5.0
JEC-J05,74.8,0.0,5.0,0.0,0.0,0.0,0.0,0.0,3.0,0.0,1.13,0.0,0.0,5.0
JEC-J05,75.9,0.0,5.0,0.0,0.0,0.0,0.0,0.0,3.0,0.0,1.13,0.0,0.0,5.0
JEC-J05,77.0,0.0,5.0,0.0,0.0,0.0,0.0,0.0,3.0,0.0,1.13,0.0,0.0,5.0
JEC-J05,78.1,0.0,5.0,0.0,0.0,0.0,0.0,0.0,2.0,0.0,1.13,0.0,0.0,6.0
JEC-J05,79.2,0.0,5.0,0.0,0.0,0.0,0.0,0.0,2.0,0.0,1.13,0.0,0.0,6.0
JEC-J05,80.3,0.0,5.0,0.0,0.0,0.0,0.0,0.0,2.0,0.0,1.13,0.0,0.0,6.0
JEC-J05,81.4,0.0,5.0,0.0,0.0,0.0,0.0,0.0,2.0,0.0,1.13,0.0,0.0,6.0
JEC-J05,82.5,0.0,5.0,0.0,0.0,0.0,0.0,0.0,2.0,0.0,1.13,0.0,0.0,6.0
JEC-J05,83.6,0.0,5.0,0.0,0.0,0.0,0.0,0.0,2.0,0.0,1.13,0.0,0.0,6.0
JEC-J05,84.7,0.0,5.0,0.0,0.0,0.0,0.0,0.0,2.0,0.0,1.13,0.0,0.0,6.0
JEC-J05,85.8,0.0,5.0,0.0,0.0,0.0,0.0,0.0,2.0,0.0,1.13,0.0,0.0,6.0
JEC-J05,86.9,0.0,5.0,0.0,0.0,0.0,0.0,0.0,2.0,0.0,1.13,0.0,0.0,5.0
JEC-J05,88.0,0.0,5.0,0.0,0.0,0.0,0.0,0.0,2.0,0.0,1.13,0.0,0.0,3.0
JEC-J05,89.1,0.0,5.0,0.0,0.0,0.0,0.0,0.0,2.0,0.0,1.13,0.0,0.0,2.0
JEC-J05,90.2,0.0,5.0,0.0,0.0,0.0,0.0,0.0,1.0,0.0,1.13,0.0,0.0,1.0
JEC-J05,91.3,0.0,5.0,0.0,0.0,0.0,0.0,0.0,2.0,0.0,1.13,0.0,0.0,2.0
JEC-J05,92.4,0.0,5.0,0.0,0.0,0.0,0.0,0.0,3.0,0.0,1.13,0.0,0.0,3.0
JEC-J05,93.5,0.0,5.0,0.0,0.0,0.0,0.0,0.0,3.0,0.0,1.13,0.0,0.0,4.0
JEC-J05,94.6,0.0,5.0,0.0,0.0,0.0,0.0,0.0,3.0,0.0,1.13,0.0,0.0,5.0
JEC-J05,95.7,0.0,5.0,0.0,0.0,0.0,0.0,0.0,3.0,0.0,1.0,0.0,0.0,5.0
JEC-J05,96.8,0.0,5.0,0.0,0.0,0.0,0.0,0.0,4.0,0.0,1.0,0.0,0.0,6.0
JEC-J05,97.9,0.0,5.0,0.0,0.0,0.0,0.0,0.0,5.0,0.0,1.0,0.0,0.0,7.0
JEC-J05,99.0,0.0,5.0,0.0,0.0,0.0,0.0,0.0,5.0,0.0,1.0,0.0,0.0,9.0
JEC-J05,100.1,0.0,5.0,0.0,0.0,0.0,0.0,0.0,5.0,0.0,1.06,0.0,0.0,9.0
JEC-J05,101.2,0.0,5.0,0.0,0.0,0.0,0.0,0.0,5.0,0.0,1.06,0.0,0.0,9.0
JEC-J05,102.3,0.0,5.0,0.0,0.0,0.0,0.0,0.0,5.0,0.0,1.06,0.0,0.0,9.0
JEC-J05,103.4,0.0,5.0,0.0,0.0,0.0,1.0,0.0,5.0,0.0,1.06,0.0,0.0,9.0
JEC-J05,104.5,0.0,5.0,0.0,0.0,0.0,1.0,0.0,5.0,0.0,1.06,0.0,0.0,9.0
JEC-J05,105.6,0.0,5.0,0.0,0.0,0.0,1.0,0.0,5.0,0.0,1.06,0.0,0.0,10.0
JEC-J05,106.7,0.0,5.0,0.0,0.0,0.0,1.0,0.0,5.0,0.0,1.06,0.0,0.0,11.0
JEC-J05,107.8,1.0,5.0,0.0,0.0,0.0,1.0,0.0,5.0,0.0,1.06,0.0,0.0,13.0
JEC-J05,108.9,1.0,5.0,0.0,0.0,0.0,1.0,0.0,5.0,0.0,1.06,0.0,0.0,14.0
JEC-J05,110.0,1.0,5.0,0.0,0.0,0.0,0.0,0.0,5.0,1.0,1.06,0.0,0.0,14.0
JEC-J05,111.1,0.0,5.0,0.0,0.0,0.0,0.0,0.0,5.0,1.0,1.06,0.0,0.0,15.0
JEC-J05,112.2,0.0,5.0,0.0,0.0,0.0,0.0,0.0,4.0,1.0,1.06,0.0,0.0,15.0
JEC-J05,113.3,0.0,5.0,1.0,0.0,0.0,0.0,0.0,4.0,1.0,1.06,0.0,0.0,14.0
JEC-J05,114.4,0.0,5.0,1.0,0.0,0.0,0.0,0.0,4.0,1.0,1.06,0.0,0.0,12.0
JEC-J05,115.5,0.0,5.0,1.0,0.0,0.0,0.0,0.0,4.0,1.0,1.06,0.0,0.0,11.0
JEC-J05,116.6,0.0,5.0,0.0,0.0,0.0,0.0,0.0,4.0,1.0,1.06,0.0,0.0,10.0
JEC-J05,117.7,0.0,5.0,0.0,0.0,0.0,0.0,0.0,4.0,1.0,1.06,0.0,0.0,10.0
JEC-J05,118.8,0.0,5.0,0.0,0.0,0.0,0.0,0.0,4.0,0.0,1.06,0.0,0.0,9.0
JEC-J05,119.9,0.0,5.0,0.0,0.0,0.0,0.0,0.0,4.0,0.0,1.06,0.0,0.0,8.0
JEC-J05,121.0,0.0,5.0,0.0,0.0,0.0,0.0,0.0,4.0,0.0,1.06,0.0,0.0,6.0
JEC-J05,122.1,0.0,5.0,0.0,0.0,0.0,0.0,0.0,4.0,0.0,1.06,0.0,0.0,5.0
JEC-J05,123.2,0.0,5.0,0.0,0.0,0.0,0.0,0.0,4.0,0.0,1.06,0.0,0.0,5.0
JEC-J05,124.3,0.0,5.0,0.0,0.0,0.0,0.0,0.0,4.0,0.0,1.06,0.0,0.0,5.0
JEC-J05,125.4,0.0,5.0,0.0,0.0,0.0,0.0,0.0,4.0,0.0,1.06,0.0,0.0,5.0
JEC-J05,126.5,0.0,5.0,0.0,0.0,0.0,0.0,0.0,4.0,0.0,1.06,0.0,0.0,5.0
JEC-J05,127.6,0.0,5.0,0.0,0.0,0.0,0.0,0.0,4.0,0.0,1.06,0.0,0.0,4.0
JEC-J05,128.7,0.0,5.0,0.0,0.0,0.0,0.0,0.0,4.0,0.0,1.06,0.0,0.0,3.0
JEC-J05,129.8,0.0,5.0,0.0,0.0,0.0,0.0,0.0,4.0,0.0,1.06,0.0,0.0,1.0
JEC-J05,130.9,0.0,5.0,0.0,0.0,0.0,0.0,0.0,4.0,0.0,1.06,0.0,0.0,0.0
JEC-J05,132.0,0.0,5.0,0.0,0.0,0.0,0.0,0.0,4.0,0.0,1.06,0.0,0.0,0.0
JEC-J05,133.1,0.0,5.0,0.0,0.0,0.0,0.0,0.0,4.0,0.0,1.06,0.0,0.0,0.0
JEC-J05,134.2,0.0,5.0,0.0,0.0,0.0,0.0,0.0,4.0,0.0,1.06,0.0,0.0,0.0
JEC-J05,135.3,0.0,5.0,0.0,0.0,0.0,0.0,0.0,4.0,0.0,1.06,0.0,0.0,0.0
JEC-J05,136.4,0.0,5.0,0.0,0.0,0.0,0.0,0.0,4.0,0.0,1.06,0.0,0.0,0.0
JEC-J05,137.5,0.0,5.0,0.0,0.0,0.0,0.0,0.0,4.0,0.0,1.06,0.0,0.0,0.0
JEC-J05,138.6,0.0,5.0,0.0,0.0,0.0,0.0,0.0,4.0,0.0,1.06,0.0,0.0,0.0
JEC-J05,139.7,0.0,5.0,0.0,0.0,0.0,0.0,0.0,4.0,0.0,1.06,0.0,0.0,0.0
JEC-J05,140.8,0.0,5.0,0.0,0.0,0.0,0.0,0.0,4.0,0.0,1.06,0.0,0.0,0.0
JEC-J05,141.9,0.0,5.0,0.0,0.0,0.0,0.0,0.0,4.0,0.0,1.06,0.0,0.0,0.0
JEC-J05,143.0,0.0,5.0,0.0,0.0,0.0,0.0,0.0,4.0,0.0,1.06,0.0,0.0,0.0
JEC-J05,144.1,0.0,5.0,0.0,0.0,0.0,0.0,0.0,4.0,0.0,1.06,0.0,0.0,0.0
JEC-J05,145.2,0.0,5.0,0.0,0.0,0.0,0.0,0.0,4.0,0.0,1.06,0.0,0.0,0.0
JEC-J05,146.3,0.0,5.0,0.0,0.0,0.0,0.0,0.0,4.0,0.0,1.06,0.0,0.0,0.0
JEC-J05,147.4,0.0,5.0,0.0,0.0,0.0,0.0,0.0,4.0,0.0,1.06,0.0,0.0,0.0
JEC-J05,148.5,0.0,5.0,0.0,0.0,0.0,0.0,0.0,4.0,0.0,1.06,0.0,0.0,0.0
JEC-J05,149.6,0.0,5.0,0.0,0.0,0.0,0.0,0.0,4.0,0.0,1.06,0.0,0.0,0.0
JEC-J05,150.7,0.0,5.0,0.0,0.0,0.0,0.0,0.0,4.0,0.0,1.06,0.0,0.0,0.0
JEC-J05,151.8,0.0,5.0,0.0,0.0,0.0,0.0,0.0,4.0,0.0,1.06,0.0,0.0,0.0
JEC-J05,152.9,0.0,5.0,0.0,0.0,0.0,0.0,0.0,4.0,0.0,1.06,0.0,0.0,0.0
JEC-J05,154.0,0.0,5.0,0.0,0.0,0.0,0.0,0.0,4.0,0.0,1.06,0.0,0.0,0.0
JEC-J05,155.1,0.0,5.0,0.0,0.0,0.0,0.0,0.0,4.0,0.0,1.06,0.0,0.0,0.0
JEC-J05,156.2,0.0,5.0,0.0,0.0,0.0,0.0,0.0,4.0,0.0,1.06,0.0,0.0,0.0
JEC-J05,157.3,0.0,5.0,0.0,0.0,0.0,0.0,0.0,4.0,0.0,1.06,0.0,0.0,0.0
JEC-J05,158.4,0.0,5.0,0.0,0.0,0.0,0.0,0.0,4.0,0.0,1.06,0.0,0.0,0.0
JEC-J05,159.5,0.0,5.0,0.0,0.0,0.0,0.0,0.0,4.0,0.0,1.06,0.0,0.0,0.0
JEC-J05,160.6,0.0,5.0,0.0,0.0,0.0,0.0,0.0,4.0,0.0,1.0,0.0,0.0,0.0
JEC-J05,161.7,0.0,5.0,0.0,0.0,0.0,0.0,0.0,4.0,0.0,1.0,0.0,0.0,0.0
JEC-J05,162.8,0.0,5.0,0.0,0.0,0.0,0.0,0.0,4.0,0.0,1.0,0.0,0.0,0.0
JEC-J05,163.9,0.0,5.0,0.0,0.0,0.0,0.0,0.0,4.0,0.0,1.0,0.0,0.0,0.0
JEC-J05,165.0,0.0,5.0,0.0,0.0,0.0,0.0,0.0,4.0,0.0,1.0,0.0,0.0,0.0
JEC-J05,166.1,0.0,5.0,0.0,0.0,0.0,0.0,0.0,4.0,0.0,1.0,0.0,0.0,0.0
JEC-J05,167.2,0.0,5.0,0.0,0.0,0.0,0.0,0.0,4.0,0.0,1.0,0.0,0.0,0.0
JEC-J05,168.3,0.0,5.0,0.0,0.0,0.0,0.0,0.0,4.0,0.0,1.0,0.0,0.0,0.0
JEC-J05,169.4,0.0,5.0,0.0,0.0,0.0,0.0,0.0,4.0,0.0,1.0,0.0,0.0,0.0
JEC-J05,170.5,0.0,5.0,0.0,0.0,0.0,0.0,0.0,4.0,0.0,1.0,0.0,0.0,0.0
JEC-J05,171.6,0.0,5.0,0.0,0.0,0.0,0.0,0.0,4.0,0.0,1.0,0.0,0.0,0.0
JEC-J05,172.7,0.0,5.0,0.0,0.0,0.0,0.0,0.0,4.0,0.0,1.0,0.0,0.0,0.0
JEC-J05,173.8,0.0,5.0,0.0,0.0,0.0,0.0,0.0,4.0,0.0,1.0,0.0,0.0,0.0
JEC-J05,174.9,0.0,5.0,0.0,0.0,0.0,0.0,0.0,4.0,0.0,1.0,0.0,0.0,0.0
JEC-J05,176.0,0.0,5.0,0.0,0.0,0.0,0.0,0.0,4.0,0.0,1.0,0.0,0.0,0.0
JEC-J05,177.1,0.0,5.0,0.0,0.0,0.0,0.0,0.0,4.0,0.0,1.0,0.0,0.0,0.0
JEC-J05,178.2,0.0,5.0,0.0,0.0,0.0,0.0,0.0,4.0,0.0,1.0,0.0,0.0,0.0
JEC-J05,179.3,0.0,5.0,0.0,0.0,0.0,0.0,0.0,4.0,0.0,1.0,0.0,0.0,0.0
JEC-J05,180.4,0.0,5.0,0.0,0.0,0.0,0.0,0.0,4.0,0.0,1.0,0.0,0.0,0.0
JEC-J05,181.5,0.0,5.0,0.0,0.0,0.0,0.0,0.0,4.0,0.0,1.0,0.0,0.0,0.0
JEC-J05,182.6,0.0,5.0,0.0,0.0,0.0,0.0,0.0,4.0,0.0,1.0,0.0,0.0,0.0
JEC-J05,183.7,0.0,5.0,0.0,0.0,0.0,0.0,0.0,4.0,0.0,1.0,0.0,0.0,0.0
JEC-J05,184.8,0.0,5.0,0.0,0.0,0.0,0.0,0.0,4.0,0.0,1.0,0.0,0.0,0.0
JEC-J05,185.9,0.0,5.0,0.0,0.0,0.0,0.0,0.0,4.0,0.0,1.0,0.0,0.0,0.0
JEC-J05,187.0,0.0,5.0,0.0,0.0,0.0,0.0,0.0,4.0,0.0,1.0,0.0,0.0,0.0
JEC-J05,188.1,0.0,5.0,0.0,0.0,0.0,0.0,0.0,4.0,0.0,1.0,0.0,0.0,0.0
JEC-J05,189.2,0.0,5.0,0.0,0.0,0.0,0.0,0.0,4.0,0.0,1.0,0.0,0.0,0.0
JEC-J05,190.3,0.0,5.0,0.0,0.0,0.0,0.0,0.0,4.0,0.0,1.0,0.0,0.0,0.0
JEC-J05,191.4,0.0,5.0,0.0,0.0,0.0,0.0,0.0,4.0,0.0,1.0,0.0,0.0,0.0
JEC-J05,192.5,0.0,5.0,0.0,0.0,0.0,0.0,0.0,4.0,0.0,1.0,0.0,0.0,0.0
JEC-J05,193.6,0.0,5.0,0.0,0.0,0.0,0.0,0.0,4.0,0.0,1.0,0.0,0.0,0.0
JEC-J06,1.1,0.0,5.0,0.0,0.0,0.0,0.0,0.0,4.0,0.0,1.13,0.0,0.0,0.0
JEC-J06,2.2,0.0,5.0,0.0,0.0,0.0,0.0,0.0,4.0,0.0,1.13,0.0,0.0,0.0
JEC-J06,3.3,0.0,5.0,0.0,0.0,0.0,0.0,0.0,4.0,0.0,1.13,0.0,0.0,0.0
JEC-J06,4.4,0.0,5.0,0.0,0.0,0.0,0.0,0.0,4.0,0.0,1.13,0.0,0.0,0.0
JEC-J06,5.5,0.0,5.0,0.0,0.0,0.0,0.0,0.0,4.0,0.0,1.13,0.0,0.0,0.0
JEC-J06,6.6,0.0,5.0,0.0,0.0,0.0,0.0,0.0,4.0,0.0,1.13,0.0,0.0,0.0
JEC-J06,7.7,0.0,5.0,0.0,0.0,0.0,0.0,0.0,4.0,0.0,1.13,0.0,0.0,0.0
JEC-J06,8.8,0.0,5.0,0.0,0.0,0.0,0.0,0.0,4.0,0.0,1.13,0.0,0.0,0.0
JEC-J06,9.9,0.0,5.0,0.0,0.0,0.0,0.0,0.0,4.0,0.0,1.13,0.0,0.0,0.0
JEC-J06,11.0,1.0,5.0,0.0,0.0,0.0,0.0,0.0,4.0,1.0,1.13,0.0,0.0,1.0
JEC-J06,12.1,1.0,5.0,0.0,0.0,0.0,0.0,0.0,4.0,1.0,1.13,0.0,0.0,1.0
JEC-J06,13.2,1.0,5.0,0.0,0.0,0.0,0.0,0.0,4.0,1.0,1.13,0.0,0.0,1.0
JEC-J06,14.3,0.0,5.0,0.0,0.0,0.0,0.0,0.0,4.0,1.0,1.13,0.0,0.0,1.0
JEC-J06,15.4,0.0,5.0,0.0,0.0,0.0,0.0,0.0,4.0,1.0,1.13,0.0,0.0,2.0
JEC-J06,16.5,0.0,5.0,1.0,0.0,0.0,0.0,0.0,4.0,1.0,1.13,0.0,0.0,2.0
JEC-J06,17.6,0.0,5.0,1.0,0.0,0.0,1.0,0.0,4.0,1.0,1.13,0.0,0.0,0.0
JEC-J06,18.7,0.0,5.0,1.0,0.0,0.0,1.0,0.0,4.0,1.0,1.13,0.0,0.0,0.0
JEC-J06,19.8,0.0,5.0,0.0,0.0,0.0,1.0,0.0,4.0,1.0,1.13,0.0,0.0,0.0
JEC-J06,20.9,1.0,5.0,0.0,0.0,0.0,1.0,0.0,4.0,1.0,1.13,0.0,0.0,0.0
JEC-J06,22.0,1.0,5.0,0.0,0.0,0.0,0.0,0.0,4.0,1.0,1.13,0.0,0.0,0.0
JEC-J06,23.1,1.0,5.0,0.0,0.0,0.0,0.0,0.0,4.0,1.0,1.13,0.0,0.0,0.0
JEC-J06,24.2,0.0,5.0,0.0,0.0,0.0,0.0,0.0,4.0,1.0,1.13,0.0,0.0,1.0
JEC-J06,25.3,0.0,5.0,0.0,0.0,0.0,0.0,0.0,4.0,1.0,1.13,0.0,0.0,1.0
JEC-J06,26.4,0.0,5.0,1.0,0.0,0.0,0.0,0.0,4.0,1.0,1.13,0.0,0.0,2.0
JEC-J06,27.5,0.0,5.0,1.0,0.0,0.0,0.0,0.0,4.0,1.0,1.13,0.0,0.0,0.0
JEC-J06,28.6,0.0,5.0,1.0,0.0,0.0,0.0,0.0,4.0,1.0,1.13,0.0,0.0,0.0
JEC-J06,29.7,0.0,5.0,0.0,0.0,0.0,0.0,0.0,4.0,1.0,1.13,0.0,0.0,0.0
JEC-J06,30.8,0.0,5.0,0.0,0.0,0.0,0.0,0.0,4.0,1.0,1.13,0.0,0.0,0.0
JEC-J06,31.9,0.0,5.0,0.0,0.0,0.0,0.0,0.0,4.0,0.0,1.13,0.0,0.0,0.0
JEC-J06,33.0,0.0,5.0,0.0,0.0,0.0,0.0,0.0,4.0,0.0,1.13,0.0,0.0,0.0
JEC-J06,34.1,0.0,5.0,0.0,0.0,0.0,0.0,0.0,4.0,0.0,1.13,0.0,0.0,0.0
JEC-J06,35.2,0.0,5.0,0.0,0.0,0.0,0.0,0.0,4.0,0.0,1.13,0.0,0.0,0.0
JEC-J06,36.3,0.0,5.0,0.0,0.0,0.0,0.0,0.0,4.0,1.0,1.13,0.0,0.0,1.0
JEC-J06,37.4,1.0,5.0,0.0,0.0,0.0,0.0,0.0,4.0,1.0,1.13,0.0,0.0,1.0
JEC-J06,38.5,1.0,5.0,0.0,0.0,0.0,0.0,0.0,4.0,1.0,1.13,0.0,0.0,1.0
JEC-J06,39.6,1.0,5.0,0.0,0.0,0.0,1.0,0.0,4.0,1.0,1.13,0.0,0.0,2.0
JEC-J06,40.7,0.0,5.0,0.0,0.0,0.0,1.0,0.0,4.0,1.0,1.03,0.0,0.0,2.0
JEC-J06,41.8,0.0,5.0,0.0,0.0,0.0,0.0,0.0,4.0,2.0,1.03,0.0,0.0,3.0
JEC-J06,42.9,0.0,5.0,1.0,0.0,0.0,0.0,0.0,3.0,2.0,1.03,0.0,0.0,3.0
JEC-J06,44.0,0.0,5.0,1.0,0.0,0.0,0.0,0.0,3.0,2.0,1.03,0.0,0.0,0.0
JEC-J06,45.1,1.0,5.0,1.0,0.0,0.0,0.0,0.0,3.0,2.0,1.03,0.0,0.0,0.0
JEC-J06,46.2,1.0,5.0,0.0,0.0,0.0,0.0,0.0,3.0,2.0,1.03,0.0,0.0,0.0
JEC-J06,47.3,1.0,5.0,0.0,0.0,0.0,0.0,0.0,3.0,2.0,1.03,0.0,0.0,0.0
JEC-J06,48.4,0.0,5.0,0.0,0.0,0.0,0.0,0.0,3.0,1.0,1.03,0.0,0.0,1.0
JEC-J06,49.5,0.0,5.0,0.0,0.0,0.0,0.0,0.0,2.0,1.0,1.03,0.0,0.0,1.0
JEC-J06,50.6,0.0,5.0,1.0,0.0,0.0,0.0,0.0,2.0,1.0,1.03,0.0,0.0,2.0
JEC-J06,51.7,0.0,5.0,1.0,0.0,0.0,0.0,0.0,2.0,1.0,1.03,0.0,0.0,0.0
JEC-J06,52.8,0.0,5.0,1.0,0.0,0.0,0.0,0.0,2.0,1.0,1.03,0.0,0.0,0.0
JEC-J06,53.9,0.0,5.0,0.0,0.0,0.0,0.0,0.0,2.0,1.0,1.03,0.0,0.0,0.0
JEC-J06,55.0,0.0,5.0,0.0,0.0,0.0,0.0,0.0,2.0,1.0,1.03,0.0,0.0,0.0
JEC-J06,56.1,0.0,5.0,0.0,0.0,0.0,0.0,0.0,2.0,0.0,1.13,0.0,0.0,0.0
JEC-J06,57.2,0.0,5.0,0.0,0.0,0.0,0.0,0.0,2.0,0.0,1.13,0.0,0.0,0.0
JEC-J06,58.3,0.0,5.0,0.0,0.0,0.0,0.0,0.0,2.0,0.0,1.13,0.0,0.0,0.0
JEC-J06,59.4,0.0,5.0,0.0,0.0,0.0,0.0,0.0,2.0,0.0,1.13,0.0,0.0,0.0
JEC-J06,60.5,0.0,5.0,0.0,0.0,0.0,0.0,0.0,2.0,0.0,1.13,0.0,0.0,0.0
JEC-J06,61.6,0.0,5.0,0.0,0.0,0.0,0.0,0.0,2.0,0.0,1.13,0.0,0.0,0.0
JEC-J06,62.7,0.0,5.0,0.0,0.0,0.0,0.0,0.0,2.0,0.0,1.13,0.0,0.0,0.0
JEC-J06,63.8,0.0,5.0,0.0,0.0,0.0,0.0,0.0,2.0,0.0,1.13,0.0,0.0,0.0
JEC-J06,64.9,0.0,5.0,0.0,0.0,0.0,0.0,0.0,2.0,0.0,1.13,0.0,0.0,0.0
JEC-J06,66.0,0.0,5.0,0.0,0.0,0.0,0.0,0.0,2.0,0.0,1.13,0.0,0.0,0.0
JEC-J06,67.1,0.0,5.0,0.0,0.0,0.0,0.0,0.0,2.0,0.0,1.13,0.0,0.0,0.0
JEC-J06,68.2,0.0,5.0,0.0,0.0,0.0,0.0,0.0,2.0,0.0,1.13,0.0,0.0,0.0
JEC-J06,69.3,0.0,5.0,0.0,0.0,0.0,0.0,0.0,2.0,0.0,1.13,0.0,0.0,0.0
JEC-J06,70.4,0.0,5.0,0.0,0.0,0.0,0.0,0.0,2.0,0.0,1.13,0.0,0.0,0.0
JEC-J06,71.5,0.0,5.0,0.0,0.0,0.0,0.0,0.0,2.0,0.0,1.13,0.0,0.0,0.0
JEC-J06,72.6,0.0,5.0,0.0,0.0,0.0,0.0,0.0,2.0,0.0,1.13,0.0,0.0,0.0
JEC-J06,73.7,0.0,5.0,0.0,0.0,0.0,0.0,0.0,3.0,0.0,1.13,0.0,0.0,0.0
JEC-J06,74.8,0.0,5.0,0.0,0.0,0.0,0.0,0.0,2.0,0.0,1.13,0.0,0.0,0.0
JEC-J06,75.9,0.0,5.0,0.0,0.0,0.0,0.0,0.0,2.0,0.0,1.13,0.0,0.0,0.0
JEC-J06,77.0,0.0,5.0,0.0,0.0,0.0,0.0,0.0,2.0,0.0,1.13,0.0,0.0,0.0
JEC-J06,78.1,0.0,5.0,0.0,0.0,0.0,0.0,0.0,2.0,0.0,1.13,0.0,0.0,0.0
JEC-J06,79.2,0.0,5.0,0.0,0.0,0.0,0.0,0.0,2.0,0.0,1.13,0.0,0.0,0.0
JEC-J06,80.3,0.0,5.0,0.0,0.0,0.0,0.0,0.0,2.0,0.0,1.13,0.0,0.0,0.0
JEC-J06,81.4,0.0,5.0,0.0,0.0,0.0,0.0,0.0,2.0,0.0,1.13,0.0,0.0,0.0
JEC-J06,82.5,0.0,5.0,0.0,0.0,0.0,0.0,0.0,2.0,0.0,1.13,0.0,0.0,0.0
JEC-J06,83.6,0.0,5.0,0.0,0.0,0.0,0.0,0.0,2.0,0.0,1.13,0.0,0.0,0.0
JEC-J06,84.7,0.0,5.0,0.0,0.0,0.0,0.0,0.0,1.0,0.0,1.13,0.0,0.0,0.0
JEC-J06,85.8,0.0,5.0,0.0,0.0,0.0,0.0,0.0,1.0,0.0,1.13,0.0,0.0,0.0
JEC-J06,86.9,0.0,5.0,0.0,0.0,0.0,0.0,0.0,1.0,0.0,1.13,0.0,0.0,0.0
JEC-J06,88.0,0.0,5.0,0.0,0.0,0.0,0.0,0.0,1.0,0.0,1.13,0.0,0.0,0.0
JEC-J06,89.1,0.0,5.0,0.0,0.0,0.0,0.0,0.0,1.0,0.0,1.13,0.0,0.0,0.0
JEC-J06,90.2,0.0,5.0,0.0,0.0,0.0,0.0,0.0,1.0,0.0,1.13,0.0,0.0,0.0
JEC-J06,91.3,0.0,5.0,0.0,0.0,0.0,0.0,0.0,1.0,0.0,1.13,0.0,0.0,0.0
JEC-J06,92.4,0.0,5.0,0.0,0.0,0.0,0.0,0.0,1.0,0.0,1.13,0.0,0.0,0.0
JEC-J06,93.5,0.0,5.0,0.0,0.0,0.0,0.0,0.0,1.0,0.0,1.13,0.0,0.0,0.0
JEC-J06,94.6,0.0,5.0,0.0,0.0,0.0,0.0,0.0,1.0,0.0,1.13,0.0,0.0,0.0
JEC-J06,95.7,0.0,5.0,0.0,0.0,0.0,0.0,0.0,1.0,0.0,1.0,0.0,0.0,0.0
JEC-J06,96.8,0.0,5.0,0.0,0.0,0.0,0.0,0.0,1.0,0.0,1.0,0.0,0.0,0.0
JEC-J06,97.9,0.0,5.0,0.0,0.0,0.0,0.0,0.0,1.0,0.0,1.0,0.0,0.0,0.0
JEC-J06,99.0,0.0,5.0,0.0,0.0,0.0,0.0,0.0,1.0,0.0,1.0,0.0,0.0,0.0
JEC-J06,100.1,0.0,5.0,0.0,0.0,0.0,0.0,0.0,3.0,0.0,1.06,0.0,0.0,0.0
JEC-J06,101.2,0.0,5.0,0.0,0.0,0.0,0.0,0.0,3.0,0.0,1.06,0.0,0.0,0.0
JEC-J06,102.3,0.0,5.0,0.0,0.0,0.0,0.0,0.0,4.0,0.0,1.06,0.0,0.0,0.0
JEC-J06,103.4,0.0,5.0,0.0,0.0,0.0,0.0,0.0,4.0,0.0,1.06,0.0,0.0,0.0
JEC-J06,104.5,0.0,5.0,0.0,0.0,0.0,0.0,0.0,4.0,0.0,1.06,0.0,0.0,0.0
JEC-J06,105.6,0.0,5.0,0.0,0.0,0.0,0.0,0.0,4.0,0.0,1.06,0.0,0.0,0.0
JEC-J06,106.7,0.0,5.0,0.0,0.0,0.0,0.0,0.0,4.0,0.0,1.06,0.0,0.0,0.0
JEC-J06,107.8,0.0,5.0,0.0,0.0,0.0,0.0,0.0,4.0,0.0,1.06,0.0,0.0,0.0
JEC-J06,108.9,0.0,5.0,0.0,0.0,0.0,0.0,0.0,4.0,0.0,1.06,0.0,0.0,0.0
JEC-J06,110.0,0.0,5.0,0.0,0.0,0.0,0.0,0.0,4.0,0.0,1.06,0.0,0.0,0.0
JEC-J06,111.1,0.0,5.0,0.0,0.0,0.0,0.0,0.0,4.0,0.0,1.06,0.0,0.0,0.0
JEC-J06,112.2,0.0,5.0,0.0,0.0,0.0,0.0,0.0,4.0,0.0,1.06,0.0,0.0,0.0
JEC-J06,113.3,0.0,5.0,0.0,0.0,0.0,0.0,0.0,4.0,0.0,1.06,0.0,0.0,0.0
JEC-J06,114.4,0.0,5.0,0.0,0.0,0.0,0.0,0.0,4.0,0.0,1.06,0.0,0.0,0.0
JEC-J06,115.5,0.0,5.0,0.0,0.0,0.0,0.0,0.0,4.0,0.0,1.06,0.0,0.0,0.0
JEC-J06,116.6,0.0,5.0,0.0,0.0,0.0,0.0,0.0,4.0,0.0,1.06,0.0,0.0,0.0
JEC-J06,117.7,0.0,5.0,0.0,0.0,0.0,0.0,0.0,4.0,0.0,1.06,0.0,0.0,0.0
JEC-J06,118.8,0.0,5.0,0.0,0.0,0.0,0.0,0.0,4.0,0.0,1.06,0.0,0.0,0.0
JEC-J06,119.9,0.0,5.0,0.0,0.0,0.0,0.0,0.0,4.0,0.0,1.06,0.0,0.0,0.0
JEC-J06,121.0,0.0,5.0,0.0,0.0,0.0,0.0,0.0,4.0,0.0,1.06,0.0,0.0,0.0
JEC-J06,122.1,0.0,5.0,0.0,0.0,0.0,0.0,0.0,4.0,0.0,1.06,0.0,0.0,0.0
JEC-J06,123.2,0.0,5.0,0.0,0.0,0.0,0.0,0.0,4.0,0.0,1.06,0.0,0.0,0.0
JEC-J06,124.3,0.0,5.0,0.0,0.0,0.0,0.0,0.0,4.0,0.0,1.06,0.0,0.0,0.0
JEC-J06,125.4,0.0,5.0,0.0,0.0,0.0,0.0,0.0,4.0,0.0,1.06,0.0,0.0,0.0
JEC-J06,126.5,0.0,5.0,0.0,0.0,0.0,0.0,0.0,4.0,0.0,1.06,0.0,0.0,0.0
JEC-J06,127.6,0.0,5.0,0.0,0.0,0.0,0.0,0.0,4.0,0.0,1.06,0.0,0.0,0.0
JEC-J06,128.7,0.0,5.0,0.0,0.0,0.0,0.0,0.0,4.0,0.0,1.06,0.0,0.0,0.0
JEC-J06,129.8,0.0,5.0,0.0,0.0,0.0,0.0,0.0,4.0,0.0,1.06,0.0,0.0,0.0
JEC-J06,130.9,0.0,5.0,0.0,0.0,0.0,0.0,0.0,4.0,0.0,1.06,0.0,0.0,0.0
JEC-J06,132.0,0.0,5.0,0.0,0.0,0.0,0.0,0.0,4.0,0.0,1.06,0.0,0.0,0.0
JEC-J06,133.1,0.0,5.0,0.0,0.0,0.0,0.0,0.0,4.0,0.0,1.06,0.0,0.0,0.0
JEC-J06,134.2,0.0,5.0,0.0,0.0,0.0,0.0,0.0,4.0,0.0,1.06,0.0,0.0,0.0
JEC-J06,135.3,0.0,5.0,0.0,0.0,0.0,0.0,0.0,4.0,0.0,1.06,0.0,0.0,0.0
JEC-J06,136.4,0.0,5.0,0.0,0.0,0.0,0.0,0.0,4.0,0.0,1.06,0.0,0.0,0.0
JEC-J06,137.5,0.0,5.0,0.0,0.0,0.0,0.0,0.0,4.0,0.0,1.06,0.0,0.0,0.0
JEC-J06,138.6,0.0,5.0,0.0,0.0,0.0,0.0,0.0,4.0,0.0,1.06,0.0,0.0,0.0
JEC-J06,139.7,0.0,5.0,0.0,0.0,0.0,0.0,0.0,4.0,0.0,1.06,0.0,0.0,0.0
JEC-J06,140.8,0.0,5.0,0.0,0.0,0.0,0.0,0.0,4.0,0.0,1.06,0.0,0.0,0.0
JEC-J06,141.9,0.0,5.0,0.0,0.0,0.0,0.0,0.0,4.0,0.0,1.06,0.0,0.0,0.0
JEC-J06,143.0,0.0,5.0,0.0,0.0,0.0,0.0,0.0,4.0,0.0,1.06,0.0,0.0,0.0
JEC-J06,144.1,0.0,5.0,0.0,0.0,0.0,0.0,0.0,4.0,0.0,1.06,0.0,0.0,0.0
JEC-J06,145.2,0.0,5.0,0.0,0.0,0.0,0.0,0.0,4.0,0.0,1.06,0.0,0.0,0.0
JEC-J06,146.3,0.0,5.0,0.0,0.0,0.0,0.0,0.0,4.0,0.0,1.06,0.0,0.0,0.0
JEC-J06,147.4,0.0,5.0,0.0,0.0,0.0,0.0,0.0,4.0,0.0,1.06,0.0,0.0,0.0
JEC-J06,148.5,0.0,5.0,0.0,0.0,0.0,0.0,0.0,4.0,0.0,1.06,0.0,0.0,0.0
JEC-J06,149.6,0.0,5.0,0.0,0.0,0.0,0.0,0.0,4.0,0.0,1.06,0.0,0.0,0.0
JEC-J06,150.7,0.0,5.0,0.0,0.0,0.0,0.0,0.0,4.0,0.0,1.06,0.0,0.0,0.0
JEC-J06,151.8,0.0,5.0,0.0,0.0,0.0,0.0,0.0,4.0,0.0,1.06,0.0,0.0,0.0
JEC-J06,152.9,0.0,5.0,0.0,0.0,0.0,0.0,0.0,4.0,0.0,1.06,0.0,0.0,0.0
JEC-J06,154.0,0.0,5.0,0.0,0.0,0.0,0.0,0.0,4.0,0.0,1.06,0.0,0.0,0.0
JEC-J06,155.1,0.0,5.0,0.0,0.0,0.0,0.0,0.0,4.0,0.0,1.06,0.0,0.0,0.0
JEC-J06,156.2,0.0,5.0,0.0,0.0,0.0,0.0,0.0,4.0,0.0,1.06,0.0,0.0,0.0
JEC-J06,157.3,0.0,5.0,0.0,0.0,0.0,0.0,0.0,4.0,0.0,1.06,0.0,0.0,0.0
JEC-J06,158.4,0.0,5.0,0.0,0.0,0.0,0.0,0.0,4.0,0.0,1.06,0.0,0.0,0.0
JEC-J06,159.5,0.0,5.0,0.0,0.0,0.0,0.0,0.0,4.0,0.0,1.06,0.0,0.0,0.0
JEC-J06,160.6,0.0,5.0,0.0,0.0,0.0,0.0,0.0,4.0,0.0,1.0,0.0,0.0,0.0
JEC-J06,161.7,0.0,5.0,0.0,0.0,0.0,0.0,0.0,4.0,0.0,1.0,0.0,0.0,0.0
JEC-J06,162.8,0.0,5.0,0.0,0.0,0.0,0.0,0.0,4.0,0.0,1.0,0.0,0.0,0.0
JEC-J06,163.9,0.0,5.0,0.0,0.0,0.0,0.0,0.0,4.0,0.0,1.0,0.0,0.0,0.0
JEC-J06,165.0,0.0,5.0,0.0,0.0,0.0,0.0,0.0,4.0,0.0,1.0,0.0,0.0,0.0
JEC-J06,166.1,0.0,5.0,0.0,0.0,0.0,0.0,0.0,4.0,0.0,1.0,0.0,0.0,0.0
JEC-J06,167.2,0.0,5.0,0.0,0.0,0.0,0.0,0.0,4.0,0.0,1.0,0.0,0.0,0.0
JEC-J06,168.3,0.0,5.0,0.0,0.0,0.0,0.0,0.0,4.0,0.0,1.0,0.0,0.0,0.0
JEC-J06,169.4,0.0,5.0,0.0,0.0,0.0,0.0,0.0,4.0,0.0,1.0,0.0,0.0,0.0
JEC-J06,170.5,0.0,5.0,0.0,0.0,0.0,0.0,0.0,4.0,0.0,1.0,0.0,0.0,0.0
JEC-J06,171.6,0.0,5.0,0.0,0.0,0.0,0.0,0.0,4.0,0.0,1.0,0.0,0.0,0.0
JEC-J06,172.7,0.0,5.0,0.0,0.0,0.0,0.0,0.0,4.0,0.0,1.0,0.0,0.0,0.0
JEC-J06,173.8,0.0,5.0,0.0,0.0,0.0,0.0,0.0,4.0,0.0,1.0,0.0,0.0,0.0
JEC-J06,174.9,0.0,5.0,0.0,0.0,0.0,0.0,0.0,4.0,0.0,1.0,0.0,0.0,0.0
JEC-J06,176.0,0.0,5.0,0.0,0.0,0.0,0.0,0.0,4.0,0.0,1.0,0.0,0.0,0.0
JEC-J06,177.1,0.0,5.0,0.0,0.0,0.0,0.0,0.0,4.0,0.0,1.0,0.0,0.0,0.0
JEC-J06,178.2,0.0,5.0,0.0,0.0,0.0,0.0,0.0,4.0,0.0,1.0,0.0,0.0,0.0
JEC-J06,179.3,0.0,5.0,0.0,0.0,0.0,0.0,0.0,4.0,0.0,1.0,0.0,0.0,0.0
JEC-J06,180.4,0.0,5.0,0.0,0.0,0.0,0.0,0.0,4.0,0.0,1.0,0.0,0.0,0.0
JEC-J06,181.5,0.0,5.0,0.0,0.0,0.0,0.0,0.0,4.0,0.0,1.0,0.0,0.0,0.0
JEC-J06,182.6,0.0,5.0,0.0,0.0,0.0,0.0,0.0,4.0,0.0,1.0,0.0,0.0,0.0
JEC-J06,183.7,0.0,5.0,0.0,0.0,0.0,0.0,0.0,4.0,0.0,1.0,0.0,0.0,0.0
JEC-J06,184.8,0.0,5.0,0.0,0.0,0.0,0.0,0.0,4.0,0.0,1.0,0.0,0.0,0.0
JEC-J06,185.9,0.0,5.0,0.0,0.0,0.0,0.0,0.0,4.0,0.0,1.0,0.0,0.0,0.0
JEC-J06,187.0,0.0,5.0,0.0,0.0,0.0,0.0,0.0,4.0,0.0,1.0,0.0,0.0,0.0
JEC-J06,188.1,0.0,5.0,0.0,0.0,0.0,0.0,0.0,4.0,0.0,1.0,0.0,0.0,0.0
JEC-J06,189.2,0.0,5.0,0.0,0.0,0.0,0.0,0.0,4.0,0.0,1.0,0.0,0.0,0.0
JEC-J06,190.3,0.0,5.0,0.0,0.0,0.0,0.0,0.0,4.0,0.0,1.0,0.0,0.0,0.0
JEC-J06,191.4,0.0,5.0,0.0,0.0,0.0,0.0,0.0,4.0,0.0,1.0,0.0,0.0,0.0
JEC-J06,192.5,0.0,5.0,0.0,0.0,0.0,0.0,0.0,4.0,0.0,1.0,0.0,0.0,0.0
JEC-J06,193.6,0.0,5.0,0.0,0.0,0.0,0.0,0.0,4.0,0.0,1.0,0.0,0.0,0.0
JEC-J19,1.1,0.0,5.0,0.0,0.0,0.0,0.0,0.0,3.0,0.0,1.13,0.0,0.0,0.0
JEC-J19,2.2,0.0,5.0,0.0,0.0,0.0,0.0,0.0,3.0,0.0,1.13,0.0,0.0,0.0
JEC-J19,3.3,0.0,5.0,0.0,0.0,0.0,0.0,0.0,3.0,0.0,1.13,0.0,0.0,0.0
JEC-J19,4.4,0.0,5.0,0.0,0.0,0.0,0.0,0.0,3.0,0.0,1.13,0.0,0.0,0.0
JEC-J19,5.5,0.0,5.0,0.0,0.0,0.0,0.0,0.0,3.0,0.0,1.13,0.0,0.0,0.0
JEC-J19,6.6,0.0,5.0,0.0,0.0,0.0,0.0,0.0,3.0,0.0,1.13,0.0,0.0,0.0
JEC-J19,7.7,0.0,5.0,0.0,0.0,0.0,0.0,0.0,3.0,0.0,1.13,0.0,0.0,0.0
JEC-J19,8.8,0.0,5.0,0.0,0.0,0.0,0.0,0.0,3.0,0.0,1.13,0.0,0.0,0.0
JEC-J19,9.9,0.0,5.0,0.0,0.0,0.0,0.0,0.0,3.0,0.0,1.13,0.0,0.0,0.0
JEC-J19,11.0,0.0,5.0,0.0,0.0,0.0,0.0,0.0,3.0,0.0,1.13,0.0,0.0,0.0
JEC-J19,12.1,0.0,5.0,0.0,0.0,0.0,0.0,0.0,3.0,0.0,1.13,0.0,0.0,0.0
JEC-J19,13.2,0.0,5.0,0.0,0.0,0.0,0.0,0.0,3.0,0.0,1.13,0.0,0.0,0.0
JEC-J19,14.3,0.0,5.0,0.0,0.0,0.0,0.0,0.0,3.0,0.0,1.13,0.0,0.0,0.0
JEC-J19,15.4,0.0,5.0,0.0,0.0,0.0,0.0,0.0,3.0,0.0,1.13,0.0,0.0,0.0
JEC-J19,16.5,0.0,5.0,0.0,0.0,0.0,0.0,0.0,3.0,0.0,1.13,0.0,0.0,0.0
JEC-J19,17.6,0.0,5.0,0.0,0.0,0.0,0.0,0.0,4.0,0.0,1.13,0.0,0.0,0.0
JEC-J19,18.7,0.0,5.0,0.0,0.0,0.0,0.0,0.0,4.0,0.0,1.13,0.0,0.0,0.0
JEC-J19,19.8,0.0,5.0,0.0,0.0,0.0,0.0,0.0,4.0,0.0,1.13,0.0,0.0,0.0
JEC-J19,20.9,0.0,5.0,0.0,0.0,0.0,0.0,0.0,4.0,0.0,1.13,0.0,0.0,0.0
JEC-J19,22.0,0.0,5.0,0.0,0.0,0.0,0.0,0.0,4.0,0.0,1.13,0.0,0.0,0.0
JEC-J19,23.1,0.0,5.0,0.0,0.0,0.0,0.0,0.0,4.0,0.0,1.13,0.0,0.0,0.0
JEC-J19,24.2,0.0,5.0,0.0,0.0,0.0,0.0,0.0,4.0,0.0,1.13,0.0,0.0,0.0
JEC-J19,25.3,0.0,5.0,0.0,0.0,0.0,0.0,0.0,4.0,0.0,1.13,0.0,0.0,0.0
JEC-J19,26.4,0.0,5.0,0.0,0.0,0.0,0.0,0.0,4.0,0.0,1.13,0.0,0.0,0.0
JEC-J19,27.5,0.0,5.0,0.0,0.0,0.0,0.0,0.0,4.0,0.0,1.13,0.0,0.0,0.0
JEC-J19,28.6,0.0,5.0,0.0,0.0,0.0,0.0,0.0,4.0,0.0,1.13,0.0,0.0,0.0
JEC-J19,29.7,0.0,5.0,0.0,0.0,0.0,0.0,0.0,4.0,0.0,1.13,0.0,0.0,0.0
JEC-J19,30.8,0.0,5.0,0.0,0.0,0.0,0.0,0.0,4.0,0.0,1.13,0.0,0.0,0.0
JEC-J19,31.9,0.0,5.0,0.0,0.0,0.0,0.0,0.0,4.0,0.0,1.13,0.0,0.0,0.0
JEC-J19,33.0,0.0,5.0,0.0,0.0,0.0,0.0,0.0,4.0,0.0,1.13,0.0,0.0,0.0
JEC-J19,34.1,0.0,5.0,0.0,0.0,0.0,0.0,0.0,5.0,0.0,1.13,0.0,0.0,0.0
JEC-J19,35.2,0.0,5.0,0.0,0.0,0.0,0.0,0.0,5.0,0.0,1.13,0.0,0.0,0.0
JEC-J19,36.3,0.0,5.0,0.0,0.0,0.0,0.0,0.0,4.0,0.0,1.13,0.0,0.0,0.0
JEC-J19,37.4,0.0,5.0,0.0,0.0,0.0,0.0,0.0,4.0,0.0,1.13,0.0,0.0,0.0
JEC-J19,38.5,0.0,5.0,0.0,0.0,0.0,0.0,0.0,4.0,0.0,1.13,0.0,0.0,0.0
JEC-J19,39.6,0.0,5.0,0.0,0.0,0.0,0.0,0.0,4.0,0.0,1.13,0.0,0.0,0.0
JEC-J19,40.7,0.0,5.0,0.0,0.0,0.0,0.0,0.0,4.0,0.0,1.03,0.0,0.0,0.0
JEC-J19,41.8,0.0,5.0,0.0,0.0,0.0,0.0,0.0,4.0,0.0,1.03,0.0,0.0,0.0
JEC-J19,42.9,0.0,5.0,0.0,0.0,0.0,0.0,0.0,4.0,0.0,1.03,0.0,0.0,0.0
JEC-J19,44.0,0.0,5.0,0.0,0.0,0.0,0.0,0.0,4.0,0.0,1.03,0.0,0.0,0.0
JEC-J19,45.1,0.0,5.0,0.0,0.0,0.0,0.0,0.0,4.0,0.0,1.03,0.0,0.0,0.0
JEC-J19,46.2,0.0,5.0,0.0,0.0,0.0,0.0,0.0,3.0,0.0,1.03,0.0,0.0,0.0
JEC-J19,47.3,0.0,5.0,0.0,0.0,0.0,0.0,0.0,3.0,0.0,1.03,0.0,0.0,0.0
JEC-J19,48.4,0.0,5.0,0.0,0.0,0.0,0.0,0.0,3.0,0.0,1.03,0.0,0.0,0.0
JEC-J19,49.5,0.0,5.0,0.0,0.0,0.0,0.0,0.0,3.0,0.0,1.03,0.0,0.0,0.0
JEC-J19,50.6,0.0,5.0,0.0,0.0,0.0,0.0,0.0,3.0,0.0,1.03,0.0,0.0,0.0
JEC-J19,51.7,0.0,5.0,0.0,0.0,0.0,0.0,0.0,3.0,0.0,1.03,0.0,0.0,0.0
JEC-J19,52.8,0.0,5.0,0.0,0.0,0.0,0.0,0.0,3.0,0.0,1.03,0.0,0.0,0.0
JEC-J19,53.9,0.0,5.0,0.0,0.0,0.0,0.0,0.0,4.0,0.0,1.03,0.0,0.0,0.0
JEC-J19,55.0,0.0,5.0,0.0,0.0,0.0,0.0,0.0,4.0,0.0,1.03,0.0,0.0,0.0
JEC-J19,56.1,0.0,5.0,0.0,0.0,0.0,0.0,0.0,4.0,0.0,1.13,0.0,0.0,0.0
JEC-J19,57.2,0.0,5.0,0.0,0.0,0.0,0.0,0.0,4.0,0.0,1.13,0.0,0.0,0.0
JEC-J19,58.3,0.0,5.0,0.0,0.0,0.0,0.0,0.0,4.0,0.0,1.13,0.0,0.0,0.0
JEC-J19,59.4,0.0,5.0,0.0,0.0,0.0,0.0,0.0,5.0,0.0,1.13,0.0,0.0,0.0
JEC-J19,60.5,0.0,5.0,0.0,0.0,0.0,0.0,0.0,5.0,0.0,1.13,0.0,0.0,0.0
JEC-J19,61.6,0.0,5.0,0.0,0.0,0.0,0.0,0.0,5.0,0.0,1.13,0.0,0.0,0.0
JEC-J19,62.7,0.0,5.0,0.0,0.0,0.0,0.0,0.0,5.0,0.0,1.13,0.0,0.0,0.0
JEC-J19,63.8,0.0,5.0,0.0,0.0,0.0,0.0,0.0,5.0,0.0,1.13,0.0,0.0,0.0
JEC-J19,64.9,0.0,5.0,0.0,0.0,0.0,0.0,0.0,6.0,0.0,1.13,0.0,0.0,0.0
JEC-J19,66.0,0.0,5.0,0.0,0.0,0.0,0.0,0.0,6.0,0.0,1.13,0.0,0.0,0.0
JEC-J19,67.1,0.0,5.0,0.0,0.0,0.0,0.0,0.0,6.0,0.0,1.13,0.0,0.0,0.0
JEC-J19,68.2,0.0,5.0,0.0,0.0,0.0,0.0,0.0,6.0,0.0,1.13,0.0,0.0,0.0
JEC-J19,69.3,0.0,5.0,0.0,0.0,0.0,0.0,0.0,6.0,0.0,1.13,0.0,0.0,0.0
JEC-J19,70.4,0.0,5.0,0.0,0.0,0.0,0.0,0.0,5.0,0.0,1.13,0.0,0.0,0.0
JEC-J19,71.5,0.0,5.0,0.0,0.0,0.0,0.0,0.0,5.0,0.0,1.13,0.0,0.0,0.0
JEC-J19,72.6,0.0,5.0,0.0,0.0,0.0,0.0,0.0,5.0,0.0,1.13,0.0,0.0,0.0
JEC-J19,73.7,0.0,5.0,0.0,0.0,0.0,0.0,0.0,5.0,0.0,1.13,0.0,0.0,0.0
JEC-J19,74.8,0.0,5.0,0.0,0.0,0.0,0.0,0.0,4.0,0.0,1.13,0.0,0.0,0.0
JEC-J19,75.9,0.0,5.0,0.0,0.0,0.0,0.0,0.0,4.0,0.0,1.13,0.0,0.0,0.0
JEC-J19,77.0,0.0,5.0,0.0,0.0,0.0,0.0,0.0,5.0,0.0,1.13,0.0,0.0,0.0
JEC-J19,78.1,0.0,5.0,0.0,0.0,0.0,0.0,0.0,5.0,0.0,1.13,0.0,0.0,0.0
JEC-J19,79.2,0.0,5.0,0.0,0.0,0.0,0.0,0.0,5.0,0.0,1.13,0.0,0.0,0.0
JEC-J19,80.3,0.0,5.0,0.0,0.0,0.0,0.0,0.0,5.0,0.0,1.13,0.0,0.0,0.0
JEC-J19,81.4,0.0,5.0,0.0,0.0,0.0,0.0,0.0,6.0,0.0,1.13,0.0,0.0,0.0
JEC-J19,82.5,0.0,5.0,0.0,0.0,0.0,0.0,0.0,6.0,0.0,1.13,0.0,0.0,0.0
JEC-J19,83.6,0.0,5.0,0.0,0.0,0.0,0.0,0.0,6.0,0.0,1.13,0.0,0.0,0.0
JEC-J19,84.7,0.0,5.0,0.0,0.0,0.0,0.0,0.0,7.0,0.0,1.13,0.0,0.0,0.0
JEC-J19,85.8,0.0,5.0,0.0,0.0,0.0,0.0,0.0,7.0,0.0,1.13,0.0,0.0,0.0
JEC-J19,86.9,0.0,5.0,0.0,0.0,0.0,0.0,0.0,7.0,0.0,1.13,0.0,0.0,0.0
JEC-J19,88.0,0.0,5.0,0.0,0.0,0.0,0.0,0.0,7.0,0.0,1.13,0.0,0.0,0.0
JEC-J19,89.1,0.0,5.0,0.0,0.0,0.0,0.0,0.0,7.0,0.0,1.13,0.0,0.0,0.0
JEC-J19,90.2,0.0,5.0,0.0,0.0,0.0,0.0,0.0,7.0,0.0,1.13,0.0,0.0,0.0
JEC-J19,91.3,0.0,5.0,0.0,0.0,0.0,0.0,0.0,7.0,0.0,1.13,0.0,0.0,0.0
JEC-J19,92.4,0.0,5.0,0.0,0.0,0.0,0.0,0.0,7.0,0.0,1.13,0.0,0.0,0.0
JEC-J19,93.5,0.0,5.0,0.0,0.0,0.0,0.0,0.0,7.0,0.0,1.13,0.0,0.0,0.0
JEC-J19,94.6,0.0,5.0,0.0,0.0,0.0,0.0,0.0,7.0,0.0,1.13,0.0,0.0,0.0
JEC-J19,95.7,0.0,5.0,0.0,0.0,0.0,0.0,0.0,7.0,0.0,1.0,0.0,0.0,0.0
JEC-J19,96.8,0.0,5.0,0.0,0.0,0.0,0.0,0.0,7.0,0.0,1.0,0.0,0.0,0.0
JEC-J19,97.9,0.0,5.0,0.0,0.0,0.0,0.0,0.0,8.0,0.0,1.0,0.0,0.0,0.0
JEC-J19,99.0,0.0,5.0,0.0,0.0,0.0,0.0,0.0,8.0,0.0,1.0,0.0,0.0,0.0
JEC-J19,100.1,0.0,5.0,0.0,0.0,0.0,0.0,0.0,8.0,0.0,1.06,0.0,0.0,0.0
JEC-J19,101.2,0.0,5.0,0.0,0.0,0.0,0.0,0.0,8.0,0.0,1.06,0.0,0.0,0.0
JEC-J19,102.3,0.0,5.0,0.0,0.0,0.0,0.0,0.0,8.0,0.0,1.06,0.0,0.0,0.0
JEC-J19,103.4,0.0,5.0,0.0,0.0,0.0,0.0,0.0,9.0,0.0,1.06,0.0,0.0,0.0
JEC-J19,104.5,0.0,5.0,0.0,0.0,0.0,0.0,0.0,9.0,0.0,1.06,0.0,0.0,0.0
JEC-J19,105.6,0.0,5.0,0.0,0.0,0.0,0.0,0.0,9.0,0.0,1.06,0.0,0.0,0.0
JEC-J19,106.7,0.0,5.0,0.0,0.0,0.0,0.0,0.0,8.0,0.0,1.06,0.0,0.0,0.0
JEC-J19,107.8,0.0,5.0,0.0,0.0,0.0,0.0,0.0,8.0,0.0,1.06,0.0,0.0,0.0
JEC-J19,108.9,0.0,5.0,0.0,0.0,0.0,0.0,0.0,8.0,0.0,1.06,0.0,0.0,0.0
JEC-J19,110.0,0.0,5.0,0.0,0.0,0.0,0.0,0.0,7.0,0.0,1.06,0.0,0.0,0.0
JEC-J19,111.1,0.0,5.0,0.0,0.0,0.0,0.0,0.0,7.0,0.0,1.06,0.0,0.0,0.0
JEC-J19,112.2,0.0,5.0,0.0,0.0,0.0,0.0,0.0,7.0,0.0,1.06,0.0,0.0,0.0
JEC-J19,113.3,0.0,5.0,0.0,0.0,0.0,0.0,0.0,7.0,0.0,1.06,0.0,0.0,0.0
JEC-J19,114.4,0.0,5.0,0.0,0.0,0.0,0.0,0.0,7.0,0.0,1.06,0.0,0.0,0.0
JEC-J19,115.5,0.0,5.0,0.0,0.0,0.0,0.0,0.0,7.0,0.0,1.06,0.0,0.0,0.0
JEC-J19,116.6,0.0,5.0,0.0,0.0,0.0,0.0,0.0,7.0,0.0,1.06,0.0,0.0,0.0
JEC-J19,117.7,0.0,5.0,0.0,0.0,0.0,0.0,0.0,7.0,0.0,1.06,0.0,0.0,0.0
JEC-J19,118.8,0.0,5.0,0.0,0.0,0.0,0.0,0.0,6.0,0.0,1.06,0.0,0.0,0.0
JEC-J19,119.9,0.0,5.0,0.0,0.0,0.0,0.0,0.0,6.0,0.0,1.06,0.0,0.0,0.0
JEC-J19,121.0,0.0,5.0,0.0,0.0,0.0,0.0,0.0,6.0,0.0,1.06,0.0,0.0,0.0
JEC-J19,122.1,0.0,5.0,0.0,0.0,0.0,0.0,0.0,6.0,0.0,1.06,0.0,0.0,0.0
JEC-J19,123.2,0.0,5.0,0.0,0.0,0.0,0.0,0.0,6.0,0.0,1.06,0.0,0.0,0.0
JEC-J19,124.3,0.0,5.0,0.0,0.0,0.0,0.0,0.0,6.0,0.0,1.06,0.0,0.0,0.0
JEC-J19,125.4,0.0,5.0,0.0,0.0,0.0,0.0,0.0,6.0,0.0,1.06,0.0,0.0,0.0
JEC-J19,126.5,0.0,5.0,0.0,0.0,0.0,0.0,0.0,6.0,0.0,1.06,0.0,0.0,0.0
JEC-J19,127.6,0.0,5.0,0.0,0.0,0.0,0.0,0.0,6.0,0.0,1.06,0.0,0.0,0.0
JEC-J19,128.7,0.0,5.0,0.0,0.0,0.0,0.0,0.0,6.0,0.0,1.06,0.0,0.0,0.0
JEC-J19,129.8,0.0,5.0,0.0,0.0,0.0,0.0,0.0,6.0,0.0,1.06,0.0,0.0,0.0
JEC-J19,130.9,0.0,5.0,0.0,0.0,0.0,0.0,0.0,6.0,0.0,1.06,0.0,0.0,0.0
JEC-J19,132.0,0.0,5.0,0.0,0.0,0.0,0.0,0.0,6.0,0.0,1.06,0.0,0.0,0.0
JEC-J19,133.1,0.0,5.0,0.0,0.0,0.0,0.0,0.0,6.0,0.0,1.06,0.0,0.0,0.0
JEC-J19,134.2,0.0,5.0,0.0,0.0,0.0,0.0,0.0,6.0,0.0,1.06,0.0,0.0,0.0
JEC-J19,135.3,0.0,5.0,0.0,0.0,0.0,0.0,0.0,6.0,0.0,1.06,0.0,0.0,0.0
JEC-J19,136.4,0.0,5.0,0.0,0.0,0.0,0.0,0.0,6.0,0.0,1.06,0.0,0.0,0.0
JEC-J19,137.5,0.0,5.0,0.0,0.0,0.0,0.0,0.0,6.0,0.0,1.06,0.0,0.0,0.0
JEC-J19,138.6,0.0,5.0,0.0,0.0,0.0,0.0,0.0,6.0,0.0,1.06,0.0,0.0,0.0
JEC-J19,139.7,0.0,5.0,0.0,0.0,0.0,0.0,0.0,6.0,0.0,1.06,0.0,0.0,0.0
JEC-J19,140.8,0.0,5.0,0.0,0.0,0.0,0.0,0.0,6.0,0.0,1.06,0.0,0.0,0.0
JEC-J19,141.9,0.0,5.0,0.0,0.0,0.0,0.0,0.0,6.0,0.0,1.06,0.0,0.0,0.0
JEC-J19,143.0,0.0,5.0,0.0,0.0,0.0,0.0,0.0,6.0,0.0,1.06,0.0,0.0,0.0
JEC-J19,144.1,0.0,5.0,0.0,0.0,0.0,0.0,0.0,6.0,0.0,1.06,0.0,0.0,0.0
JEC-J19,145.2,0.0,5.0,0.0,0.0,0.0,0.0,0.0,6.0,0.0,1.06,0.0,0.0,0.0
JEC-J19,146.3,0.0,5.0,0.0,0.0,0.0,0.0,0.0,6.0,0.0,1.06,0.0,0.0,0.0
JEC-J19,147.4,0.0,5.0,0.0,0.0,0.0,0.0,0.0,6.0,0.0,1.06,0.0,0.0,0.0
JEC-J19,148.5,0.0,5.0,0.0,0.0,0.0,0.0,0.0,6.0,0.0,1.06,0.0,0.0,0.0
JEC-J19,149.6,0.0,5.0,0.0,0.0,0.0,0.0,0.0,6.0,0.0,1.06,0.0,0.0,0.0
JEC-J19,150.7,0.0,5.0,0.0,0.0,0.0,0.0,0.0,6.0,0.0,1.06,0.0,0.0,0.0
JEC-J19,151.8,0.0,5.0,0.0,0.0,0.0,0.0,0.0,6.0,0.0,1.06,0.0,0.0,0.0
JEC-J19,152.9,0.0,5.0,0.0,0.0,0.0,0.0,0.0,6.0,0.0,1.06,0.0,0.0,0.0
JEC-J19,154.0,0.0,5.0,0.0,0.0,0.0,0.0,0.0,6.0,0.0,1.06,0.0,0.0,0.0
JEC-J19,155.1,0.0,5.0,0.0,0.0,0.0,0.0,0.0,6.0,0.0,1.06,0.0,0.0,0.0
JEC-J19,156.2,0.0,5.0,0.0,0.0,0.0,0.0,0.0,6.0,0.0,1.06,0.0,0.0,0.0
JEC-J19,157.3,0.0,5.0,0.0,0.0,0.0,0.0,0.0,6.0,0.0,1.06,0.0,0.0,0.0
JEC-J19,158.4,0.0,5.0,0.0,0.0,0.0,0.0,0.0,6.0,0.0,1.06,0.0,0.0,0.0
JEC-J19,159.5,0.0,5.0,0.0,0.0,0.0,0.0,0.0,6.0,0.0,1.06,0.0,0.0,0.0
JEC-J19,160.6,0.0,5.0,0.0,0.0,0.0,0.0,0.0,6.0,0.0,1.0,0.0,0.0,0.0
JEC-J19,161.7,0.0,5.0,0.0,0.0,0.0,0.0,0.0,6.0,0.0,1.0,0.0,0.0,0.0
JEC-J19,162.8,0.0,5.0,0.0,0.0,0.0,0.0,0.0,6.0,0.0,1.0,0.0,0.0,0.0
JEC-J19,163.9,0.0,5.0,0.0,0.0,0.0,0.0,0.0,6.0,0.0,1.0,0.0,0.0,0.0
JEC-J19,165.0,0.0,5.0,0.0,0.0,0.0,0.0,0.0,6.0,0.0,1.0,0.0,0.0,0.0
JEC-J19,166.1,0.0,5.0,0.0,0.0,0.0,0.0,0.0,6.0,0.0,1.0,0.0,0.0,0.0
JEC-J19,167.2,0.0,5.0,0.0,0.0,0.0,0.0,0.0,6.0,0.0,1.0,0.0,0.0,0.0
JEC-J19,168.3,0.0,5.0,0.0,0.0,0.0,0.0,0.0,6.0,0.0,1.0,0.0,0.0,0.0
JEC-J19,169.4,0.0,5.0,0.0,0.0,0.0,0.0,0.0,6.0,0.0,1.0,0.0,0.0,0.0
JEC-J19,170.5,0.0,5.0,0.0,0.0,0.0,0.0,0.0,6.0,0.0,1.0,0.0,0.0,0.0
JEC-J19,171.6,0.0,5.0,0.0,0.0,0.0,0.0,0.0,6.0,0.0,1.0,0.0,0.0,0.0
JEC-J19,172.7,0.0,5.0,0.0,0.0,0.0,0.0,0.0,6.0,0.0,1.0,0.0,0.0,0.0
JEC-J19,173.8,0.0,5.0,0.0,0.0,0.0,0.0,0.0,6.0,0.0,1.0,0.0,0.0,0.0
JEC-J19,174.9,0.0,5.0,0.0,0.0,0.0,0.0,0.0,6.0,0.0,1.0,0.0,0.0,0.0
JEC-J19,176.0,0.0,5.0,0.0,0.0,0.0,0.0,0.0,6.0,0.0,1.0,0.0,0.0,0.0
JEC-J19,177.1,0.0,5.0,0.0,0.0,0.0,0.0,0.0,6.0,0.0,1.0,0.0,0.0,0.0
JEC-J19,178.2,0.0,5.0,0.0,0.0,0.0,0.0,0.0,6.0,0.0,1.0,0.0,0.0,0.0
JEC-J19,179.3,0.0,5.0,0.0,0.0,0.0,0.0,0.0,6.0,0.0,1.0,0.0,0.0,0.0
JEC-J19,180.4,0.0,5.0,0.0,0.0,0.0,0.0,0.0,6.0,0.0,1.0,0.0,0.0,0.0
JEC-J19,181.5,0.0,5.0,0.0,0.0,0.0,0.0,0.0,6.0,0.0,1.0,0.0,0.0,0.0
JEC-J19,182.6,0.0,5.0,0.0,0.0,0.0,0.0,0.0,6.0,0.0,1.0,0.0,0.0,0.0
JEC-J19,183.7,0.0,5.0,0.0,0.0,0.0,0.0,0.0,6.0,0.0,1.0,0.0,0.0,0.0
JEC-J19,184.8,0.0,5.0,0.0,0.0,0.0,0.0,0.0,6.0,0.0,1.0,0.0,0.0,0.0
JEC-J19,185.9,0.0,5.0,0.0,0.0,0.0,0.0,0.0,6.0,0.0,1.0,0.0,0.0,0.0
JEC-J19,187.0,0.0,5.0,0.0,0.0,0.0,0.0,0.0,6.0,0.0,1.0,0.0,0.0,0.0
JEC-J19,188.1,0.0,5.0,0.0,0.0,0.0,0.0,0.0,6.0,0.0,1.0,0.0,0.0,0.0
JEC-J19,189.2,0.0,5.0,0.0,0.0,0.0,0.0,0.0,6.0,0.0,1.0,0.0,0.0,0.0
JEC-J19,190.3,0.0,5.0,0.0,0.0,0.0,0.0,0.0,6.0,0.0,1.0,0.0,0.0,0.0
JEC-J19,191.4,0.0,5.0,0.0,0.0,0.0,0.0,0.0,6.0,0.0,1.0,0.0,0.0,0.0
JEC-J19,192.5,0.0,5.0,0.0,0.0,0.0,0.0,0.0,6.0,0.0,1.0,0.0,0.0,0.0
JEC-J19,193.6,0.0,5.0,0.0,0.0,0.0,0.0,0.0,6.0,0.0,1.0,0.0,0.0,0.0
JEC-J15,1.1,0.0,5.0,0.0,0.0,0.0,0.0,0.0,1.0,0.0,1.13,0.0,0.0,0.0
JEC-J15,2.2,0.0,5.0,0.0,0.0,0.0,0.0,0.0,1.0,0.0,1.13,0.0,0.0,0.0
JEC-J15,3.3,0.0,5.0,0.0,0.0,0.0,0.0,0.0,1.0,0.0,1.13,0.0,0.0,0.0
JEC-J15,4.4,0.0,5.0,0.0,0.0,0.0,0.0,0.0,1.0,0.0,1.13,0.0,0.0,0.0
JEC-J15,5.5,0.0,5.0,0.0,0.0,0.0,0.0,0.0,1.0,0.0,1.13,0.0,0.0,0.0
JEC-J15,6.6,0.0,5.0,0.0,0.0,0.0,0.0,0.0,1.0,0.0,1.13,0.0,0.0,0.0
JEC-J15,7.7,0.0,5.0,0.0,0.0,0.0,0.0,0.0,1.0,0.0,1.13,0.0,0.0,0.0
JEC-J15,8.8,0.0,5.0,0.0,0.0,0.0,0.0,0.0,1.0,0.0,1.13,0.0,0.0,0.0
JEC-J15,9.9,0.0,5.0,0.0,0.0,0.0,0.0,0.0,1.0,0.0,1.13,0.0,0.0,0.0
JEC-J15,11.0,0.0,5.0,0.0,0.0,0.0,0.0,0.0,1.0,0.0,1.13,0.0,0.0,0.0
JEC-J15,12.1,0.0,5.0,0.0,0.0,0.0,0.0,0.0,1.0,0.0,1.13,0.0,0.0,0.0
JEC-J15,13.2,0.0,5.0,0.0,0.0,0.0,0.0,0.0,1.0,0.0,1.13,0.0,0.0,0.0
JEC-J15,14.3,0.0,5.0,0.0,0.0,0.0,0.0,0.0,1.0,0.0,1.13,0.0,0.0,0.0
JEC-J15,15.4,0.0,5.0,0.0,0.0,0.0,0.0,0.0,1.0,0.0,1.13,0.0,0.0,0.0
JEC-J15,16.5,0.0,5.0,0.0,0.0,0.0,0.0,0.0,1.0,0.0,1.13,0.0,0.0,0.0
JEC-J15,17.6,0.0,5.0,0.0,0.0,0.0,0.0,0.0,1.0,0.0,1.13,0.0,0.0,0.0
JEC-J15,18.7,0.0,5.0,0.0,0.0,0.0,0.0,0.0,1.0,0.0,1.13,0.0,0.0,0.0
JEC-J15,19.8,0.0,5.0,0.0,0.0,0.0,0.0,0.0,1.0,0.0,1.13,0.0,0.0,0.0
JEC-J15,20.9,0.0,5.0,0.0,0.0,0.0,0.0,0.0,1.0,0.0,1.13,0.0,0.0,0.0
JEC-J15,22.0,0.0,5.0,0.0,0.0,0.0,0.0,0.0,1.0,0.0,1.13,0.0,0.0,0.0
JEC-J15,23.1,0.0,5.0,0.0,0.0,0.0,0.0,0.0,1.0,0.0,1.13,0.0,0.0,0.0
JEC-J15,24.2,0.0,5.0,0.0,0.0,0.0,0.0,0.0,1.0,0.0,1.13,0.0,0.0,0.0
JEC-J15,25.3,0.0,5.0,0.0,0.0,0.0,0.0,0.0,1.0,0.0,1.13,0.0,0.0,0.0
JEC-J15,26.4,0.0,5.0,0.0,0.0,0.0,0.0,0.0,1.0,0.0,1.13,0.0,0.0,0.0
JEC-J15,27.5,0.0,5.0,0.0,0.0,0.0,0.0,0.0,1.0,0.0,1.13,0.0,0.0,0.0
JEC-J15,28.6,0.0,5.0,0.0,0.0,0.0,0.0,0.0,2.0,0.0,1.13,0.0,0.0,0.0
JEC-J15,29.7,0.0,5.0,0.0,0.0,0.0,0.0,0.0,2.0,0.0,1.13,0.0,0.0,0.0
JEC-J15,30.8,0.0,5.0,0.0,0.0,0.0,0.0,0.0,2.0,0.0,1.13,0.0,0.0,0.0
JEC-J15,31.9,0.0,5.0,0.0,0.0,0.0,1.0,0.0,2.0,0.0,1.13,0.0,0.0,0.0
JEC-J15,33.0,0.0,5.0,0.0,0.0,0.0,1.0,0.0,2.0,0.0,1.13,0.0,0.0,0.0
JEC-J15,34.1,0.0,5.0,0.0,0.0,0.0,1.0,0.0,2.0,0.0,1.13,0.0,0.0,0.0
JEC-J15,35.2,0.0,5.0,0.0,0.0,0.0,1.0,0.0,2.0,0.0,1.13,0.0,0.0,0.0
JEC-J15,36.3,0.0,5.0,0.0,0.0,0.0,1.0,0.0,2.0,0.0,1.13,0.0,0.0,0.0
JEC-J15,37.4,0.0,5.0,0.0,0.0,0.0,1.0,0.0,2.0,0.0,1.13,0.0,0.0,0.0
JEC-J15,38.5,1.0,5.0,0.0,0.0,0.0,1.0,0.0,2.0,0.0,1.13,0.0,0.0,0.0
JEC-J15,39.6,1.0,5.0,0.0,0.0,0.0,0.0,0.0,2.0,1.0,1.13,0.0,0.0,0.0
JEC-J15,40.7,1.0,5.0,0.0,0.0,0.0,0.0,0.0,2.0,1.0,1.03,0.0,0.0,0.0
JEC-J15,41.8,0.0,5.0,0.0,0.0,0.0,0.0,0.0,2.0,1.0,1.03,0.0,0.0,1.0
JEC-J15,42.9,0.0,5.0,0.0,0.0,0.0,0.0,0.0,2.0,1.0,1.03,0.0,0.0,1.0
JEC-J15,44.0,0.0,5.0,1.0,0.0,0.0,0.0,0.0,2.0,1.0,1.03,0.0,0.0,2.0
JEC-J15,45.1,0.0,5.0,1.0,0.0,0.0,0.0,0.0,2.0,1.0,1.03,0.0,0.0,0.0
JEC-J15,46.2,0.0,5.0,1.0,0.0,0.0,0.0,0.0,2.0,1.0,1.03,0.0,0.0,0.0
JEC-J15,47.3,0.0,5.0,0.0,0.0,0.0,0.0,0.0,2.0,1.0,1.03,0.0,0.0,0.0
JEC-J15,48.4,0.0,5.0,0.0,0.0,0.0,0.0,0.0,2.0,1.0,1.03,0.0,0.0,0.0
JEC-J15,49.5,0.0,5.0,0.0,0.0,0.0,0.0,0.0,3.0,0.0,1.03,0.0,0.0,0.0
JEC-J15,50.6,0.0,5.0,0.0,0.0,0.0,0.0,0.0,3.0,0.0,1.03,0.0,0.0,0.0
JEC-J15,51.7,0.0,5.0,0.0,0.0,0.0,0.0,0.0,3.0,0.0,1.03,0.0,0.0,0.0
JEC-J15,52.8,0.0,5.0,0.0,0.0,0.0,0.0,0.0,4.0,0.0,1.03,0.0,0.0,0.0
JEC-J15,53.9,0.0,5.0,0.0,0.0,0.0,0.0,0.0,4.0,0.0,1.03,0.0,0.0,0.0
JEC-J15,55.0,0.0,5.0,0.0,0.0,0.0,0.0,0.0,4.0,0.0,1.03,0.0,0.0,0.0
JEC-J15,56.1,0.0,5.0,0.0,0.0,0.0,0.0,0.0,4.0,0.0,1.13,0.0,0.0,0.0
JEC-J15,57.2,0.0,5.0,0.0,0.0,0.0,0.0,0.0,4.0,0.0,1.13,0.0,0.0,0.0
JEC-J15,58.3,0.0,5.0,0.0,0.0,0.0,0.0,0.0,5.0,0.0,1.13,0.0,0.0,0.0
JEC-J15,59.4,0.0,5.0,0.0,0.0,0.0,0.0,0.0,5.0,0.0,1.13,0.0,0.0,0.0
JEC-J15,60.5,0.0,5.0,0.0,0.0,0.0,0.0,0.0,5.0,0.0,1.13,0.0,0.0,0.0
JEC-J15,61.6,0.0,5.0,0.0,0.0,0.0,1.0,0.0,5.0,0.0,1.13,0.0,0.0,0.0
JEC-J15,62.7,0.0,5.0,0.0,0.0,0.0,1.0,0.0,5.0,0.0,1.13,0.0,0.0,0.0
JEC-J15,63.8,0.0,5.0,0.0,0.0,0.0,1.0,0.0,5.0,0.0,1.13,0.0,0.0,0.0
JEC-J15,64.9,0.0,5.0,0.0,0.0,0.0,1.0,0.0,5.0,0.0,1.13,0.0,0.0,0.0
JEC-J15,66.0,0.0,5.0,0.0,0.0,0.0,1.0,0.0,5.0,0.0,1.13,0.0,0.0,0.0
JEC-J15,67.1,0.0,5.0,0.0,0.0,0.0,1.0,0.0,5.0,0.0,1.13,0.0,0.0,0.0
JEC-J15,68.2,1.0,5.0,0.0,0.0,0.0,1.0,0.0,5.0,0.0,1.13,0.0,0.0,0.0
JEC-J15,69.3,1.0,5.0,0.0,0.0,0.0,0.0,0.0,6.0,1.0,1.13,0.0,0.0,0.0
JEC-J15,70.4,1.0,5.0,0.0,0.0,0.0,0.0,0.0,6.0,1.0,1.13,0.0,0.0,0.0
JEC-J15,71.5,0.0,5.0,0.0,0.0,0.0,0.0,0.0,6.0,1.0,1.13,0.0,0.0,1.0
JEC-J15,72.6,0.0,5.0,0.0,0.0,0.0,1.0,0.0,6.0,1.0,1.13,0.0,0.0,1.0
JEC-J15,73.7,0.0,5.0,1.0,0.0,0.0,1.0,0.0,6.0,1.0,1.13,0.0,0.0,2.0
JEC-J15,74.8,0.0,5.0,1.0,0.0,0.0,1.0,0.0,6.0,1.0,1.13,0.0,0.0,0.0
JEC-J15,75.9,0.0,5.0,1.0,0.0,0.0,1.0,0.0,6.0,1.0,1.13,0.0,0.0,0.0
JEC-J15,77.0,0.0,5.0,0.0,0.0,0.0,1.0,0.0,6.0,1.0,1.13,0.0,0.0,0.0
JEC-J15,78.1,0.0,5.0,0.0,0.0,0.0,2.0,0.0,5.0,1.0,1.13,0.0,0.0,0.0
JEC-J15,79.2,0.0,5.0,0.0,0.0,0.0,2.0,0.0,5.0,0.0,1.13,0.0,0.0,0.0
JEC-J15,80.3,0.0,5.0,0.0,0.0,0.0,2.0,0.0,6.0,0.0,1.13,0.0,0.0,0.0
JEC-J15,81.4,0.0,5.0,0.0,0.0,0.0,2.0,0.0,7.0,0.0,1.13,0.0,0.0,0.0
JEC-J15,82.5,0.0,5.0,0.0,0.0,0.0,2.0,0.0,8.0,0.0,1.13,0.0,0.0,0.0
JEC-J15,83.6,1.0,5.0,0.0,0.0,0.0,2.0,0.0,8.0,0.0,1.13,0.0,0.0,0.0
JEC-J15,84.7,1.0,5.0,0.0,0.0,0.0,1.0,0.0,8.0,1.0,1.13,0.0,0.0,0.0
JEC-J15,85.8,1.0,5.0,0.0,0.0,0.0,1.0,0.0,8.0,1.0,1.13,0.0,0.0,0.0
JEC-J15,86.9,0.0,5.0,0.0,0.0,0.0,1.0,0.0,8.0,1.0,1.13,0.0,0.0,1.0
JEC-J15,88.0,0.0,5.0,0.0,0.0,0.0,1.0,0.0,8.0,1.0,1.13,0.0,0.0,1.0
JEC-J15,89.1,0.0,5.0,1.0,0.0,0.0,1.0,0.0,8.0,1.0,1.13,0.0,0.0,2.0
JEC-J15,90.2,0.0,5.0,1.0,0.0,0.0,0.0,0.0,8.0,2.0,1.13,0.0,0.0,0.0
JEC-J15,91.3,1.0,5.0,1.0,0.0,0.0,0.0,0.0,8.0,2.0,1.13,0.0,0.0,0.0
JEC-J15,92.4,1.0,5.0,0.0,0.0,0.0,0.0,0.0,8.0,2.0,1.13,0.0,0.0,0.0
JEC-J15,93.5,1.0,5.0,0.0,0.0,0.0,0.0,0.0,8.0,2.0,1.13,0.0,0.0,0.0
JEC-J15,94.6,0.0,5.0,0.0,0.0,0.0,0.0,0.0,8.0,1.0,1.13,0.0,0.0,1.0
JEC-J15,95.7,0.0,5.0,0.0,0.0,0.0,0.0,0.0,8.0,1.0,1.0,0.0,0.0,1.0
JEC-J15,96.8,0.0,5.0,1.0,0.0,0.0,0.0,0.0,8.0,1.0,1.0,0.0,0.0,2.0
JEC-J15,97.9,0.0,5.0,1.0,0.0,0.0,0.0,0.0,8.0,1.0,1.0,0.0,0.0,0.0
JEC-J15,99.0,0.0,5.0,1.0,0.0,0.0,0.0,0.0,8.0,1.0,1.0,0.0,0.0,0.0
JEC-J15,100.1,0.0,5.0,0.0,0.0,0.0,0.0,0.0,8.0,1.0,1.06,0.0,0.0,0.0
JEC-J15,101.2,0.0,5.0,0.0,0.0,0.0,0.0,0.0,8.0,1.0,1.06,0.0,0.0,0.0
JEC-J15,102.3,0.0,5.0,0.0,0.0,0.0,0.0,0.0,8.0,0.0,1.06,0.0,0.0,0.0
JEC-J15,103.4,0.0,5.0,0.0,0.0,0.0,0.0,0.0,6.0,0.0,1.06,0.0,0.0,0.0
JEC-J15,104.5,0.0,5.0,0.0,0.0,0.0,0.0,0.0,6.0,0.0,1.06,0.0,0.0,0.0
JEC-J15,105.6,0.0,5.0,0.0,0.0,0.0,0.0,0.0,6.0,0.0,1.06,0.0,0.0,0.0
JEC-J15,106.7,0.0,5.0,0.0,0.0,0.0,0.0,0.0,6.0,0.0,1.06,0.0,0.0,0.0
JEC-J15,107.8,0.0,5.0,0.0,0.0,0.0,0.0,0.0,6.0,0.0,1.06,0.0,0.0,0.0
JEC-J15,108.9,0.0,5.0,0.0,0.0,0.0,0.0,0.0,6.0,0.0,1.06,0.0,0.0,0.0
JEC-J15,110.0,0.0,5.0,0.0,0.0,0.0,0.0,0.0,5.0,0.0,1.06,0.0,0.0,0.0
JEC-J15,111.1,0.0,5.0,0.0,0.0,0.0,0.0,0.0,5.0,0.0,1.06,0.0,0.0,0.0
JEC-J15,112.2,0.0,5.0,0.0,0.0,0.0,0.0,0.0,5.0,0.0,1.06,0.0,0.0,0.0
JEC-J15,113.3,0.0,5.0,0.0,0.0,0.0,0.0,0.0,4.0,0.0,1.06,0.0,0.0,0.0
JEC-J15,114.4,0.0,5.0,0.0,0.0,0.0,0.0,0.0,4.0,0.0,1.06,0.0,0.0,0.0
JEC-J15,115.5,0.0,5.0,0.0,0.0,0.0,0.0,0.0,3.0,0.0,1.06,0.0,0.0,0.0
JEC-J15,116.6,0.0,5.0,0.0,0.0,0.0,0.0,0.0,3.0,0.0,1.06,0.0,0.0,0.0
JEC-J15,117.7,0.0,5.0,0.0,0.0,0.0,0.0,0.0,3.0,0.0,1.06,0.0,0.0,0.0
JEC-J15,118.8,0.0,5.0,0.0,0.0,0.0,0.0,0.0,3.0,0.0,1.06,0.0,0.0,0.0
JEC-J15,119.9,0.0,5.0,0.0,0.0,0.0,0.0,0.0,3.0,0.0,1.06,0.0,0.0,0.0
JEC-J15,121.0,0.0,5.0,0.0,0.0,0.0,0.0,0.0,3.0,0.0,1.06,0.0,0.0,0.0
JEC-J15,122.1,0.0,5.0,0.0,0.0,0.0,0.0,0.0,3.0,0.0,1.06,0.0,0.0,0.0
JEC-J15,123.2,0.0,5.0,0.0,0.0,0.0,0.0,0.0,3.0,0.0,1.06,0.0,0.0,0.0
JEC-J15,124.3,0.0,5.0,0.0,0.0,0.0,0.0,0.0,3.0,0.0,1.06,0.0,0.0,0.0
JEC-J15,125.4,0.0,5.0,0.0,0.0,0.0,0.0,0.0,3.0,0.0,1.06,0.0,0.0,0.0
JEC-J15,126.5,0.0,5.0,0.0,0.0,0.0,0.0,0.0,3.0,0.0,1.06,0.0,0.0,0.0
JEC-J15,127.6,0.0,5.0,0.0,0.0,0.0,0.0,0.0,3.0,0.0,1.06,0.0,0.0,0.0
JEC-J15,128.7,0.0,5.0,0.0,0.0,0.0,0.0,0.0,3.0,0.0,1.06,0.0,0.0,0.0
JEC-J15,129.8,0.0,5.0,0.0,0.0,0.0,0.0,0.0,3.0,0.0,1.06,0.0,0.0,0.0
JEC-J15,130.9,0.0,5.0,0.0,0.0,0.0,0.0,0.0,3.0,0.0,1.06,0.0,0.0,0.0
JEC-J15,132.0,0.0,5.0,0.0,0.0,0.0,0.0,0.0,3.0,0.0,1.06,0.0,0.0,0.0
JEC-J15,133.1,0.0,5.0,0.0,0.0,0.0,0.0,0.0,3.0,0.0,1.06,0.0,0.0,0.0
JEC-J15,134.2,0.0,5.0,0.0,0.0,0.0,0.0,0.0,3.0,0.0,1.06,0.0,0.0,0.0
JEC-J15,135.3,0.0,5.0,0.0,0.0,0.0,0.0,0.0,3.0,0.0,1.06,0.0,0.0,0.0
JEC-J15,136.4,0.0,5.0,0.0,0.0,0.0,0.0,0.0,3.0,0.0,1.06,0.0,0.0,0.0
JEC-J15,137.5,0.0,5.0,0.0,0.0,0.0,0.0,0.0,3.0,0.0,1.06,0.0,0.0,0.0
JEC-J15,138.6,0.0,5.0,0.0,0.0,0.0,0.0,0.0,3.0,0.0,1.06,0.0,0.0,0.0
JEC-J15,139.7,0.0,5.0,0.0,0.0,0.0,0.0,0.0,3.0,0.0,1.06,0.0,0.0,0.0
JEC-J15,140.8,0.0,5.0,0.0,0.0,0.0,0.0,0.0,3.0,0.0,1.06,0.0,0.0,0.0
JEC-J15,141.9,0.0,5.0,0.0,0.0,0.0,0.0,0.0,3.0,0.0,1.06,0.0,0.0,0.0
JEC-J15,143.0,0.0,5.0,0.0,0.0,0.0,0.0,0.0,3.0,0.0,1.06,0.0,0.0,0.0
JEC-J15,144.1,0.0,5.0,0.0,0.0,0.0,0.0,0.0,3.0,0.0,1.06,0.0,0.0,0.0
JEC-J15,145.2,0.0,5.0,0.0,0.0,0.0,0.0,0.0,3.0,0.0,1.06,0.0,0.0,0.0
JEC-J15,146.3,0.0,5.0,0.0,0.0,0.0,0.0,0.0,3.0,0.0,1.06,0.0,0.0,0.0
JEC-J15,147.4,0.0,5.0,0.0,0.0,0.0,0.0,0.0,3.0,0.0,1.06,0.0,0.0,0.0
JEC-J15,148.5,0.0,5.0,0.0,0.0,0.0,0.0,0.0,3.0,0.0,1.06,0.0,0.0,0.0
JEC-J15,149.6,0.0,5.0,0.0,0.0,0.0,0.0,0.0,3.0,0.0,1.06,0.0,0.0,0.0
JEC-J15,150.7,0.0,5.0,0.0,0.0,0.0,0.0,0.0,3.0,0.0,1.06,0.0,0.0,0.0
JEC-J15,151.8,0.0,5.0,0.0,0.0,0.0,0.0,0.0,3.0,0.0,1.06,0.0,0.0,0.0
JEC-J15,152.9,0.0,5.0,0.0,0.0,0.0,0.0,0.0,3.0,0.0,1.06,0.0,0.0,0.0
JEC-J15,154.0,0.0,5.0,0.0,0.0,0.0,0.0,0.0,3.0,0.0,1.06,0.0,0.0,0.0
JEC-J15,155.1,0.0,5.0,0.0,0.0,0.0,0.0,0.0,3.0,0.0,1.06,0.0,0.0,0.0
JEC-J15,156.2,0.0,5.0,0.0,0.0,0.0,0.0,0.0,3.0,0.0,1.06,0.0,0.0,0.0
JEC-J15,157.3,0.0,5.0,0.0,0.0,0.0,0.0,0.0,3.0,0.0,1.06,0.0,0.0,0.0
JEC-J15,158.4,0.0,5.0,0.0,0.0,0.0,0.0,0.0,3.0,0.0,1.06,0.0,0.0,0.0
JEC-J15,159.5,0.0,5.0,0.0,0.0,0.0,0.0,0.0,3.0,0.0,1.06,0.0,0.0,0.0
JEC-J15,160.6,0.0,5.0,0.0,0.0,0.0,0.0,0.0,3.0,0.0,1.0,0.0,0.0,0.0
JEC-J15,161.7,0.0,5.0,0.0,0.0,0.0,0.0,0.0,3.0,0.0,1.0,0.0,0.0,0.0
JEC-J15,162.8,0.0,5.0,0.0,0.0,0.0,0.0,0.0,3.0,0.0,1.0,0.0,0.0,0.0
JEC-J15,163.9,0.0,5.0,0.0,0.0,0.0,0.0,0.0,3.0,0.0,1.0,0.0,0.0,0.0
JEC-J15,165.0,0.0,5.0,0.0,0.0,0.0,0.0,0.0,3.0,0.0,1.0,0.0,0.0,0.0
JEC-J15,166.1,0.0,5.0,0.0,0.0,0.0,0.0,0.0,3.0,0.0,1.0,0.0,0.0,0.0
JEC-J15,167.2,0.0,5.0,0.0,0.0,0.0,0.0,0.0,3.0,0.0,1.0,0.0,0.0,0.0
JEC-J15,168.3,0.0,5.0,0.0,0.0,0.0,0.0,0.0,3.0,0.0,1.0,0.0,0.0,0.0
JEC-J15,169.4,0.0,5.0,0.0,0.0,0.0,0.0,0.0,3.0,0.0,1.0,0.0,0.0,0.0
JEC-J15,170.5,0.0,5.0,0.0,0.0,0.0,0.0,0.0,3.0,0.0,1.0,0.0,0.0,0.0
JEC-J15,171.6,0.0,5.0,0.0,0.0,0.0,0.0,0.0,3.0,0.0,1.0,0.0,0.0,0.0
JEC-J15,172.7,0.0,5.0,0.0,0.0,0.0,0.0,0.0,3.0,0.0,1.0,0.0,0.0,0.0
JEC-J15,173.8,0.0,5.0,0.0,0.0,0.0,0.0,0.0,3.0,0.0,1.0,0.0,0.0,0.0
JEC-J15,174.9,0.0,5.0,0.0,0.0,0.0,0.0,0.0,3.0,0.0,1.0,0.0,0.0,0.0
JEC-J15,176.0,0.0,5.0,0.0,0.0,0.0,0.0,0.0,3.0,0.0,1.0,0.0,0.0,0.0
JEC-J15,177.1,0.0,5.0,0.0,0.0,0.0,0.0,0.0,3.0,0.0,1.0,0.0,0.0,0.0
JEC-J15,178.2,0.0,5.0,0.0,0.0,0.0,0.0,0.0,3.0,0.0,1.0,0.0,0.0,0.0
JEC-J15,179.3,0.0,5.0,0.0,0.0,0.0,0.0,0.0,3.0,0.0,1.0,0.0,0.0,0.0
JEC-J15,180.4,0.0,5.0,0.0,0.0,0.0,0.0,0.0,3.0,0.0,1.0,0.0,0.0,0.0
JEC-J15,181.5,0.0,5.0,0.0,0.0,0.0,0.0,0.0,3.0,0.0,1.0,0.0,0.0,0.0
JEC-J15,182.6,0.0,5.0,0.0,0.0,0.0,0.0,0.0,3.0,0.0,1.0,0.0,0.0,0.0
JEC-J15,183.7,0.0,5.0,0.0,0.0,0.0,0.0,0.0,3.0,0.0,1.0,0.0,0.0,0.0
JEC-J15,184.8,0.0,5.0,0.0,0.0,0.0,0.0,0.0,3.0,0.0,1.0,0.0,0.0,0.0
JEC-J15,185.9,0.0,5.0,0.0,0.0,0.0,0.0,0.0,3.0,0.0,1.0,0.0,0.0,0.0
JEC-J15,187.0,0.0,5.0,0.0,0.0,0.0,0.0,0.0,3.0,0.0,1.0,0.0,0.0,0.0
JEC-J15,188.1,0.0,5.0,0.0,0.0,0.0,0.0,0.0,3.0,0.0,1.0,0.0,0.0,0.0
JEC-J15,189.2,0.0,5.0,0.0,0.0,0.0,0.0,0.0,3.0,0.0,1.0,0.0,0.0,0.0
JEC-J15,190.3,0.0,5.0,0.0,0.0,0.0,0.0,0.0,3.0,0.0,1.0,0.0,0.0,0.0
JEC-J15,191.4,0.0,5.0,0.0,0.0,0.0,0.0,0.0,3.0,0.0,1.0,0.0,0.0,0.0
JEC-J15,192.5,0.0,5.0,0.0,0.0,0.0,0.0,0.0,3.0,0.0,1.0,0.0,0.0,0.0
JEC-J15,193.6,0.0,5.0,0.0,0.0,0.0,0.0,0.0,3.0,0.0,1.0,0.0,0.0,0.0
JEC-J22,1.1,0.0,5.0,0.0,0.0,0.0,0.0,0.0,4.0,0.0,1.13,0.0,0.0,0.0
JEC-J22,2.2,0.0,5.0,0.0,0.0,0.0,0.0,0.0,4.0,0.0,1.13,0.0,0.0,0.0
JEC-J22,3.3,0.0,5.0,0.0,0.0,0.0,0.0,0.0,4.0,0.0,1.13,0.0,0.0,0.0
JEC-J22,4.4,0.0,5.0,0.0,0.0,0.0,0.0,0.0,4.0,0.0,1.13,0.0,0.0,0.0
JEC-J22,5.5,0.0,5.0,0.0,0.0,0.0,0.0,0.0,4.0,0.0,1.13,0.0,0.0,0.0
JEC-J22,6.6,0.0,5.0,0.0,0.0,0.0,0.0,0.0,4.0,0.0,1.13,0.0,0.0,0.0
JEC-J22,7.7,0.0,5.0,0.0,0.0,0.0,0.0,0.0,4.0,0.0,1.13,0.0,0.0,0.0
JEC-J22,8.8,0.0,5.0,0.0,0.0,0.0,0.0,0.0,4.0,0.0,1.13,0.0,0.0,0.0
JEC-J22,9.9,0.0,5.0,0.0,0.0,0.0,0.0,0.0,4.0,0.0,1.13,0.0,0.0,0.0
JEC-J22,11.0,0.0,5.0,0.0,0.0,0.0,0.0,0.0,4.0,0.0,1.13,0.0,0.0,0.0
JEC-J22,12.1,0.0,5.0,0.0,0.0,0.0,0.0,0.0,4.0,0.0,1.13,0.0,0.0,0.0
JEC-J22,13.2,0.0,5.0,0.0,0.0,0.0,0.0,0.0,4.0,0.0,1.13,0.0,0.0,0.0
JEC-J22,14.3,0.0,5.0,0.0,0.0,0.0,0.0,0.0,4.0,0.0,1.13,0.0,0.0,0.0
JEC-J22,15.4,0.0,5.0,0.0,0.0,0.0,0.0,0.0,4.0,0.0,1.13,0.0,0.0,0.0
JEC-J22,16.5,0.0,5.0,0.0,0.0,0.0,0.0,0.0,4.0,0.0,1.13,0.0,0.0,0.0
JEC-J22,17.6,0.0,5.0,0.0,0.0,0.0,0.0,0.0,4.0,0.0,1.13,0.0,0.0,0.0
JEC-J22,18.7,0.0,5.0,0.0,0.0,0.0,0.0,0.0,4.0,0.0,1.13,0.0,0.0,0.0
JEC-J22,19.8,0.0,5.0,0.0,0.0,0.0,0.0,0.0,4.0,0.0,1.13,0.0,0.0,0.0
JEC-J22,20.9,0.0,5.0,0.0,0.0,0.0,0.0,0.0,4.0,0.0,1.13,0.0,0.0,0.0
JEC-J22,22.0,0.0,5.0,0.0,0.0,0.0,0.0,0.0,4.0,0.0,1.13,0.0,0.0,0.0
JEC-J22,23.1,0.0,5.0,0.0,0.0,0.0,0.0,0.0,4.0,0.0,1.13,0.0,0.0,0.0
JEC-J22,24.2,0.0,5.0,0.0,0.0,0.0,0.0,0.0,4.0,0.0,1.13,0.0,0.0,0.0
JEC-J22,25.3,0.0,5.0,0.0,0.0,0.0,0.0,0.0,4.0,0.0,1.13,0.0,0.0,0.0
JEC-J22,26.4,0.0,5.0,0.0,0.0,0.0,0.0,0.0,4.0,0.0,1.13,0.0,0.0,0.0
JEC-J22,27.5,0.0,5.0,0.0,0.0,0.0,0.0,0.0,4.0,0.0,1.13,0.0,0.0,0.0
JEC-J22,28.6,0.0,5.0,0.0,0.0,0.0,0.0,0.0,4.0,0.0,1.13,0.0,0.0,0.0
JEC-J22,29.7,0.0,5.0,0.0,0.0,0.0,0.0,0.0,4.0,0.0,1.13,0.0,0.0,0.0
JEC-J22,30.8,0.0,5.0,0.0,0.0,0.0,0.0,0.0,4.0,0.0,1.13,0.0,0.0,0.0
JEC-J22,31.9,0.0,5.0,0.0,0.0,0.0,0.0,0.0,4.0,0.0,1.13,0.0,0.0,0.0
JEC-J22,33.0,0.0,5.0,0.0,0.0,0.0,0.0,0.0,4.0,0.0,1.13,0.0,0.0,0.0
JEC-J22,34.1,0.0,5.0,0.0,0.0,0.0,0.0,0.0,4.0,0.0,1.13,0.0,0.0,0.0
JEC-J22,35.2,0.0,5.0,0.0,0.0,0.0,0.0,0.0,4.0,0.0,1.13,0.0,0.0,0.0
JEC-J22,36.3,0.0,5.0,0.0,0.0,0.0,0.0,0.0,4.0,0.0,1.13,0.0,0.0,0.0
JEC-J22,37.4,0.0,5.0,0.0,0.0,0.0,0.0,0.0,4.0,0.0,1.13,0.0,0.0,0.0
JEC-J22,38.5,0.0,5.0,0.0,0.0,0.0,0.0,0.0,4.0,0.0,1.13,0.0,0.0,0.0
JEC-J22,39.6,0.0,5.0,0.0,0.0,0.0,0.0,0.0,4.0,0.0,1.13,0.0,0.0,0.0
JEC-J22,40.7,0.0,5.0,0.0,0.0,0.0,0.0,0.0,4.0,0.0,1.03,0.0,0.0,0.0
JEC-J22,41.8,0.0,5.0,0.0,0.0,0.0,0.0,0.0,4.0,0.0,1.03,0.0,0.0,0.0
JEC-J22,42.9,0.0,5.0,0.0,0.0,0.0,0.0,0.0,4.0,0.0,1.03,0.0,0.0,0.0
JEC-J22,44.0,0.0,5.0,0.0,0.0,0.0,0.0,0.0,3.0,0.0,1.03,0.0,0.0,0.0
JEC-J22,45.1,0.0,5.0,0.0,0.0,0.0,0.0,0.0,3.0,0.0,1.03,0.0,0.0,0.0
JEC-J22,46.2,0.0,5.0,0.0,0.0,0.0,0.0,0.0,3.0,0.0,1.03,0.0,0.0,0.0
JEC-J22,47.3,0.0,5.0,0.0,0.0,0.0,0.0,0.0,3.0,0.0,1.03,0.0,0.0,0.0
JEC-J22,48.4,0.0,5.0,0.0,0.0,0.0,0.0,0.0,3.0,0.0,1.03,0.0,0.0,0.0
JEC-J22,49.5,0.0,5.0,0.0,0.0,0.0,0.0,0.0,3.0,0.0,1.03,0.0,0.0,0.0
JEC-J22,50.6,0.0,5.0,0.0,0.0,0.0,0.0,0.0,3.0,0.0,1.03,0.0,0.0,0.0
JEC-J22,51.7,0.0,5.0,0.0,0.0,0.0,0.0,0.0,3.0,0.0,1.03,0.0,0.0,0.0
JEC-J22,52.8,0.0,5.0,0.0,0.0,0.0,0.0,0.0,3.0,0.0,1.03,0.0,0.0,0.0
JEC-J22,53.9,0.0,5.0,0.0,0.0,0.0,0.0,0.0,3.0,0.0,1.03,0.0,0.0,0.0
JEC-J22,55.0,0.0,5.0,0.0,0.0,0.0,0.0,0.0,3.0,0.0,1.03,0.0,0.0,0.0
JEC-J22,56.1,0.0,5.0,0.0,0.0,0.0,0.0,0.0,3.0,0.0,1.13,0.0,0.0,0.0
JEC-J22,57.2,0.0,5.0,0.0,0.0,0.0,0.0,0.0,3.0,0.0,1.13,0.0,0.0,0.0
JEC-J22,58.3,0.0,5.0,0.0,0.0,0.0,0.0,0.0,3.0,0.0,1.13,0.0,0.0,0.0
JEC-J22,59.4,0.0,5.0,0.0,0.0,0.0,0.0,0.0,3.0,0.0,1.13,0.0,0.0,0.0
JEC-J22,60.5,0.0,5.0,0.0,0.0,0.0,0.0,0.0,3.0,0.0,1.13,0.0,0.0,0.0
JEC-J22,61.6,0.0,5.0,0.0,0.0,0.0,0.0,0.0,3.0,0.0,1.13,0.0,0.0,0.0
JEC-J22,62.7,0.0,5.0,0.0,0.0,0.0,0.0,0.0,3.0,0.0,1.13,0.0,0.0,0.0
JEC-J22,63.8,0.0,5.0,0.0,0.0,0.0,0.0,0.0,3.0,0.0,1.13,0.0,0.0,0.0
JEC-J22,64.9,0.0,5.0,0.0,0.0,0.0,0.0,0.0,3.0,0.0,1.13,0.0,0.0,0.0
JEC-J22,66.0,0.0,5.0,0.0,0.0,0.0,0.0,0.0,3.0,0.0,1.13,0.0,0.0,0.0
JEC-J22,67.1,0.0,5.0,0.0,0.0,0.0,0.0,0.0,3.0,0.0,1.13,0.0,0.0,0.0
JEC-J22,68.2,0.0,5.0,0.0,0.0,0.0,0.0,0.0,3.0,0.0,1.13,0.0,0.0,0.0
JEC-J22,69.3,0.0,5.0,0.0,0.0,0.0,0.0,0.0,3.0,0.0,1.13,0.0,0.0,0.0
JEC-J22,70.4,0.0,5.0,0.0,0.0,0.0,0.0,0.0,3.0,0.0,1.13,0.0,0.0,0.0
JEC-J22,71.5,0.0,5.0,0.0,0.0,0.0,0.0,0.0,3.0,0.0,1.13,0.0,0.0,0.0
JEC-J22,72.6,0.0,5.0,0.0,0.0,0.0,0.0,0.0,3.0,0.0,1.13,0.0,0.0,0.0
JEC-J22,73.7,0.0,5.0,0.0,0.0,0.0,0.0,0.0,2.0,0.0,1.13,0.0,0.0,0.0
JEC-J22,74.8,0.0,5.0,0.0,0.0,0.0,0.0,0.0,2.0,0.0,1.13,0.0,0.0,0.0
JEC-J22,75.9,0.0,5.0,0.0,0.0,0.0,0.0,0.0,2.0,0.0,1.13,0.0,0.0,0.0
JEC-J22,77.0,0.0,5.0,0.0,0.0,0.0,0.0,0.0,2.0,0.0,1.13,0.0,0.0,0.0
JEC-J22,78.1,0.0,5.0,0.0,0.0,0.0,0.0,0.0,2.0,0.0,1.13,0.0,0.0,0.0
JEC-J22,79.2,0.0,5.0,0.0,0.0,0.0,0.0,0.0,2.0,0.0,1.13,0.0,0.0,0.0
JEC-J22,80.3,0.0,5.0,0.0,0.0,0.0,0.0,0.0,2.0,0.0,1.13,0.0,0.0,0.0
JEC-J22,81.4,0.0,5.0,0.0,0.0,0.0,0.0,0.0,2.0,0.0,1.13,0.0,0.0,0.0
JEC-J22,82.5,0.0,5.0,0.0,0.0,0.0,0.0,0.0,2.0,0.0,1.13,0.0,0.0,0.0
JEC-J22,83.6,0.0,5.0,0.0,0.0,0.0,0.0,0.0,2.0,0.0,1.13,0.0,0.0,0.0
JEC-J22,84.7,0.0,5.0,0.0,0.0,0.0,0.0,0.0,2.0,0.0,1.13,0.0,0.0,0.0
JEC-J22,85.8,0.0,5.0,0.0,0.0,0.0,0.0,0.0,2.0,0.0,1.13,0.0,0.0,0.0
JEC-J22,86.9,0.0,5.0,0.0,0.0,0.0,0.0,0.0,2.0,0.0,1.13,0.0,0.0,0.0
JEC-J22,88.0,0.0,5.0,0.0,0.0,0.0,0.0,0.0,2.0,0.0,1.13,0.0,0.0,0.0
JEC-J22,89.1,0.0,5.0,0.0,0.0,0.0,0.0,0.0,1.0,0.0,1.13,0.0,0.0,0.0
JEC-J22,90.2,0.0,5.0,0.0,0.0,0.0,0.0,0.0,1.0,0.0,1.13,0.0,0.0,0.0
JEC-J22,91.3,0.0,5.0,0.0,0.0,0.0,0.0,0.0,1.0,0.0,1.13,0.0,0.0,0.0
JEC-J22,92.4,0.0,5.0,0.0,0.0,0.0,0.0,0.0,1.0,0.0,1.13,0.0,0.0,0.0
JEC-J22,93.5,0.0,5.0,0.0,0.0,0.0,0.0,0.0,1.0,0.0,1.13,0.0,0.0,0.0
JEC-J22,94.6,0.0,5.0,0.0,0.0,0.0,0.0,0.0,0.0,0.0,1.13,0.0,0.0,0.0
JEC-J22,95.7,0.0,5.0,0.0,0.0,0.0,0.0,0.0,0.0,0.0,1.0,0.0,0.0,0.0
JEC-J22,96.8,0.0,5.0,0.0,0.0,0.0,0.0,0.0,0.0,0.0,1.0,0.0,0.0,0.0
JEC-J22,97.9,0.0,5.0,0.0,0.0,0.0,0.0,0.0,0.0,0.0,1.0,0.0,0.0,0.0
JEC-J22,99.0,0.0,5.0,0.0,0.0,0.0,0.0,0.0,0.0,0.0,1.0,0.0,0.0,0.0
JEC-J22,100.1,0.0,5.0,0.0,0.0,0.0,0.0,0.0,0.0,0.0,1.06,0.0,0.0,0.0
JEC-J22,101.2,0.0,5.0,0.0,0.0,0.0,0.0,0.0,0.0,0.0,1.06,0.0,0.0,0.0
JEC-J22,102.3,0.0,5.0,0.0,0.0,0.0,0.0,0.0,0.0,0.0,1.06,0.0,0.0,0.0
JEC-J22,103.4,0.0,5.0,0.0,0.0,0.0,0.0,0.0,0.0,0.0,1.06,0.0,0.0,0.0
JEC-J22,104.5,0.0,5.0,0.0,0.0,0.0,0.0,0.0,0.0,0.0,1.06,0.0,0.0,0.0
JEC-J22,105.6,0.0,5.0,0.0,0.0,0.0,0.0,0.0,0.0,0.0,1.06,0.0,0.0,0.0
JEC-J22,106.7,0.0,5.0,0.0,0.0,0.0,0.0,0.0,0.0,0.0,1.06,0.0,0.0,0.0
JEC-J22,107.8,0.0,5.0,0.0,0.0,0.0,0.0,0.0,0.0,0.0,1.06,0.0,0.0,0.0
JEC-J22,108.9,0.0,5.0,0.0,0.0,0.0,0.0,0.0,0.0,0.0,1.06,0.0,0.0,0.0
JEC-J22,110.0,0.0,5.0,0.0,0.0,0.0,0.0,0.0,0.0,0.0,1.06,0.0,0.0,0.0
JEC-J22,111.1,0.0,5.0,0.0,0.0,0.0,0.0,0.0,0.0,0.0,1.06,0.0,0.0,0.0
JEC-J22,112.2,0.0,5.0,0.0,0.0,0.0,0.0,0.0,0.0,0.0,1.06,0.0,0.0,0.0
JEC-J22,113.3,0.0,5.0,0.0,0.0,0.0,0.0,0.0,0.0,0.0,1.06,0.0,0.0,0.0
JEC-J22,114.4,0.0,5.0,0.0,0.0,0.0,0.0,0.0,0.0,0.0,1.06,0.0,0.0,0.0
JEC-J22,115.5,0.0,5.0,0.0,0.0,0.0,0.0,0.0,0.0,0.0,1.06,0.0,0.0,0.0
JEC-J22,116.6,0.0,5.0,0.0,0.0,0.0,0.0,0.0,0.0,0.0,1.06,0.0,0.0,0.0
JEC-J22,117.7,0.0,5.0,0.0,0.0,0.0,0.0,0.0,0.0,0.0,1.06,0.0,0.0,0.0
JEC-J22,118.8,0.0,5.0,0.0,0.0,0.0,0.0,0.0,0.0,0.0,1.06,0.0,0.0,0.0
JEC-J22,119.9,0.0,5.0,0.0,0.0,0.0,0.0,0.0,0.0,0.0,1.06,0.0,0.0,0.0
JEC-J22,121.0,0.0,5.0,0.0,0.0,0.0,0.0,0.0,0.0,0.0,1.06,0.0,0.0,0.0
JEC-J22,122.1,0.0,5.0,0.0,0.0,0.0,0.0,0.0,0.0,0.0,1.06,0.0,0.0,0.0
JEC-J22,123.2,0.0,5.0,0.0,0.0,0.0,0.0,0.0,0.0,0.0,1.06,0.0,0.0,0.0
JEC-J22,124.3,0.0,5.0,0.0,0.0,0.0,0.0,0.0,0.0,0.0,1.06,0.0,0.0,0.0
JEC-J22,125.4,0.0,5.0,0.0,0.0,0.0,0.0,0.0,0.0,0.0,1.06,0.0,0.0,0.0
JEC-J22,126.5,0.0,5.0,0.0,0.0,0.0,0.0,0.0,0.0,0.0,1.06,0.0,0.0,0.0
JEC-J22,127.6,0.0,5.0,0.0,0.0,0.0,0.0,0.0,0.0,0.0,1.06,0.0,0.0,0.0
JEC-J22,128.7,0.0,5.0,0.0,0.0,0.0,0.0,0.0,0.0,0.0,1.06,0.0,0.0,0.0
JEC-J22,129.8,0.0,5.0,0.0,0.0,0.0,0.0,0.0,0.0,0.0,1.06,0.0,0.0,0.0
JEC-J22,130.9,0.0,5.0,0.0,0.0,0.0,0.0,0.0,0.0,0.0,1.06,0.0,0.0,0.0
JEC-J22,132.0,0.0,5.0,0.0,0.0,0.0,0.0,0.0,0.0,0.0,1.06,0.0,0.0,0.0
JEC-J22,133.1,0.0,5.0,0.0,0.0,0.0,0.0,0.0,0.0,0.0,1.06,0.0,0.0,0.0
JEC-J22,134.2,0.0,5.0,0.0,0.0,0.0,0.0,0.0,0.0,0.0,1.06,0.0,0.0,0.0
JEC-J22,135.3,0.0,5.0,0.0,0.0,0.0,0.0,0.0,0.0,0.0,1.06,0.0,0.0,0.0
JEC-J22,136.4,0.0,5.0,0.0,0.0,0.0,0.0,0.0,0.0,0.0,1.06,0.0,0.0,0.0
JEC-J22,137.5,0.0,5.0,0.0,0.0,0.0,0.0,0.0,0.0,0.0,1.06,0.0,0.0,0.0
JEC-J22,138.6,0.0,5.0,0.0,0.0,0.0,0.0,0.0,0.0,0.0,1.06,0.0,0.0,0.0
JEC-J22,139.7,0.0,5.0,0.0,0.0,0.0,0.0,0.0,0.0,0.0,1.06,0.0,0.0,0.0
JEC-J22,140.8,0.0,5.0,0.0,0.0,0.0,0.0,0.0,0.0,0.0,1.06,0.0,0.0,0.0
JEC-J22,141.9,0.0,5.0,0.0,0.0,0.0,0.0,0.0,0.0,0.0,1.06,0.0,0.0,0.0
JEC-J22,143.0,0.0,5.0,0.0,0.0,0.0,0.0,0.0,0.0,0.0,1.06,0.0,0.0,0.0
JEC-J22,144.1,0.0,5.0,0.0,0.0,0.0,0.0,0.0,0.0,0.0,1.06,0.0,0.0,0.0
JEC-J22,145.2,0.0,5.0,0.0,0.0,0.0,0.0,0.0,0.0,0.0,1.06,0.0,0.0,0.0
JEC-J22,146.3,0.0,5.0,0.0,0.0,0.0,0.0,0.0,0.0,0.0,1.06,0.0,0.0,0.0
JEC-J22,147.4,0.0,5.0,0.0,0.0,0.0,0.0,0.0,0.0,0.0,1.06,0.0,0.0,0.0
JEC-J22,148.5,0.0,5.0,0.0,0.0,0.0,0.0,0.0,0.0,0.0,1.06,0.0,0.0,0.0
JEC-J22,149.6,0.0,5.0,0.0,0.0,0.0,0.0,0.0,0.0,0.0,1.06,0.0,0.0,0.0
JEC-J22,150.7,0.0,5.0,0.0,0.0,0.0,0.0,0.0,0.0,0.0,1.06,0.0,0.0,0.0
JEC-J22,151.8,0.0,5.0,0.0,0.0,0.0,0.0,0.0,0.0,0.0,1.06,0.0,0.0,0.0
JEC-J22,152.9,0.0,5.0,0.0,0.0,0.0,0.0,0.0,0.0,0.0,1.06,0.0,0.0,0.0
JEC-J22,154.0,0.0,5.0,0.0,0.0,0.0,0.0,0.0,0.0,0.0,1.06,0.0,0.0,0.0
JEC-J22,155.1,0.0,5.0,0.0,0.0,0.0,0.0,0.0,0.0,0.0,1.06,0.0,0.0,0.0
JEC-J22,156.2,0.0,5.0,0.0,0.0,0.0,0.0,0.0,0.0,0.0,1.06,0.0,0.0,0.0
JEC-J22,157.3,0.0,5.0,0.0,0.0,0.0,0.0,0.0,0.0,0.0,1.06,0.0,0.0,0.0
JEC-J22,158.4,0.0,5.0,0.0,0.0,0.0,0.0,0.0,0.0,0.0,1.06,0.0,0.0,0.0
JEC-J22,159.5,0.0,5.0,0.0,0.0,0.0,0.0,0.0,0.0,0.0,1.06,0.0,0.0,0.0
JEC-J22,160.6,0.0,5.0,0.0,0.0,0.0,0.0,0.0,0.0,0.0,1.0,0.0,0.0,0.0
JEC-J22,161.7,0.0,5.0,0.0,0.0,0.0,0.0,0.0,0.0,0.0,1.0,0.0,0.0,0.0
JEC-J22,162.8,0.0,5.0,0.0,0.0,0.0,0.0,0.0,0.0,0.0,1.0,0.0,0.0,0.0
JEC-J22,163.9,0.0,5.0,0.0,0.0,0.0,0.0,0.0,0.0,0.0,1.0,0.0,0.0,0.0
JEC-J22,165.0,0.0,5.0,0.0,0.0,0.0,0.0,0.0,0.0,0.0,1.0,0.0,0.0,0.0
JEC-J22,166.1,0.0,5.0,0.0,0.0,0.0,0.0,0.0,0.0,0.0,1.0,0.0,0.0,0.0
JEC-J22,167.2,0.0,5.0,0.0,0.0,0.0,0.0,0.0,0.0,0.0,1.0,0.0,0.0,0.0
JEC-J22,168.3,0.0,5.0,0.0,0.0,0.0,0.0,0.0,0.0,0.0,1.0,0.0,0.0,0.0
JEC-J22,169.4,0.0,5.0,0.0,0.0,0.0,0.0,0.0,0.0,0.0,1.0,0.0,0.0,0.0
JEC-J22,170.5,0.0,5.0,0.0,0.0,0.0,0.0,0.0,0.0,0.0,1.0,0.0,0.0,0.0
JEC-J22,171.6,0.0,5.0,0.0,0.0,0.0,0.0,0.0,0.0,0.0,1.0,0.0,0.0,0.0
JEC-J22,172.7,0.0,5.0,0.0,0.0,0.0,0.0,0.0,0.0,0.0,1.0,0.0,0.0,0.0
JEC-J22,173.8,0.0,5.0,0.0,0.0,0.0,0.0,0.0,0.0,0.0,1.0,0.0,0.0,0.0
JEC-J22,174.9,0.0,5.0,0.0,0.0,0.0,0.0,0.0,0.0,0.0,1.0,0.0,0.0,0.0
JEC-J22,176.0,0.0,5.0,0.0,0.0,0.0,0.0,0.0,0.0,0.0,1.0,0.0,0.0,0.0
JEC-J22,177.1,0.0,5.0,0.0,0.0,0.0,0.0,0.0,0.0,0.0,1.0,0.0,0.0,0.0
JEC-J22,178.2,0.0,5.0,0.0,0.0,0.0,0.0,0.0,0.0,0.0,1.0,0.0,0.0,0.0
JEC-J22,179.3,0.0,5.0,0.0,0.0,0.0,0.0,0.0,0.0,0.0,1.0,0.0,0.0,0.0
JEC-J22,180.4,0.0,5.0,0.0,0.0,0.0,0.0,0.0,0.0,0.0,1.0,0.0,0.0,0.0
JEC-J22,181.5,0.0,5.0,0.0,0.0,0.0,0.0,0.0,0.0,0.0,1.0,0.0,0.0,0.0
JEC-J22,182.6,0.0,5.0,0.0,0.0,0.0,0.0,0.0,0.0,0.0,1.0,0.0,0.0,0.0
JEC-J22,183.7,0.0,5.0,0.0,0.0,0.0,0.0,0.0,0.0,0.0,1.0,0.0,0.0,0.0
JEC-J22,184.8,0.0,5.0,0.0,0.0,0.0,0.0,0.0,0.0,0.0,1.0,0.0,0.0,0.0
JEC-J22,185.9,0.0,5.0,0.0,0.0,0.0,0.0,0.0,0.0,0.0,1.0,0.0,0.0,0.0
JEC-J22,187.0,0.0,5.0,0.0,0.0,0.0,0.0,0.0,0.0,0.0,1.0,0.0,0.0,0.0
JEC-J22,188.1,0.0,5.0,0.0,0.0,0.0,0.0,0.0,0.0,0.0,1.0,0.0,0.0,0.0
JEC-J22,189.2,0.0,5.0,0.0,0.0,0.0,0.0,0.0,0.0,0.0,1.0,0.0,0.0,0.0
JEC-J22,190.3,0.0,5.0,0.0,0.0,0.0,0.0,0.0,0.0,0.0,1.0,0.0,0.0,0.0
JEC-J22,191.4,0.0,5.0,0.0,0.0,0.0,0.0,0.0,0.0,0.0,1.0,0.0,0.0,0.0
JEC-J22,192.5,0.0,5.0,0.0,0.0,0.0,0.0,0.0,0.0,0.0,1.0,0.0,0.0,0.0
JEC-J22,193.6,0.0,5.0,0.0,0.0,0.0,0.0,0.0,0.0,0.0,1.0,0.0,0.0,0.0
JEC-J03,1.1,0.0,5.0,0.0,0.0,0.0,0.0,0.0,3.0,0.0,1.3,0.0,0.0,0.0
JEC-J03,2.2,0.0,5.0,0.0,0.0,0.0,0.0,0.0,3.0,0.0,1.3,0.0,0.0,0.0
JEC-J03,3.3,0.0,5.0,0.0,0.0,0.0,0.0,0.0,3.0,0.0,1.3,0.0,0.0,0.0
JEC-J03,4.4,0.0,5.0,0.0,0.0,0.0,0.0,0.0,3.0,0.0,1.3,0.0,0.0,0.0
JEC-J03,5.5,0.0,5.0,0.0,0.0,0.0,0.0,0.0,3.0,0.0,1.3,0.0,0.0,0.0
JEC-J03,6.6,0.0,5.0,0.0,0.0,0.0,0.0,0.0,3.0,0.0,1.3,0.0,0.0,0.0
JEC-J03,7.7,0.0,5.0,0.0,0.0,0.0,0.0,0.0,3.0,0.0,1.3,0.0,0.0,0.0
JEC-J03,8.8,0.0,5.0,0.0,0.0,0.0,0.0,0.0,3.0,0.0,1.3,0.0,0.0,0.0
JEC-J03,9.9,0.0,5.0,0.0,0.0,0.0,0.0,0.0,3.0,0.0,1.3,0.0,0.0,0.0
JEC-J03,11.0,0.0,5.0,0.0,0.0,0.0,0.0,0.0,3.0,0.0,1.3,0.0,0.0,0.0
JEC-J03,12.1,0.0,5.0,0.0,0.0,0.0,0.0,0.0,3.0,0.0,1.3,0.0,0.0,0.0
JEC-J03,13.2,0.0,5.0,0.0,0.0,0.0,1.0,0.0,3.0,0.0,1.3,0.0,0.0,0.0
JEC-J03,14.3,0.0,5.0,0.0,0.0,0.0,1.0,0.0,3.0,0.0,1.3,0.0,0.0,0.0
JEC-J03,15.4,0.0,5.0,0.0,0.0,0.0,1.0,0.0,3.0,0.0,1.3,0.0,0.0,0.0
JEC-J03,16.5,0.0,5.0,0.0,0.0,0.0,1.0,0.0,4.0,0.0,1.3,0.0,0.0,0.0
JEC-J03,17.6,0.0,5.0,0.0,0.0,0.0,1.0,0.0,4.0,0.0,1.3,0.0,0.0,0.0
JEC-J03,18.7,0.0,5.0,0.0,0.0,0.0,1.0,0.0,3.0,0.0,1.3,0.0,0.0,0.0
JEC-J03,19.8,1.0,5.0,0.0,0.0,0.0,1.0,0.0,3.0,0.0,1.3,0.0,0.0,0.0
JEC-J03,20.9,1.0,5.0,0.0,0.0,0.0,1.0,0.0,3.0,0.0,1.3,0.0,0.0,0.0
JEC-J03,22.0,1.0,5.0,0.0,0.0,0.0,1.0,0.0,3.0,0.0,1.3,0.0,0.0,0.0
JEC-J03,23.1,0.0,5.0,0.0,0.0,0.0,0.0,0.0,3.0,1.0,1.3,0.0,0.0,1.0
JEC-J03,24.2,0.0,5.0,0.0,0.0,0.0,1.0,0.0,3.0,1.0,1.3,0.0,0.0,1.0
JEC-J03,25.3,0.0,5.0,1.0,0.0,0.0,1.0,0.0,3.0,1.0,1.3,0.0,0.0,2.0
JEC-J03,26.4,0.0,5.0,1.0,0.0,0.0,1.0,0.0,4.0,1.0,1.3,0.0,0.0,0.0
JEC-J03,27.5,0.0,5.0,1.0,0.0,0.0,1.0,0.0,4.0,1.0,1.3,0.0,0.0,0.0
JEC-J03,28.6,0.0,5.0,0.0,0.0,0.0,1.0,0.0,4.0,1.0,1.3,0.0,0.0,0.0
JEC-J03,29.7,0.0,5.0,0.0,0.0,0.0,1.0,0.0,4.0,1.0,1.3,0.0,0.0,0.0
JEC-J03,30.8,0.0,5.0,0.0,0.0,0.0,1.0,0.0,5.0,1.0,1.3,0.0,0.0,0.0
JEC-J03,31.9,0.0,5.0,0.0,0.0,0.0,1.0,0.0,6.0,1.0,1.3,0.0,0.0,0.0
JEC-J03,33.0,0.0,5.0,0.0,0.0,0.0,1.0,0.0,6.0,1.0,1.3,0.0,0.0,0.0
JEC-J03,34.1,0.0,5.0,0.0,0.0,0.0,1.0,0.0,6.0,0.0,1.3,0.0,0.0,0.0
JEC-J03,35.2,0.0,5.0,0.0,0.0,0.0,1.0,0.0,6.0,0.0,1.3,0.0,0.0,0.0
JEC-J03,36.3,0.0,5.0,0.0,0.0,0.0,1.0,0.0,6.0,0.0,1.3,0.0,0.0,0.0
JEC-J03,37.4,0.0,5.0,0.0,0.0,0.0,1.0,0.0,6.0,0.0,1.3,0.0,0.0,0.0
JEC-J03,38.5,1.0,5.0,0.0,0.0,0.0,1.0,0.0,6.0,0.0,1.3,0.0,0.0,0.0
JEC-J03,39.6,1.0,5.0,0.0,0.0,0.0,1.0,0.0,7.0,0.0,1.3,0.0,0.0,0.0
JEC-J03,40.7,1.0,5.0,0.0,0.0,0.0,1.0,0.0,6.0,0.0,1.3,0.0,0.0,0.0
JEC-J03,41.8,1.0,5.0,0.0,0.0,0.0,0.0,0.0,6.0,1.0,1.3,0.0,0.0,1.0
JEC-J03,42.9,0.0,5.0,0.0,0.0,0.0,0.0,0.0,6.0,1.0,1.3,0.0,0.0,1.0
JEC-J03,44.0,0.0,5.0,1.0,0.0,0.0,0.0,0.0,6.0,1.0,1.3,0.0,0.0,2.0
JEC-J03,45.1,0.0,5.0,1.0,0.0,0.0,0.0,0.0,6.0,1.0,1.3,0.0,0.0,2.0
JEC-J03,46.2,0.0,5.0,1.0,0.0,0.0,0.0,0.0,6.0,1.0,1.3,0.0,0.0,0.0
JEC-J03,47.3,0.0,5.0,1.0,0.0,0.0,0.0,0.0,6.0,1.0,1.3,0.0,0.0,0.0
JEC-J03,48.4,0.0,5.0,0.0,0.0,0.0,0.0,0.0,6.0,1.0,1.3,0.0,0.0,0.0
JEC-J03,49.5,0.0,5.0,0.0,0.0,0.0,0.0,0.0,6.0,1.0,1.3,0.0,0.0,0.0
JEC-J03,50.6,1.0,5.0,0.0,0.0,0.0,0.0,0.0,6.0,1.0,1.0,0.0,0.0,0.0
JEC-J03,51.7,0.0,5.0,0.0,0.0,0.0,0.0,0.0,7.0,1.0,1.0,0.0,0.0,0.0
JEC-J03,52.8,0.0,5.0,0.0,0.0,0.0,0.0,0.0,7.0,1.0,1.0,0.0,0.0,0.0
JEC-J03,53.9,0.0,5.0,0.0,0.0,0.0,0.0,0.0,7.0,1.0,1.0,0.0,0.0,0.0
JEC-J03,55.0,0.0,5.0,0.0,0.0,0.0,0.0,0.0,7.0,1.0,1.0,0.0,0.0,0.0
JEC-J03,56.1,0.0,5.0,1.0,0.0,0.0,0.0,0.0,7.0,1.0,1.21,0.0,0.0,1.0
JEC-J03,57.2,0.0,5.0,0.0,0.0,0.0,0.0,0.0,7.0,1.0,1.21,0.0,0.0,1.0
JEC-J03,58.3,0.0,5.0,0.0,0.0,0.0,0.0,0.0,8.0,1.0,1.21,0.0,0.0,1.0
JEC-J03,59.4,0.0,5.0,0.0,0.0,0.0,0.0,0.0,8.0,1.0,1.21,0.0,0.0,1.0
JEC-J03,60.5,0.0,5.0,0.0,0.0,0.0,0.0,0.0,7.0,1.0,1.21,0.0,0.0,1.0
JEC-J03,61.6,0.0,5.0,0.0,0.0,0.0,0.0,0.0,7.0,1.0,1.21,0.0,0.0,1.0
JEC-J03,62.7,0.0,5.0,0.0,0.0,0.0,0.0,0.0,7.0,1.0,1.21,0.0,0.0,1.0
JEC-J03,63.8,0.0,5.0,0.0,0.0,0.0,0.0,0.0,7.0,1.0,1.21,0.0,0.0,2.0
JEC-J03,64.9,0.0,5.0,0.0,0.0,0.0,0.0,0.0,7.0,1.0,1.21,0.0,0.0,4.0
JEC-J03,66.0,0.0,5.0,0.0,0.0,0.0,0.0,0.0,8.0,1.0,1.21,0.0,0.0,6.0
JEC-J03,67.1,0.0,5.0,0.0,0.0,0.0,0.0,0.0,8.0,1.0,1.21,0.0,0.0,6.0
JEC-J03,68.2,0.0,5.0,0.0,0.0,0.0,0.0,0.0,8.0,1.0,1.21,0.0,0.0,6.0
JEC-J03,69.3,1.0,5.0,0.0,0.0,0.0,0.0,0.0,7.0,1.0,1.21,0.0,0.0,7.0
JEC-J03,70.4,0.0,5.0,0.0,0.0,0.0,0.0,0.0,7.0,1.0,1.21,0.0,0.0,8.0
JEC-J03,71.5,0.0,5.0,0.0,0.0,0.0,0.0,0.0,7.0,1.0,1.21,0.0,0.0,8.0
JEC-J03,72.6,0.0,5.0,0.0,0.0,0.0,0.0,0.0,7.0,1.0,1.21,0.0,0.0,9.0
JEC-J03,73.7,0.0,5.0,0.0,0.0,0.0,0.0,0.0,6.0,1.0,1.21,0.0,0.0,11.0
JEC-J03,74.8,0.0,5.0,1.0,0.0,0.0,0.0,0.0,7.0,1.0,1.21,0.0,0.0,11.0
JEC-J03,75.9,0.0,5.0,0.0,0.0,0.0,0.0,0.0,7.0,1.0,1.21,0.0,0.0,11.0
JEC-J03,77.0,0.0,5.0,0.0,0.0,0.0,0.0,0.0,7.0,1.0,1.21,0.0,0.0,11.0
JEC-J03,78.1,0.0,5.0,0.0,0.0,0.0,0.0,0.0,7.0,1.0,1.21,0.0,0.0,11.0
JEC-J03,79.2,0.0,5.0,0.0,0.0,0.0,0.0,0.0,7.0,1.0,1.21,0.0,0.0,11.0
JEC-J03,80.3,0.0,5.0,0.0,0.0,0.0,0.0,0.0,7.0,1.0,1.21,0.0,0.0,10.0
JEC-J03,81.4,0.0,5.0,0.0,0.0,0.0,0.0,0.0,7.0,1.0,1.21,0.0,0.0,10.0
JEC-J03,82.5,0.0,5.0,0.0,0.0,0.0,1.0,0.0,7.0,1.0,1.21,0.0,0.0,10.0
JEC-J03,83.6,0.0,5.0,0.0,0.0,0.0,1.0,0.0,8.0,1.0,1.21,0.0,0.0,11.0
JEC-J03,84.7,1.0,5.0,0.0,0.0,0.0,1.0,0.0,8.0,1.0,1.21,0.0,0.0,10.0
JEC-J03,85.8,1.0,5.0,0.0,0.0,0.0,1.0,0.0,8.0,2.0,1.21,0.0,0.0,11.0
JEC-J03,86.9,1.0,5.0,0.0,0.0,0.0,1.0,0.0,8.0,2.0,1.21,0.0,0.0,9.0
JEC-J03,88.0,1.0,5.0,0.0,0.0,0.0,1.0,0.0,8.0,2.0,1.21,0.0,0.0,8.0
JEC-J03,89.1,1.0,5.0,0.0,0.0,0.0,1.0,0.0,8.0,2.0,1.21,0.0,0.0,8.0
JEC-J03,90.2,1.0,5.0,1.0,0.0,0.0,1.0,0.0,8.0,2.0,1.21,0.0,0.0,8.0
JEC-J03,91.3,0.0,5.0,1.0,0.0,0.0,1.0,0.0,8.0,2.0,1.21,0.0,0.0,7.0
JEC-J03,92.4,0.0,5.0,1.0,0.0,0.0,1.0,0.0,7.0,2.0,1.21,0.0,0.0,4.0
JEC-J03,93.5,0.0,5.0,1.0,0.0,0.0,1.0,0.0,7.0,2.0,1.21,0.0,0.0,3.0
JEC-J03,94.6,0.0,5.0,1.0,0.0,0.0,1.0,0.0,7.0,2.0,1.21,0.0,0.0,3.0
JEC-J03,95.7,0.0,5.0,1.0,0.0,0.0,1.0,0.0,7.0,2.0,1.21,0.0,0.0,2.0
JEC-J03,96.8,0.0,5.0,0.0,0.0,0.0,1.0,0.0,7.0,1.0,1.21,0.0,0.0,2.0
JEC-J03,97.9,0.0,5.0,0.0,0.0,0.0,1.0,0.0,7.0,1.0,1.21,0.0,0.0,2.0
JEC-J03,99.0,0.0,5.0,0.0,0.0,0.0,1.0,0.0,7.0,1.0,1.21,0.0,0.0,2.0
JEC-J03,100.1,0.0,5.0,0.0,0.0,0.0,1.0,0.0,7.0,1.0,1.21,0.0,0.0,2.0
JEC-J03,101.2,0.0,5.0,0.0,0.0,0.0,1.0,0.0,7.0,1.0,1.21,0.0,0.0,1.0
JEC-J03,102.3,0.0,5.0,0.0,0.0,0.0,1.0,0.0,7.0,1.0,1.21,0.0,0.0,1.0
JEC-J03,103.4,0.0,5.0,0.0,0.0,0.0,1.0,0.0,7.0,1.0,1.21,0.0,0.0,1.0
JEC-J03,104.5,0.0,5.0,0.0,0.0,0.0,1.0,0.0,7.0,1.0,1.21,0.0,0.0,1.0
JEC-J03,105.6,0.0,5.0,0.0,0.0,0.0,1.0,0.0,7.0,1.0,1.21,0.0,0.0,1.0
JEC-J03,106.7,0.0,5.0,0.0,0.0,0.0,1.0,0.0,7.0,1.0,1.21,0.0,0.0,1.0
JEC-J03,107.8,1.0,5.0,0.0,0.0,0.0,1.0,0.0,7.0,1.0,1.21,0.0,0.0,0.0
JEC-J03,108.9,0.0,5.0,0.0,0.0,0.0,1.0,0.0,7.0,1.0,1.21,0.0,0.0,0.0
JEC-J03,110.0,0.0,5.0,0.0,0.0,0.0,1.0,0.0,7.0,1.0,1.21,0.0,0.0,0.0
JEC-J03,111.1,0.0,5.0,0.0,0.0,0.0,1.0,0.0,7.0,1.0,1.21,0.0,0.0,0.0
JEC-J03,112.2,0.0,5.0,0.0,0.0,0.0,1.0,0.0,7.0,1.0,1.21,0.0,0.0,0.0
JEC-J03,113.3,0.0,5.0,1.0,0.0,0.0,1.0,0.0,7.0,1.0,1.21,0.0,0.0,1.0
JEC-J03,114.4,0.0,5.0,0.0,0.0,0.0,1.0,0.0,7.0,1.0,1.21,0.0,0.0,1.0
JEC-J03,115.5,0.0,5.0,0.0,0.0,0.0,1.0,0.0,8.0,1.0,1.0,0.0,0.0,1.0
JEC-J03,116.6,0.0,5.0,0.0,0.0,0.0,1.0,0.0,8.0,1.0,1.0,0.0,0.0,1.0
JEC-J03,117.7,0.0,5.0,0.0,0.0,0.0,1.0,0.0,8.0,1.0,1.0,0.0,0.0,1.0
JEC-J03,118.8,0.0,5.0,0.0,0.0,0.0,1.0,0.0,8.0,1.0,1.0,0.0,0.0,1.0
JEC-J03,119.9,0.0,5.0,0.0,0.0,0.0,1.0,0.0,8.0,1.0,1.0,0.0,0.0,0.0
JEC-J03,121.0,0.0,5.0,0.0,0.0,0.0,1.0,0.0,8.0,1.0,1.07,0.0,0.0,0.0
JEC-J03,122.1,0.0,5.0,0.0,0.0,0.0,1.0,0.0,8.0,1.0,1.07,0.0,0.0,1.0
JEC-J03,123.2,0.0,5.0,0.0,0.0,0.0,1.0,0.0,8.0,1.0,1.07,0.0,0.0,1.0
JEC-J03,124.3,0.0,5.0,0.0,0.0,0.0,1.0,0.0,7.0,1.0,1.07,0.0,0.0,1.0
JEC-J03,125.4,0.0,5.0,0.0,0.0,0.0,1.0,0.0,7.0,1.0,1.07,0.0,0.0,1.0
JEC-J03,126.5,1.0,5.0,0.0,0.0,0.0,1.0,0.0,7.0,1.0,1.07,0.0,0.0,1.0
JEC-J03,127.6,0.0,5.0,0.0,0.0,0.0,1.0,0.0,7.0,1.0,1.07,0.0,0.0,1.0
JEC-J03,128.7,0.0,5.0,0.0,0.0,0.0,1.0,0.0,7.0,1.0,1.07,0.0,0.0,0.0
JEC-J03,129.8,0.0,5.0,0.0,0.0,0.0,1.0,0.0,7.0,1.0,1.07,0.0,0.0,0.0
JEC-J03,130.9,0.0,5.0,0.0,0.0,0.0,1.0,0.0,7.0,1.0,1.07,0.0,0.0,1.0
JEC-J03,132.0,0.0,5.0,1.0,0.0,0.0,1.0,0.0,7.0,1.0,1.07,0.0,0.0,1.0
JEC-J03,133.1,0.0,5.0,0.0,0.0,0.0,1.0,0.0,7.0,1.0,1.07,0.0,0.0,1.0
JEC-J03,134.2,0.0,5.0,0.0,0.0,0.0,1.0,0.0,7.0,1.0,1.07,0.0,0.0,1.0
JEC-J03,135.3,0.0,5.0,0.0,0.0,0.0,1.0,0.0,7.0,1.0,1.07,0.0,0.0,1.0
JEC-J03,136.4,0.0,5.0,0.0,0.0,0.0,1.0,0.0,7.0,1.0,1.07,0.0,0.0,1.0
JEC-J03,137.5,0.0,5.0,0.0,0.0,0.0,1.0,0.0,7.0,1.0,1.07,0.0,0.0,0.0
JEC-J03,138.6,0.0,5.0,0.0,0.0,0.0,1.0,0.0,7.0,1.0,1.07,0.0,0.0,0.0
JEC-J03,139.7,0.0,5.0,0.0,0.0,0.0,1.0,0.0,8.0,1.0,1.07,0.0,0.0,0.0
JEC-J03,140.8,0.0,5.0,0.0,0.0,0.0,1.0,0.0,8.0,1.0,1.07,0.0,0.0,1.0
JEC-J03,141.9,0.0,5.0,0.0,0.0,0.0,1.0,0.0,8.0,1.0,1.07,0.0,0.0,1.0
JEC-J03,143.0,0.0,5.0,0.0,0.0,0.0,1.0,0.0,9.0,1.0,1.07,0.0,0.0,1.0
JEC-J03,144.1,1.0,5.0,0.0,0.0,0.0,1.0,0.0,9.0,1.0,1.07,0.0,0.0,1.0
JEC-J03,145.2,0.0,5.0,0.0,0.0,0.0,1.0,0.0,9.0,1.0,1.07,0.0,0.0,1.0
JEC-J03,146.3,0.0,5.0,0.0,0.0,0.0,1.0,0.0,9.0,1.0,1.07,0.0,0.0,1.0
JEC-J03,147.4,0.0,5.0,0.0,0.0,0.0,1.0,0.0,9.0,1.0,1.07,0.0,0.0,0.0
JEC-J03,148.5,0.0,5.0,0.0,0.0,0.0,1.0,0.0,9.0,1.0,1.07,0.0,0.0,0.0
JEC-J03,149.6,0.0,5.0,1.0,0.0,0.0,1.0,0.0,8.0,1.0,1.07,0.0,0.0,1.0
JEC-J03,150.7,0.0,5.0,0.0,0.0,0.0,1.0,0.0,8.0,1.0,1.07,0.0,0.0,1.0
JEC-J03,151.8,0.0,5.0,0.0,0.0,0.0,1.0,0.0,7.0,1.0,1.07,0.0,0.0,1.0
JEC-J03,152.9,1.0,5.0,0.0,0.0,0.0,1.0,0.0,7.0,1.0,1.07,0.0,0.0,1.0
JEC-J03,154.0,0.0,5.0,0.0,0.0,0.0,1.0,0.0,7.0,1.0,1.07,0.0,0.0,1.0
JEC-J03,155.1,0.0,5.0,0.0,0.0,0.0,1.0,0.0,7.0,1.0,1.07,0.0,0.0,0.0
JEC-J03,156.2,0.0,5.0,0.0,0.0,0.0,1.0,0.0,7.0,1.0,1.07,0.0,0.0,0.0
JEC-J03,157.3,0.0,5.0,0.0,0.0,0.0,1.0,0.0,7.0,1.0,1.07,0.0,0.0,0.0
JEC-J03,158.4,0.0,5.0,1.0,0.0,0.0,1.0,0.0,7.0,1.0,1.07,0.0,0.0,1.0
JEC-J03,159.5,0.0,5.0,0.0,0.0,0.0,1.0,0.0,7.0,1.0,1.07,0.0,0.0,1.0
JEC-J03,160.6,0.0,5.0,0.0,0.0,0.0,1.0,0.0,7.0,1.0,1.07,0.0,0.0,1.0
JEC-J03,161.7,1.0,5.0,0.0,0.0,0.0,1.0,0.0,7.0,1.0,1.07,0.0,0.0,1.0
JEC-J03,162.8,0.0,5.0,0.0,0.0,0.0,1.0,0.0,7.0,1.0,1.07,0.0,0.0,1.0
JEC-J03,163.9,0.0,5.0,0.0,0.0,0.0,1.0,0.0,7.0,1.0,1.07,0.0,0.0,1.0
JEC-J03,165.0,0.0,5.0,0.0,0.0,0.0,1.0,0.0,7.0,1.0,1.07,0.0,0.0,0.0
JEC-J03,166.1,0.0,5.0,0.0,0.0,0.0,1.0,0.0,7.0,1.0,1.07,0.0,0.0,0.0
JEC-J03,167.2,0.0,5.0,1.0,0.0,0.0,1.0,0.0,7.0,1.0,1.07,0.0,0.0,1.0
JEC-J03,168.3,0.0,5.0,0.0,0.0,0.0,1.0,0.0,7.0,1.0,1.07,0.0,0.0,1.0
JEC-J03,169.4,0.0,5.0,0.0,0.0,0.0,1.0,0.0,7.0,1.0,1.07,0.0,0.0,1.0
JEC-J03,170.5,0.0,5.0,0.0,0.0,0.0,1.0,0.0,7.0,1.0,1.0,0.0,0.0,1.0
JEC-J03,171.6,0.0,5.0,0.0,0.0,0.0,1.0,0.0,7.0,1.0,1.0,0.0,0.0,1.0
JEC-J03,172.7,0.0,5.0,0.0,0.0,0.0,1.0,0.0,7.0,1.0,1.0,0.0,0.0,1.0
JEC-J03,173.8,0.0,5.0,0.0,0.0,0.0,1.0,0.0,7.0,1.0,1.0,0.0,0.0,0.0
JEC-J03,174.9,0.0,5.0,0.0,0.0,0.0,1.0,0.0,7.0,1.0,1.0,0.0,0.0,0.0
JEC-J03,176.0,0.0,5.0,0.0,0.0,0.0,1.0,0.0,8.0,1.0,1.0,0.0,0.0,1.0
JEC-J03,177.1,0.0,5.0,0.0,0.0,0.0,1.0,0.0,8.0,1.0,1.0,0.0,0.0,1.0
JEC-J03,178.2,0.0,5.0,0.0,0.0,0.0,1.0,0.0,8.0,1.0,1.0,0.0,0.0,1.0
JEC-J03,179.3,0.0,5.0,0.0,0.0,0.0,1.0,0.0,8.0,1.0,1.0,0.0,0.0,1.0
JEC-J03,180.4,0.0,5.0,0.0,0.0,0.0,1.0,0.0,8.0,1.0,1.0,0.0,0.0,1.0
JEC-J03,181.5,0.0,5.0,0.0,0.0,0.0,1.0,0.0,8.0,1.0,1.0,0.0,0.0,1.0
JEC-J03,182.6,0.0,5.0,0.0,0.0,0.0,1.0,0.0,8.0,1.0,1.0,0.0,0.0,0.0
JEC-J03,183.7,0.0,5.0,0.0,0.0,0.0,1.0,0.0,8.0,1.0,1.0,0.0,0.0,0.0
JEC-J03,184.8,0.0,5.0,0.0,0.0,0.0,1.0,0.0,8.0,1.0,1.0,0.0,0.0,1.0
JEC-J03,185.9,0.0,5.0,0.0,0.0,0.0,1.0,0.0,8.0,1.0,1.0,0.0,0.0,1.0
JEC-J03,187.0,0.0,5.0,0.0,0.0,0.0,1.0,0.0,7.0,1.0,1.0,0.0,0.0,1.0
JEC-J03,188.1,0.0,5.0,0.0,0.0,0.0,1.0,0.0,7.0,1.0,1.0,0.0,0.0,1.0
JEC-J03,189.2,1.0,5.0,0.0,0.0,0.0,1.0,0.0,7.0,1.0,1.0,0.0,0.0,1.0
JEC-J03,190.3,0.0,5.0,0.0,0.0,0.0,1.0,0.0,7.0,1.0,1.0,0.0,0.0,1.0
JEC-J03,191.4,0.0,5.0,0.0,0.0,0.0,1.0,0.0,7.0,1.0,1.0,0.0,0.0,0.0
JEC-J03,192.5,0.0,5.0,0.0,0.0,0.0,1.0,0.0,7.0,1.0,1.0,0.0,0.0,0.0
JEC-J03,193.6,0.0,5.0,0.0,0.0,0.0,1.0,0.0,7.0,1.0,1.0,0.0,0.0,0.0
JEC-J05,1.1,0.0,5.0,0.0,0.0,0.0,0.0,0.0,4.0,0.0,1.3,0.0,0.0,0.0
JEC-J05,2.2,0.0,5.0,0.0,0.0,0.0,0.0,0.0,5.0,0.0,1.3,0.0,0.0,0.0
JEC-J05,3.3,0.0,5.0,0.0,0.0,0.0,0.0,0.0,5.0,0.0,1.3,0.0,0.0,0.0
JEC-J05,4.4,0.0,5.0,0.0,0.0,0.0,0.0,0.0,5.0,0.0,1.3,0.0,0.0,0.0
JEC-J05,5.5,0.0,5.0,0.0,0.0,0.0,0.0,0.0,5.0,0.0,1.3,0.0,0.0,0.0
JEC-J05,6.6,0.0,5.0,0.0,0.0,0.0,0.0,0.0,5.0,0.0,1.3,0.0,0.0,0.0
JEC-J05,7.7,0.0,5.0,0.0,0.0,0.0,1.0,0.0,5.0,0.0,1.3,0.0,0.0,0.0
JEC-J05,8.8,0.0,5.0,0.0,0.0,0.0,1.0,0.0,5.0,0.0,1.3,0.0,0.0,0.0
JEC-J05,9.9,0.0,5.0,0.0,0.0,0.0,1.0,0.0,5.0,0.0,1.3,0.0,0.0,0.0
JEC-J05,11.0,0.0,5.0,0.0,0.0,0.0,1.0,0.0,5.0,0.0,1.3,0.0,0.0,0.0
JEC-J05,12.1,1.0,5.0,0.0,0.0,0.0,1.0,0.0,5.0,0.0,1.3,0.0,0.0,0.0
JEC-J05,13.2,1.0,5.0,0.0,0.0,0.0,2.0,0.0,5.0,0.0,1.3,0.0,0.0,0.0
JEC-J05,14.3,1.0,5.0,0.0,0.0,0.0,2.0,0.0,5.0,0.0,1.3,0.0,0.0,0.0
JEC-J05,15.4,0.0,5.0,0.0,0.0,0.0,2.0,0.0,5.0,1.0,1.3,0.0,0.0,1.0
JEC-J05,16.5,0.0,5.0,0.0,0.0,0.0,2.0,0.0,5.0,1.0,1.3,0.0,0.0,1.0
JEC-J05,17.6,0.0,5.0,1.0,0.0,0.0,2.0,0.0,5.0,1.0,1.3,0.0,0.0,2.0
JEC-J05,18.7,0.0,5.0,1.0,0.0,0.0,2.0,0.0,5.0,1.0,1.3,0.0,0.0,1.0
JEC-J05,19.8,0.0,5.0,1.0,0.0,0.0,2.0,0.0,5.0,1.0,1.3,0.0,0.0,2.0
JEC-J05,20.9,0.0,5.0,0.0,0.0,0.0,2.0,0.0,5.0,1.0,1.3,0.0,0.0,3.0
JEC-J05,22.0,0.0,5.0,0.0,0.0,0.0,1.0,0.0,5.0,2.0,1.3,0.0,0.0,6.0
JEC-J05,23.1,0.0,5.0,0.0,0.0,0.0,2.0,0.0,5.0,1.0,1.3,0.0,0.0,7.0
JEC-J05,24.2,0.0,5.0,0.0,0.0,0.0,2.0,0.0,5.0,1.0,1.3,0.0,0.0,8.0
JEC-J05,25.3,1.0,5.0,0.0,0.0,0.0,2.0,0.0,5.0,1.0,1.3,0.0,0.0,9.0
JEC-J05,26.4,1.0,5.0,0.0,0.0,0.0,1.0,1.0,5.0,1.0,1.3,0.0,0.0,10.0
JEC-J05,27.5,1.0,5.0,0.0,0.0,0.0,1.0,2.0,5.0,2.0,1.3,0.0,0.0,11.0
JEC-J05,28.6,0.0,5.0,0.0,0.0,0.0,1.0,3.0,5.0,2.0,1.3,0.0,0.0,11.0
JEC-J05,29.7,0.0,5.0,0.0,0.0,0.0,1.0,5.0,5.0,2.0,1.3,0.0,0.0,11.0
JEC-J05,30.8,1.0,5.0,1.0,0.0,0.0,1.0,6.0,6.0,2.0,1.3,0.0,0.0,13.0
JEC-J05,31.9,1.0,5.0,1.0,0.0,0.0,1.0,7.0,6.0,2.0,1.3,0.0,0.0,14.0
JEC-J05,33.0,1.0,5.0,1.0,0.0,0.0,1.0,6.0,6.0,2.0,1.3,0.0,0.0,10.0
JEC-J05,34.1,0.0,5.0,0.0,0.0,0.0,1.0,4.0,6.0,2.0,1.3,0.0,0.0,11.0
JEC-J05,35.2,0.0,5.0,0.0,0.0,0.0,0.0,3.0,6.0,2.0,1.3,0.0,0.0,12.0
JEC-J05,36.3,0.0,5.0,1.0,0.0,0.0,0.0,1.0,6.0,2.0,1.3,0.0,0.0,13.0
JEC-J05,37.4,0.0,5.0,1.0,0.0,0.0,0.0,0.0,6.0,2.0,1.3,0.0,0.0,13.0
JEC-J05,38.5,0.0,5.0,1.0,0.0,0.0,1.0,0.0,6.0,2.0,1.3,0.0,0.0,10.0
JEC-J05,39.6,0.0,5.0,0.0,0.0,0.0,1.0,0.0,6.0,1.0,1.3,0.0,0.0,10.0
JEC-J05,40.7,0.0,5.0,0.0,0.0,0.0,1.0,0.0,5.0,1.0,1.3,0.0,0.0,9.0
JEC-J05,41.8,0.0,5.0,0.0,0.0,0.0,0.0,0.0,5.0,2.0,1.3,0.0,0.0,11.0
JEC-J05,42.9,0.0,5.0,0.0,0.0,0.0,0.0,0.0,5.0,2.0,1.3,0.0,0.0,10.0
JEC-J05,44.0,0.0,5.0,0.0,0.0,0.0,0.0,1.0,4.0,2.0,1.3,0.0,0.0,9.0
JEC-J05,45.1,0.0,5.0,0.0,0.0,0.0,0.0,2.0,4.0,2.0,1.3,0.0,0.0,9.0
JEC-J05,46.2,0.0,5.0,0.0,0.0,0.0,0.0,2.0,4.0,2.0,1.3,0.0,0.0,9.0
JEC-J05,47.3,0.0,5.0,0.0,0.0,0.0,0.0,2.0,4.0,2.0,1.3,0.0,0.0,10.0
JEC-J05,48.4,0.0,5.0,0.0,0.0,0.0,0.0,2.0,4.0,2.0,1.3,0.0,0.0,11.0
JEC-J05,49.5,0.0,5.0,0.0,0.0,0.0,0.0,2.0,5.0,2.0,1.3,0.0,0.0,11.0
JEC-J05,50.6,0.0,5.0,0.0,0.0,0.0,0.0,0.0,5.0,2.0,1.0,0.0,0.0,12.0
JEC-J05,51.7,0.0,5.0,0.0,0.0,0.0,0.0,0.0,5.0,2.0,1.0,0.0,0.0,13.0
JEC-J05,52.8,0.0,5.0,0.0,0.0,0.0,0.0,0.0,5.0,2.0,1.0,0.0,0.0,11.0
JEC-J05,53.9,0.0,5.0,0.0,0.0,0.0,0.0,0.0,5.0,2.0,1.0,0.0,0.0,8.0
JEC-J05,55.0,0.0,5.0,0.0,0.0,0.0,0.0,0.0,5.0,2.0,1.0,0.0,0.0,7.0
JEC-J05,56.1,0.0,5.0,0.0,0.0,0.0,0.0,0.0,5.0,2.0,1.21,0.0,0.0,7.0
JEC-J05,57.2,0.0,5.0,0.0,0.0,0.0,0.0,0.0,5.0,2.0,1.21,0.0,0.0,7.0
JEC-J05,58.3,0.0,5.0,0.0,0.0,0.0,0.0,0.0,6.0,2.0,1.21,0.0,0.0,7.0
JEC-J05,59.4,0.0,5.0,0.0,0.0,0.0,1.0,0.0,6.0,2.0,1.21,0.0,0.0,7.0
JEC-J05,60.5,0.0,5.0,0.0,0.0,0.0,0.0,0.0,6.0,2.0,1.21,0.0,0.0,7.0
JEC-J05,61.6,0.0,5.0,0.0,0.0,0.0,0.0,0.0,6.0,2.0,1.21,0.0,0.0,7.0
JEC-J05,62.7,0.0,5.0,0.0,0.0,0.0,0.0,0.0,7.0,2.0,1.21,0.0,0.0,6.0
JEC-J05,63.8,0.0,5.0,0.0,0.0,0.0,0.0,0.0,7.0,2.0,1.21,0.0,0.0,6.0
JEC-J05,64.9,0.0,5.0,0.0,0.0,0.0,0.0,0.0,7.0,2.0,1.21,0.0,0.0,6.0
JEC-J05,66.0,0.0,5.0,0.0,0.0,0.0,0.0,0.0,6.0,2.0,1.21,0.0,0.0,7.0
JEC-J05,67.1,0.0,5.0,0.0,0.0,0.0,0.0,0.0,6.0,2.0,1.21,0.0,0.0,7.0
JEC-J05,68.2,0.0,5.0,0.0,0.0,0.0,0.0,0.0,6.0,2.0,1.21,0.0,0.0,7.0
JEC-J05,69.3,0.0,5.0,0.0,0.0,0.0,0.0,0.0,5.0,2.0,1.21,0.0,0.0,7.0
JEC-J05,70.4,0.0,5.0,0.0,0.0,0.0,0.0,0.0,5.0,2.0,1.21,0.0,0.0,6.0
JEC-J05,71.5,0.0,5.0,0.0,0.0,0.0,0.0,0.0,6.0,2.0,1.21,0.0,0.0,6.0
JEC-J05,72.6,0.0,5.0,0.0,0.0,0.0,0.0,0.0,6.0,2.0,1.21,0.0,0.0,6.0
JEC-J05,73.7,0.0,5.0,0.0,0.0,0.0,0.0,0.0,7.0,2.0,1.21,0.0,0.0,6.0
JEC-J05,74.8,0.0,5.0,0.0,0.0,0.0,0.0,0.0,7.0,2.0,1.21,0.0,0.0,6.0
JEC-J05,75.9,0.0,5.0,0.0,0.0,0.0,0.0,0.0,7.0,2.0,1.21,0.0,0.0,7.0
JEC-J05,77.0,0.0,5.0,0.0,0.0,0.0,0.0,0.0,7.0,2.0,1.21,0.0,0.0,6.0
JEC-J05,78.1,0.0,5.0,0.0,0.0,0.0,1.0,0.0,7.0,2.0,1.21,0.0,0.0,6.0
JEC-J05,79.2,0.0,5.0,0.0,0.0,0.0,1.0,0.0,6.0,2.0,1.21,0.0,0.0,6.0
JEC-J05,80.3,0.0,5.0,0.0,0.0,0.0,1.0,0.0,6.0,2.0,1.21,0.0,0.0,6.0
JEC-J05,81.4,0.0,5.0,0.0,0.0,0.0,1.0,0.0,7.0,2.0,1.21,0.0,0.0,5.0
JEC-J05,82.5,0.0,5.0,0.0,0.0,0.0,1.0,0.0,7.0,2.0,1.21,0.0,0.0,5.0
JEC-J05,83.6,0.0,5.0,0.0,0.0,0.0,1.0,0.0,7.0,2.0,1.21,0.0,0.0,6.0
JEC-J05,84.7,0.0,5.0,0.0,0.0,0.0,0.0,2.0,7.0,3.0,1.21,0.0,0.0,6.0
JEC-J05,85.8,0.0,5.0,0.0,0.0,0.0,0.0,3.0,7.0,3.0,1.21,0.0,0.0,6.0
JEC-J05,86.9,0.0,5.0,0.0,0.0,0.0,0.0,4.0,7.0,3.0,1.21,0.0,0.0,7.0
JEC-J05,88.0,0.0,5.0,0.0,0.0,0.0,1.0,5.0,7.0,3.0,1.21,0.0,0.0,7.0
JEC-J05,89.1,0.0,5.0,0.0,0.0,0.0,1.0,7.0,7.0,3.0,1.21,0.0,0.0,7.0
JEC-J05,90.2,0.0,5.0,0.0,0.0,0.0,1.0,7.0,7.0,3.0,1.21,0.0,0.0,7.0
JEC-J05,91.3,0.0,5.0,0.0,0.0,0.0,1.0,7.0,7.0,3.0,1.21,0.0,0.0,7.0
JEC-J05,92.4,0.0,5.0,0.0,0.0,0.0,1.0,6.0,7.0,3.0,1.21,0.0,0.0,6.0
JEC-J05,93.5,0.0,5.0,0.0,0.0,0.0,1.0,6.0,7.0,3.0,1.21,0.0,0.0,6.0
JEC-J05,94.6,0.0,5.0,0.0,0.0,0.0,1.0,7.0,7.0,3.0,1.21,0.0,0.0,6.0
JEC-J05,95.7,0.0,5.0,0.0,0.0,0.0,1.0,7.0,7.0,3.0,1.21,0.0,0.0,6.0
JEC-J05,96.8,0.0,5.0,0.0,0.0,0.0,0.0,8.0,7.0,4.0,1.21,0.0,0.0,6.0
JEC-J05,97.9,0.0,5.0,0.0,0.0,0.0,0.0,9.0,6.0,4.0,1.21,0.0,0.0,7.0
JEC-J05,99.0,0.0,5.0,0.0,0.0,0.0,0.0,11.0,7.0,4.0,1.21,0.0,0.0,7.0
JEC-J05,100.1,0.0,5.0,0.0,0.0,0.0,0.0,12.0,7.0,4.0,1.21,0.0,0.0,7.0
JEC-J05,101.2,0.0,5.0,0.0,0.0,0.0,0.0,13.0,7.0,4.0,1.21,0.0,0.0,7.0
JEC-J05,102.3,0.0,5.0,0.0,0.0,0.0,0.0,12.0,7.0,4.0,1.21,0.0,0.0,7.0
JEC-J05,103.4,0.0,5.0,0.0,0.0,0.0,0.0,13.0,7.0,4.0,1.21,0.0,0.0,5.0
JEC-J05,104.5,0.0,5.0,0.0,0.0,0.0,0.0,12.0,7.0,4.0,1.21,0.0,0.0,5.0
JEC-J05,105.6,0.0,5.0,0.0,0.0,0.0,1.0,12.0,7.0,4.0,1.21,0.0,0.0,5.0
JEC-J05,106.7,0.0,5.0,0.0,0.0,0.0,0.0,12.0,7.0,4.0,1.21,0.0,0.0,5.0
JEC-J05,107.8,0.0,5.0,0.0,0.0,0.0,0.0,11.0,7.0,4.0,1.21,0.0,0.0,6.0
JEC-J05,108.9,0.0,5.0,0.0,0.0,0.0,0.0,11.0,8.0,4.0,1.21,0.0,0.0,6.0
JEC-J05,110.0,0.0,5.0,0.0,0.0,0.0,0.0,13.0,8.0,4.0,1.21,0.0,0.0,7.0
JEC-J05,111.1,0.0,5.0,0.0,0.0,0.0,0.0,13.0,8.0,4.0,1.21,0.0,0.0,7.0
JEC-J05,112.2,0.0,5.0,0.0,0.0,0.0,0.0,14.0,8.0,4.0,1.21,0.0,0.0,7.0
JEC-J05,113.3,0.0,5.0,0.0,0.0,0.0,0.0,13.0,8.0,4.0,1.21,0.0,0.0,6.0
JEC-J05,114.4,0.0,5.0,0.0,0.0,0.0,0.0,13.0,8.0,4.0,1.21,0.0,0.0,6.0
JEC-J05,115.5,0.0,5.0,0.0,0.0,0.0,0.0,13.0,8.0,4.0,1.0,0.0,0.0,6.0
JEC-J05,116.6,0.0,5.0,0.0,0.0,0.0,0.0,14.0,8.0,4.0,1.0,0.0,0.0,6.0
JEC-J05,117.7,0.0,5.0,0.0,0.0,0.0,1.0,14.0,8.0,4.0,1.0,0.0,0.0,8.0
JEC-J05,118.8,0.0,5.0,0.0,0.0,0.0,1.0,12.0,8.0,4.0,1.0,0.0,0.0,10.0
JEC-J05,119.9,0.0,5.0,0.0,0.0,0.0,1.0,11.0,8.0,4.0,1.0,0.0,0.0,10.0
JEC-J05,121.0,0.0,5.0,0.0,0.0,0.0,1.0,11.0,8.0,4.0,1.07,0.0,0.0,10.0
JEC-J05,122.1,0.0,5.0,0.0,0.0,0.0,1.0,12.0,8.0,4.0,1.07,0.0,0.0,10.0
JEC-J05,123.2,0.0,5.0,0.0,0.0,0.0,2.0,10.0,8.0,4.0,1.07,0.0,0.0,10.0
JEC-J05,124.3,0.0,5.0,0.0,0.0,0.0,1.0,10.0,8.0,4.0,1.07,0.0,0.0,8.0
JEC-J05,125.4,0.0,5.0,0.0,0.0,0.0,1.0,10.0,8.0,4.0,1.07,0.0,0.0,8.0
JEC-J05,126.5,0.0,5.0,0.0,0.0,0.0,1.0,10.0,7.0,4.0,1.07,0.0,0.0,9.0
JEC-J05,127.6,0.0,5.0,0.0,0.0,0.0,1.0,9.0,7.0,4.0,1.07,0.0,0.0,9.0
JEC-J05,128.7,0.0,5.0,0.0,0.0,0.0,1.0,10.0,7.0,4.0,1.07,0.0,0.0,10.0
JEC-J05,129.8,0.0,5.0,0.0,0.0,0.0,1.0,12.0,7.0,4.0,1.07,0.0,0.0,10.0
JEC-J05,130.9,0.0,5.0,0.0,0.0,0.0,1.0,14.0,7.0,4.0,1.07,0.0,0.0,10.0
JEC-J05,132.0,0.0,5.0,0.0,0.0,0.0,1.0,13.0,7.0,4.0,1.07,0.0,0.0,11.0
JEC-J05,133.1,0.0,5.0,0.0,0.0,0.0,1.0,13.0,7.0,4.0,1.07,0.0,0.0,11.0
JEC-J05,134.2,0.0,5.0,0.0,0.0,0.0,1.0,13.0,7.0,4.0,1.07,0.0,0.0,11.0
JEC-J05,135.3,0.0,5.0,0.0,0.0,0.0,1.0,14.0,7.0,4.0,1.07,0.0,0.0,11.0
JEC-J05,136.4,0.0,5.0,0.0,0.0,0.0,1.0,13.0,8.0,4.0,1.07,0.0,0.0,11.0
JEC-J05,137.5,0.0,5.0,0.0,0.0,0.0,1.0,13.0,8.0,4.0,1.07,0.0,0.0,11.0
JEC-J05,138.6,0.0,5.0,0.0,0.0,0.0,1.0,13.0,8.0,4.0,1.07,0.0,0.0,11.0
JEC-J05,139.7,0.0,5.0,0.0,0.0,0.0,1.0,14.0,9.0,4.0,1.07,0.0,0.0,9.0
JEC-J05,140.8,0.0,5.0,0.0,0.0,0.0,1.0,14.0,9.0,4.0,1.07,0.0,0.0,8.0
JEC-J05,141.9,0.0,5.0,0.0,0.0,0.0,2.0,13.0,9.0,4.0,1.07,0.0,0.0,7.0
JEC-J05,143.0,0.0,5.0,0.0,0.0,0.0,1.0,12.0,9.0,4.0,1.07,0.0,0.0,7.0
JEC-J05,144.1,0.0,5.0,0.0,0.0,0.0,1.0,12.0,9.0,4.0,1.07,0.0,0.0,7.0
JEC-J05,145.2,0.0,5.0,0.0,0.0,0.0,1.0,13.0,9.0,4.0,1.07,0.0,0.0,7.0
JEC-J05,146.3,0.0,5.0,0.0,0.0,0.0,1.0,13.0,9.0,4.0,1.07,0.0,0.0,7.0
JEC-J05,147.4,0.0,5.0,0.0,0.0,0.0,1.0,14.0,9.0,4.0,1.07,0.0,0.0,7.0
JEC-J05,148.5,0.0,5.0,0.0,0.0,0.0,1.0,13.0,9.0,4.0,1.07,0.0,0.0,7.0
JEC-J05,149.6,0.0,5.0,0.0,0.0,0.0,1.0,13.0,8.0,4.0,1.07,0.0,0.0,7.0
JEC-J05,150.7,0.0,5.0,0.0,0.0,0.0,2.0,13.0,8.0,4.0,1.07,0.0,0.0,7.0
JEC-J05,151.8,0.0,5.0,0.0,0.0,0.0,1.0,14.0,8.0,4.0,1.07,0.0,0.0,7.0
JEC-J05,152.9,0.0,5.0,0.0,0.0,0.0,1.0,13.0,8.0,4.0,1.07,0.0,0.0,7.0
JEC-J05,154.0,0.0,5.0,0.0,0.0,0.0,1.0,13.0,8.0,4.0,1.07,0.0,0.0,7.0
JEC-J05,155.1,0.0,5.0,0.0,0.0,0.0,1.0,13.0,8.0,4.0,1.07,0.0,0.0,7.0
JEC-J05,156.2,0.0,5.0,0.0,0.0,0.0,1.0,14.0,7.0,4.0,1.07,0.0,0.0,7.0
JEC-J05,157.3,0.0,5.0,0.0,0.0,0.0,1.0,14.0,7.0,4.0,1.07,0.0,0.0,7.0
JEC-J05,158.4,0.0,5.0,0.0,0.0,0.0,1.0,13.0,7.0,4.0,1.07,0.0,0.0,7.0
JEC-J05,159.5,0.0,5.0,0.0,0.0,0.0,2.0,13.0,7.0,4.0,1.07,0.0,0.0,7.0
JEC-J05,160.6,0.0,5.0,0.0,0.0,0.0,1.0,13.0,7.0,4.0,1.07,0.0,0.0,7.0
JEC-J05,161.7,0.0,5.0,0.0,0.0,0.0,1.0,14.0,7.0,4.0,1.07,0.0,0.0,7.0
JEC-J05,162.8,0.0,5.0,0.0,0.0,0.0,1.0,13.0,7.0,4.0,1.07,0.0,0.0,7.0
JEC-J05,163.9,0.0,5.0,0.0,0.0,0.0,1.0,13.0,7.0,4.0,1.07,0.0,0.0,7.0
JEC-J05,165.0,0.0,5.0,0.0,0.0,0.0,1.0,13.0,7.0,4.0,1.07,0.0,0.0,7.0
JEC-J05,166.1,0.0,5.0,0.0,0.0,0.0,1.0,14.0,7.0,4.0,1.07,0.0,0.0,7.0
JEC-J05,167.2,0.0,5.0,0.0,0.0,0.0,1.0,14.0,7.0,4.0,1.07,0.0,0.0,7.0
JEC-J05,168.3,0.0,5.0,0.0,0.0,0.0,1.0,13.0,7.0,4.0,1.07,0.0,0.0,7.0
JEC-J05,169.4,0.0,5.0,0.0,0.0,0.0,1.0,13.0,7.0,4.0,1.07,0.0,0.0,7.0
JEC-J05,170.5,0.0,5.0,0.0,0.0,0.0,1.0,13.0,7.0,4.0,1.0,0.0,0.0,7.0
JEC-J05,171.6,0.0,5.0,0.0,0.0,0.0,1.0,14.0,7.0,4.0,1.0,0.0,0.0,7.0
JEC-J05,172.7,0.0,5.0,0.0,0.0,0.0,1.0,13.0,7.0,4.0,1.0,0.0,0.0,7.0
JEC-J05,173.8,0.0,5.0,0.0,0.0,0.0,1.0,13.0,7.0,4.0,1.0,0.0,0.0,7.0
JEC-J05,174.9,0.0,5.0,0.0,0.0,0.0,1.0,13.0,7.0,4.0,1.0,0.0,0.0,7.0
JEC-J05,176.0,0.0,5.0,0.0,0.0,0.0,1.0,14.0,8.0,4.0,1.0,0.0,0.0,7.0
JEC-J05,177.1,0.0,5.0,0.0,0.0,0.0,1.0,14.0,8.0,4.0,1.0,0.0,0.0,7.0
JEC-J05,178.2,0.0,5.0,0.0,0.0,0.0,1.0,13.0,8.0,4.0,1.0,0.0,0.0,7.0
JEC-J05,179.3,0.0,5.0,0.0,0.0,0.0,1.0,13.0,8.0,4.0,1.0,0.0,0.0,7.0
JEC-J05,180.4,0.0,5.0,0.0,0.0,0.0,1.0,13.0,8.0,4.0,1.0,0.0,0.0,7.0
JEC-J05,181.5,0.0,5.0,0.0,0.0,0.0,1.0,14.0,8.0,4.0,1.0,0.0,0.0,7.0
JEC-J05,182.6,0.0,5.0,0.0,0.0,0.0,1.0,13.0,8.0,4.0,1.0,0.0,0.0,7.0
JEC-J05,183.7,0.0,5.0,0.0,0.0,0.0,1.0,13.0,8.0,4.0,1.0,0.0,0.0,7.0
JEC-J05,184.8,0.0,5.0,0.0,0.0,0.0,1.0,13.0,8.0,4.0,1.0,0.0,0.0,7.0
JEC-J05,185.9,0.0,5.0,0.0,0.0,0.0,1.0,14.0,8.0,4.0,1.0,0.0,0.0,7.0
JEC-J05,187.0,0.0,5.0,0.0,0.0,0.0,2.0,14.0,7.0,4.0,1.0,0.0,0.0,7.0
JEC-J05,188.1,0.0,5.0,0.0,0.0,0.0,1.0,13.0,7.0,4.0,1.0,0.0,0.0,7.0
JEC-J05,189.2,0.0,5.0,0.0,0.0,0.0,1.0,13.0,7.0,4.0,1.0,0.0,0.0,7.0
JEC-J05,190.3,0.0,5.0,0.0,0.0,0.0,1.0,13.0,7.0,4.0,1.0,0.0,0.0,7.0
JEC-J05,191.4,0.0,5.0,0.0,0.0,0.0,1.0,14.0,7.0,4.0,1.0,0.0,0.0,7.0
JEC-J05,192.5,0.0,5.0,0.0,0.0,0.0,1.0,13.0,7.0,4.0,1.0,0.0,0.0,7.0
JEC-J05,193.6,0.0,5.0,0.0,0.0,0.0,1.0,13.0,7.0,4.0,1.0,0.0,0.0,7.0
JEC-J06,1.1,0.0,5.0,0.0,0.0,0.0,0.0,0.0,4.0,0.0,1.3,0.0,0.0,0.0
JEC-J06,2.2,0.0,5.0,0.0,0.0,0.0,0.0,0.0,4.0,0.0,1.3,0.0,0.0,0.0
JEC-J06,3.3,0.0,5.0,0.0,0.0,0.0,0.0,0.0,4.0,0.0,1.3,0.0,0.0,0.0
JEC-J06,4.4,0.0,5.0,0.0,0.0,0.0,0.0,0.0,4.0,0.0,1.3,0.0,0.0,0.0
JEC-J06,5.5,0.0,5.0,0.0,0.0,0.0,0.0,0.0,4.0,0.0,1.3,0.0,0.0,0.0
JEC-J06,6.6,0.0,5.0,0.0,0.0,0.0,0.0,0.0,4.0,0.0,1.3,0.0,0.0,0.0
JEC-J06,7.7,0.0,5.0,0.0,0.0,0.0,0.0,0.0,4.0,1.0,1.3,0.0,0.0,1.0
JEC-J06,8.8,1.0,5.0,0.0,0.0,0.0,0.0,0.0,4.0,1.0,1.3,0.0,0.0,1.0
JEC-J06,9.9,1.0,5.0,0.0,0.0,0.0,1.0,0.0,4.0,1.0,1.3,0.0,0.0,1.0
JEC-J06,11.0,1.0,5.0,0.0,0.0,0.0,1.0,0.0,4.0,1.0,1.3,0.0,0.0,1.0
JEC-J06,12.1,0.0,5.0,0.0,0.0,0.0,1.0,0.0,4.0,1.0,1.3,0.0,0.0,2.0
JEC-J06,13.2,0.0,5.0,0.0,0.0,0.0,1.0,0.0,4.0,1.0,1.3,0.0,0.0,2.0
JEC-J06,14.3,1.0,5.0,1.0,0.0,0.0,1.0,0.0,4.0,1.0,1.3,0.0,0.0,3.0
JEC-J06,15.4,1.0,5.0,1.0,0.0,0.0,0.0,0.0,4.0,3.0,1.3,0.0,0.0,1.0
JEC-J06,16.5,1.0,5.0,1.0,0.0,0.0,0.0,0.0,4.0,3.0,1.3,0.0,0.0,1.0
JEC-J06,17.6,0.0,5.0,0.0,0.0,0.0,0.0,0.0,4.0,3.0,1.3,0.0,0.0,1.0
JEC-J06,18.7,1.0,5.0,0.0,0.0,0.0,1.0,0.0,4.0,3.0,1.3,0.0,0.0,2.0
JEC-J06,19.8,1.0,5.0,1.0,0.0,0.0,1.0,0.0,4.0,2.0,1.3,0.0,0.0,2.0
JEC-J06,20.9,1.0,5.0,1.0,0.0,0.0,1.0,0.0,4.0,2.0,1.3,0.0,0.0,4.0
JEC-J06,22.0,1.0,5.0,1.0,0.0,0.0,1.0,0.0,4.0,2.0,1.3,0.0,0.0,1.0
JEC-J06,23.1,1.0,5.0,0.0,0.0,0.0,1.0,0.0,4.0,2.0,1.3,0.0,0.0,2.0
JEC-J06,24.2,1.0,5.0,1.0,0.0,0.0,0.0,0.0,4.0,3.0,1.3,0.0,0.0,3.0
JEC-J06,25.3,1.0,5.0,1.0,0.0,0.0,0.0,0.0,4.0,3.0,1.3,0.0,0.0,3.0
JEC-J06,26.4,1.0,5.0,1.0,0.0,0.0,0.0,0.0,4.0,3.0,1.3,0.0,0.0,0.0
JEC-J06,27.5,1.0,5.0,1.0,0.0,0.0,0.0,0.0,4.0,3.0,1.3,0.0,0.0,0.0
JEC-J06,28.6,1.0,5.0,1.0,0.0,0.0,0.0,0.0,5.0,3.0,1.3,0.0,0.0,0.0
JEC-J06,29.7,1.0,5.0,1.0,0.0,0.0,0.0,0.0,5.0,3.0,1.3,0.0,0.0,0.0
JEC-J06,30.8,0.0,5.0,1.0,0.0,0.0,0.0,0.0,5.0,3.0,1.3,0.0,0.0,0.0
JEC-J06,31.9,0.0,5.0,1.0,0.0,0.0,0.0,0.0,5.0,3.0,1.3,0.0,0.0,0.0
JEC-J06,33.0,0.0,5.0,1.0,0.0,0.0,0.0,0.0,5.0,2.0,1.3,0.0,0.0,0.0
JEC-J06,34.1,1.0,5.0,1.0,0.0,0.0,1.0,0.0,5.0,2.0,1.3,0.0,0.0,0.0
JEC-J06,35.2,1.0,5.0,1.0,0.0,0.0,0.0,0.0,5.0,2.0,1.3,0.0,0.0,0.0
JEC-J06,36.3,1.0,5.0,0.0,0.0,0.0,0.0,0.0,5.0,2.0,1.3,0.0,0.0,0.0
JEC-J06,37.4,0.0,5.0,0.0,0.0,0.0,0.0,0.0,5.0,2.0,1.3,0.0,0.0,1.0
JEC-J06,38.5,0.0,5.0,0.0,0.0,0.0,0.0,0.0,4.0,1.0,1.3,0.0,0.0,1.0
JEC-J06,39.6,0.0,5.0,1.0,0.0,0.0,0.0,0.0,4.0,1.0,1.3,0.0,0.0,2.0
JEC-J06,40.7,0.0,5.0,1.0,0.0,0.0,0.0,0.0,4.0,1.0,1.3,0.0,0.0,0.0
JEC-J06,41.8,0.0,5.0,1.0,0.0,0.0,1.0,0.0,4.0,1.0,1.3,0.0,0.0,0.0
JEC-J06,42.9,0.0,5.0,0.0,0.0,0.0,1.0,0.0,4.0,1.0,1.3,0.0,0.0,0.0
JEC-J06,44.0,0.0,5.0,0.0,0.0,0.0,1.0,0.0,4.0,1.0,1.3,0.0,0.0,0.0
JEC-J06,45.1,0.0,5.0,0.0,0.0,0.0,1.0,0.0,4.0,1.0,1.3,0.0,0.0,0.0
JEC-J06,46.2,0.0,5.0,0.0,0.0,0.0,1.0,0.0,4.0,1.0,1.3,0.0,0.0,0.0
JEC-J06,47.3,0.0,5.0,0.0,0.0,0.0,1.0,0.0,4.0,1.0,1.3,0.0,0.0,0.0
JEC-J06,48.4,0.0,5.0,0.0,0.0,0.0,1.0,0.0,5.0,1.0,1.3,0.0,0.0,0.0
JEC-J06,49.5,0.0,5.0,0.0,0.0,0.0,1.0,0.0,5.0,1.0,1.3,0.0,0.0,0.0
JEC-J06,50.6,0.0,5.0,0.0,0.0,0.0,1.0,0.0,5.0,1.0,1.0,0.0,0.0,0.0
JEC-J06,51.7,0.0,5.0,0.0,0.0,0.0,1.0,0.0,5.0,1.0,1.0,0.0,0.0,0.0
JEC-J06,52.8,0.0,5.0,0.0,0.0,0.0,1.0,0.0,5.0,1.0,1.0,0.0,0.0,0.0
JEC-J06,53.9,0.0,5.0,0.0,0.0,0.0,1.0,0.0,5.0,1.0,1.0,0.0,0.0,0.0
JEC-J06,55.0,1.0,5.0,0.0,0.0,0.0,1.0,0.0,5.0,1.0,1.0,0.0,0.0,0.0
JEC-J06,56.1,0.0,5.0,0.0,0.0,0.0,1.0,0.0,6.0,1.0,1.21,0.0,0.0,0.0
JEC-J06,57.2,0.0,5.0,0.0,0.0,0.0,1.0,0.0,6.0,1.0,1.21,0.0,0.0,0.0
JEC-J06,58.3,0.0,5.0,0.0,0.0,0.0,1.0,0.0,6.0,1.0,1.21,0.0,0.0,0.0
JEC-J06,59.4,0.0,5.0,0.0,0.0,0.0,1.0,0.0,6.0,1.0,1.21,0.0,0.0,1.0
JEC-J06,60.5,0.0,5.0,1.0,0.0,0.0,1.0,0.0,6.0,1.0,1.21,0.0,0.0,1.0
JEC-J06,61.6,0.0,5.0,0.0,0.0,0.0,1.0,0.0,6.0,1.0,1.21,0.0,0.0,1.0
JEC-J06,62.7,0.0,5.0,0.0,0.0,0.0,1.0,0.0,7.0,1.0,1.21,0.0,0.0,1.0
JEC-J06,63.8,0.0,5.0,0.0,0.0,0.0,1.0,0.0,7.0,1.0,1.21,0.0,0.0,1.0
JEC-J06,64.9,0.0,5.0,0.0,0.0,0.0,1.0,0.0,7.0,1.0,1.21,0.0,0.0,1.0
JEC-J06,66.0,0.0,5.0,0.0,0.0,0.0,1.0,0.0,7.0,1.0,1.21,0.0,0.0,0.0
JEC-J06,67.1,0.0,5.0,0.0,0.0,0.0,1.0,0.0,7.0,1.0,1.21,0.0,0.0,0.0
JEC-J06,68.2,0.0,5.0,0.0,0.0,0.0,1.0,0.0,6.0,1.0,1.21,0.0,0.0,0.0
JEC-J06,69.3,0.0,5.0,0.0,0.0,0.0,1.0,0.0,6.0,1.0,1.21,0.0,0.0,1.0
JEC-J06,70.4,0.0,5.0,0.0,0.0,0.0,2.0,0.0,6.0,1.0,1.21,0.0,0.0,1.0
JEC-J06,71.5,0.0,5.0,0.0,0.0,0.0,2.0,0.0,6.0,1.0,1.21,0.0,0.0,1.0
JEC-J06,72.6,1.0,5.0,0.0,0.0,0.0,2.0,0.0,6.0,1.0,1.21,0.0,0.0,1.0
JEC-J06,73.7,0.0,5.0,0.0,0.0,0.0,2.0,0.0,6.0,1.0,1.21,0.0,0.0,1.0
JEC-J06,74.8,0.0,5.0,0.0,0.0,0.0,2.0,0.0,6.0,1.0,1.21,0.0,0.0,1.0
JEC-J06,75.9,0.0,5.0,0.0,0.0,0.0,2.0,0.0,7.0,1.0,1.21,0.0,0.0,0.0
JEC-J06,77.0,1.0,5.0,0.0,0.0,0.0,1.0,0.0,7.0,2.0,1.21,0.0,0.0,1.0
JEC-J06,78.1,1.0,5.0,1.0,0.0,0.0,1.0,0.0,7.0,2.0,1.21,0.0,0.0,1.0
JEC-J06,79.2,1.0,5.0,0.0,0.0,0.0,1.0,0.0,7.0,2.0,1.21,0.0,0.0,1.0
JEC-J06,80.3,1.0,5.0,0.0,0.0,0.0,1.0,0.0,7.0,2.0,1.21,0.0,0.0,2.0
JEC-J06,81.4,1.0,5.0,0.0,0.0,0.0,1.0,0.0,8.0,2.0,1.21,0.0,0.0,2.0
JEC-J06,82.5,1.0,5.0,1.0,0.0,0.0,1.0,0.0,7.0,2.0,1.21,0.0,0.0,3.0
JEC-J06,83.6,1.0,5.0,1.0,0.0,0.0,1.0,0.0,7.0,2.0,1.21,0.0,0.0,0.0
JEC-J06,84.7,1.0,5.0,1.0,0.0,0.0,1.0,0.0,7.0,2.0,1.21,0.0,0.0,0.0
JEC-J06,85.8,1.0,5.0,1.0,0.0,0.0,1.0,0.0,7.0,2.0,1.21,0.0,0.0,0.0
JEC-J06,86.9,1.0,5.0,1.0,0.0,0.0,1.0,0.0,7.0,2.0,1.21,0.0,0.0,0.0
JEC-J06,88.0,1.0,5.0,1.0,0.0,0.0,1.0,0.0,7.0,2.0,1.21,0.0,0.0,0.0
JEC-J06,89.1,1.0,5.0,1.0,0.0,0.0,1.0,0.0,7.0,2.0,1.21,0.0,0.0,0.0
JEC-J06,90.2,1.0,5.0,1.0,0.0,0.0,2.0,0.0,7.0,2.0,1.21,0.0,0.0,0.0
JEC-J06,91.3,1.0,5.0,1.0,0.0,0.0,2.0,0.0,7.0,2.0,1.21,0.0,0.0,0.0
JEC-J06,92.4,1.0,5.0,1.0,0.0,0.0,2.0,0.0,7.0,2.0,1.21,0.0,0.0,0.0
JEC-J06,93.5,1.0,5.0,1.0,0.0,0.0,2.0,0.0,7.0,2.0,1.21,0.0,0.0,0.0
JEC-J06,94.6,1.0,5.0,1.0,0.0,0.0,2.0,0.0,7.0,2.0,1.21,0.0,0.0,0.0
JEC-J06,95.7,1.0,5.0,1.0,0.0,0.0,2.0,0.0,7.0,2.0,1.21,0.0,0.0,0.0
JEC-J06,96.8,1.0,5.0,1.0,0.0,0.0,2.0,0.0,7.0,2.0,1.21,0.0,0.0,0.0
JEC-J06,97.9,1.0,5.0,1.0,0.0,0.0,2.0,0.0,7.0,2.0,1.21,0.0,0.0,0.0
JEC-J06,99.0,1.0,5.0,1.0,0.0,0.0,2.0,0.0,7.0,2.0,1.21,0.0,0.0,0.0
JEC-J06,100.1,1.0,5.0,1.0,0.0,0.0,2.0,0.0,6.0,2.0,1.21,0.0,0.0,0.0
JEC-J06,101.2,1.0,5.0,1.0,0.0,0.0,2.0,0.0,6.0,2.0,1.21,0.0,0.0,0.0
JEC-J06,102.3,1.0,5.0,1.0,0.0,0.0,2.0,0.0,6.0,2.0,1.21,0.0,0.0,0.0
JEC-J06,103.4,1.0,5.0,1.0,0.0,0.0,2.0,0.0,6.0,2.0,1.21,0.0,0.0,0.0
JEC-J06,104.5,1.0,5.0,1.0,0.0,0.0,2.0,0.0,6.0,2.0,1.21,0.0,0.0,0.0
JEC-J06,105.6,1.0,5.0,1.0,0.0,0.0,2.0,0.0,6.0,2.0,1.21,0.0,0.0,0.0
JEC-J06,106.7,1.0,5.0,1.0,0.0,0.0,2.0,0.0,7.0,2.0,1.21,0.0,0.0,0.0
JEC-J06,107.8,1.0,5.0,1.0,0.0,0.0,2.0,0.0,7.0,2.0,1.21,0.0,0.0,0.0
JEC-J06,108.9,1.0,5.0,1.0,0.0,0.0,2.0,0.0,7.0,2.0,1.21,0.0,0.0,0.0
JEC-J06,110.0,1.0,5.0,1.0,0.0,0.0,2.0,0.0,7.0,2.0,1.21,0.0,0.0,0.0
JEC-J06,111.1,1.0,5.0,1.0,0.0,0.0,2.0,0.0,7.0,2.0,1.21,0.0,0.0,0.0
JEC-J06,112.2,1.0,5.0,1.0,0.0,0.0,2.0,0.0,7.0,2.0,1.21,0.0,0.0,0.0
JEC-J06,113.3,1.0,5.0,1.0,0.0,0.0,2.0,0.0,7.0,2.0,1.21,0.0,0.0,0.0
JEC-J06,114.4,1.0,5.0,1.0,0.0,0.0,2.0,0.0,7.0,2.0,1.21,0.0,0.0,0.0
JEC-J06,115.5,1.0,5.0,1.0,0.0,0.0,2.0,0.0,7.0,2.0,1.0,0.0,0.0,0.0
JEC-J06,116.6,1.0,5.0,1.0,0.0,0.0,2.0,0.0,7.0,2.0,1.0,0.0,0.0,0.0
JEC-J06,117.7,1.0,5.0,1.0,0.0,0.0,2.0,0.0,7.0,2.0,1.0,0.0,0.0,1.0
JEC-J06,118.8,1.0,5.0,1.0,0.0,0.0,2.0,0.0,7.0,2.0,1.0,0.0,0.0,2.0
JEC-J06,119.9,1.0,5.0,1.0,0.0,0.0,2.0,0.0,7.0,2.0,1.0,0.0,0.0,3.0
JEC-J06,121.0,1.0,5.0,1.0,0.0,0.0,2.0,0.0,7.0,2.0,1.07,0.0,0.0,4.0
JEC-J06,122.1,1.0,5.0,1.0,0.0,0.0,2.0,0.0,7.0,2.0,1.07,0.0,0.0,5.0
JEC-J06,123.2,1.0,5.0,1.0,0.0,0.0,2.0,0.0,7.0,2.0,1.07,0.0,0.0,5.0
JEC-J06,124.3,1.0,5.0,1.0,0.0,0.0,2.0,0.0,7.0,2.0,1.07,0.0,0.0,5.0
JEC-J06,125.4,1.0,5.0,1.0,0.0,0.0,2.0,0.0,7.0,2.0,1.07,0.0,0.0,5.0
JEC-J06,126.5,1.0,5.0,1.0,0.0,0.0,2.0,0.0,6.0,2.0,1.07,0.0,0.0,5.0
JEC-J06,127.6,1.0,5.0,1.0,0.0,0.0,2.0,0.0,6.0,2.0,1.07,0.0,0.0,5.0
JEC-J06,128.7,1.0,5.0,1.0,0.0,0.0,2.0,0.0,6.0,2.0,1.07,0.0,0.0,5.0
JEC-J06,129.8,1.0,5.0,1.0,0.0,0.0,2.0,0.0,6.0,2.0,1.07,0.0,0.0,5.0
JEC-J06,130.9,1.0,5.0,1.0,0.0,0.0,2.0,0.0,6.0,2.0,1.07,0.0,0.0,5.0
JEC-J06,132.0,1.0,5.0,1.0,0.0,0.0,2.0,0.0,7.0,2.0,1.07,0.0,0.0,5.0
JEC-J06,133.1,1.0,5.0,1.0,0.0,0.0,2.0,0.0,7.0,2.0,1.07,0.0,0.0,5.0
JEC-J06,134.2,1.0,5.0,1.0,0.0,0.0,2.0,0.0,8.0,2.0,1.07,0.0,0.0,5.0
JEC-J06,135.3,1.0,5.0,1.0,0.0,0.0,2.0,0.0,8.0,2.0,1.07,0.0,0.0,5.0
JEC-J06,136.4,1.0,5.0,1.0,0.0,0.0,2.0,0.0,8.0,2.0,1.07,0.0,0.0,5.0
JEC-J06,137.5,1.0,5.0,1.0,0.0,0.0,2.0,0.0,8.0,2.0,1.07,0.0,0.0,5.0
JEC-J06,138.6,1.0,5.0,1.0,0.0,0.0,2.0,0.0,8.0,2.0,1.07,0.0,0.0,5.0
JEC-J06,139.7,1.0,5.0,1.0,0.0,0.0,2.0,0.0,8.0,2.0,1.07,0.0,0.0,5.0
JEC-J06,140.8,1.0,5.0,1.0,0.0,0.0,2.0,0.0,8.0,2.0,1.07,0.0,0.0,5.0
JEC-J06,141.9,1.0,5.0,1.0,0.0,0.0,2.0,0.0,8.0,2.0,1.07,0.0,0.0,5.0
JEC-J06,143.0,1.0,5.0,1.0,0.0,0.0,2.0,0.0,8.0,2.0,1.07,0.0,0.0,5.0
JEC-J06,144.1,1.0,5.0,1.0,0.0,0.0,2.0,0.0,8.0,2.0,1.07,0.0,0.0,5.0
JEC-J06,145.2,1.0,5.0,1.0,0.0,0.0,2.0,0.0,8.0,2.0,1.07,0.0,0.0,5.0
JEC-J06,146.3,1.0,5.0,1.0,0.0,0.0,2.0,0.0,8.0,2.0,1.07,0.0,0.0,5.0
JEC-J06,147.4,1.0,5.0,1.0,0.0,0.0,2.0,0.0,8.0,2.0,1.07,0.0,0.0,5.0
JEC-J06,148.5,1.0,5.0,1.0,0.0,0.0,2.0,0.0,8.0,2.0,1.07,0.0,0.0,5.0
JEC-J06,149.6,1.0,5.0,1.0,0.0,0.0,2.0,0.0,8.0,2.0,1.07,0.0,0.0,5.0
JEC-J06,150.7,1.0,5.0,1.0,0.0,0.0,2.0,0.0,8.0,2.0,1.07,0.0,0.0,5.0
JEC-J06,151.8,1.0,5.0,1.0,0.0,0.0,2.0,0.0,8.0,2.0,1.07,0.0,0.0,5.0
JEC-J06,152.9,1.0,5.0,1.0,0.0,0.0,2.0,0.0,8.0,2.0,1.07,0.0,0.0,5.0
JEC-J06,154.0,1.0,5.0,1.0,0.0,0.0,2.0,0.0,8.0,2.0,1.07,0.0,0.0,5.0
JEC-J06,155.1,1.0,5.0,1.0,0.0,0.0,2.0,0.0,8.0,2.0,1.07,0.0,0.0,5.0
JEC-J06,156.2,1.0,5.0,1.0,0.0,0.0,2.0,0.0,8.0,2.0,1.07,0.0,0.0,5.0
JEC-J06,157.3,1.0,5.0,1.0,0.0,0.0,2.0,0.0,7.0,2.0,1.07,0.0,0.0,5.0
JEC-J06,158.4,1.0,5.0,1.0,0.0,0.0,2.0,0.0,7.0,2.0,1.07,0.0,0.0,5.0
JEC-J06,159.5,1.0,5.0,1.0,0.0,0.0,2.0,0.0,7.0,2.0,1.07,0.0,0.0,5.0
JEC-J06,160.6,1.0,5.0,1.0,0.0,0.0,2.0,0.0,7.0,2.0,1.07,0.0,0.0,5.0
JEC-J06,161.7,1.0,5.0,1.0,0.0,0.0,2.0,0.0,7.0,2.0,1.07,0.0,0.0,5.0
JEC-J06,162.8,1.0,5.0,1.0,0.0,0.0,2.0,0.0,7.0,2.0,1.07,0.0,0.0,5.0
JEC-J06,163.9,1.0,5.0,1.0,0.0,0.0,2.0,0.0,7.0,2.0,1.07,0.0,0.0,5.0
JEC-J06,165.0,1.0,5.0,1.0,0.0,0.0,2.0,0.0,7.0,2.0,1.07,0.0,0.0,5.0
JEC-J06,166.1,1.0,5.0,1.0,0.0,0.0,2.0,0.0,7.0,2.0,1.07,0.0,0.0,5.0
JEC-J06,167.2,1.0,5.0,1.0,0.0,0.0,2.0,0.0,7.0,2.0,1.07,0.0,0.0,5.0
JEC-J06,168.3,1.0,5.0,1.0,0.0,0.0,2.0,0.0,7.0,2.0,1.07,0.0,0.0,5.0
JEC-J06,169.4,1.0,5.0,1.0,0.0,0.0,2.0,0.0,7.0,2.0,1.07,0.0,0.0,5.0
JEC-J06,170.5,1.0,5.0,1.0,0.0,0.0,2.0,0.0,7.0,2.0,1.0,0.0,0.0,5.0
JEC-J06,171.6,1.0,5.0,1.0,0.0,0.0,2.0,0.0,7.0,2.0,1.0,0.0,0.0,5.0
JEC-J06,172.7,1.0,5.0,1.0,0.0,0.0,2.0,0.0,7.0,2.0,1.0,0.0,0.0,5.0
JEC-J06,173.8,1.0,5.0,1.0,0.0,0.0,2.0,0.0,7.0,2.0,1.0,0.0,0.0,5.0
JEC-J06,174.9,1.0,5.0,1.0,0.0,0.0,2.0,0.0,7.0,2.0,1.0,0.0,0.0,5.0
JEC-J06,176.0,1.0,5.0,1.0,0.0,0.0,2.0,0.0,7.0,2.0,1.0,0.0,0.0,5.0
JEC-J06,177.1,1.0,5.0,1.0,0.0,0.0,2.0,0.0,7.0,2.0,1.0,0.0,0.0,5.0
JEC-J06,178.2,1.0,5.0,1.0,0.0,0.0,2.0,0.0,7.0,2.0,1.0,0.0,0.0,5.0
JEC-J06,179.3,1.0,5.0,1.0,0.0,0.0,2.0,0.0,7.0,2.0,1.0,0.0,0.0,5.0
JEC-J06,180.4,1.0,5.0,1.0,0.0,0.0,2.0,0.0,7.0,2.0,1.0,0.0,0.0,5.0
JEC-J06,181.5,1.0,5.0,1.0,0.0,0.0,2.0,0.0,7.0,2.0,1.0,0.0,0.0,5.0
JEC-J06,182.6,1.0,5.0,1.0,0.0,0.0,2.0,0.0,7.0,2.0,1.0,0.0,0.0,5.0
JEC-J06,183.7,1.0,5.0,1.0,0.0,0.0,2.0,0.0,7.0,2.0,1.0,0.0,0.0,5.0
JEC-J06,184.8,1.0,5.0,1.0,0.0,0.0,2.0,0.0,7.0,2.0,1.0,0.0,0.0,5.0
JEC-J06,185.9,1.0,5.0,1.0,0.0,0.0,2.0,0.0,7.0,2.0,1.0,0.0,0.0,5.0
JEC-J06,187.0,1.0,5.0,1.0,0.0,0.0,2.0,0.0,7.0,2.0,1.0,0.0,0.0,5.0
JEC-J06,188.1,1.0,5.0,1.0,0.0,0.0,2.0,0.0,7.0,2.0,1.0,0.0,0.0,5.0
JEC-J06,189.2,1.0,5.0,1.0,0.0,0.0,2.0,0.0,7.0,2.0,1.0,0.0,0.0,5.0
JEC-J06,190.3,1.0,5.0,1.0,0.0,0.0,2.0,0.0,7.0,2.0,1.0,0.0,0.0,5.0
JEC-J06,191.4,1.0,5.0,1.0,0.0,0.0,2.0,0.0,7.0,2.0,1.0,0.0,0.0,5.0
JEC-J06,192.5,1.0,5.0,1.0,0.0,0.0,2.0,0.0,7.0,2.0,1.0,0.0,0.0,5.0
JEC-J06,193.6,1.0,5.0,1.0,0.0,0.0,2.0,0.0,7.0,2.0,1.0,0.0,0.0,5.0
JEC-J19,1.1,0.0,5.0,0.0,0.0,0.0,0.0,0.0,3.0,0.0,1.3,0.0,0.0,0.0
JEC-J19,2.2,0.0,5.0,0.0,0.0,0.0,0.0,0.0,3.0,0.0,1.3,0.0,0.0,0.0
JEC-J19,3.3,0.0,5.0,0.0,0.0,0.0,0.0,0.0,3.0,0.0,1.3,0.0,0.0,0.0
JEC-J19,4.4,0.0,5.0,0.0,0.0,0.0,0.0,0.0,3.0,0.0,1.3,0.0,0.0,0.0
JEC-J19,5.5,0.0,5.0,0.0,0.0,0.0,0.0,0.0,3.0,0.0,1.3,0.0,0.0,0.0
JEC-J19,6.6,0.0,5.0,0.0,0.0,0.0,0.0,0.0,3.0,0.0,1.3,0.0,0.0,0.0
JEC-J19,7.7,0.0,5.0,0.0,0.0,0.0,0.0,0.0,3.0,0.0,1.3,0.0,0.0,0.0
JEC-J19,8.8,0.0,5.0,0.0,0.0,0.0,0.0,0.0,4.0,0.0,1.3,0.0,0.0,0.0
JEC-J19,9.9,0.0,5.0,0.0,0.0,0.0,0.0,0.0,4.0,0.0,1.3,0.0,0.0,0.0
JEC-J19,11.0,0.0,5.0,0.0,0.0,0.0,0.0,0.0,5.0,0.0,1.3,0.0,0.0,0.0
JEC-J19,12.1,0.0,5.0,0.0,0.0,0.0,0.0,0.0,5.0,0.0,1.3,0.0,0.0,0.0
JEC-J19,13.2,0.0,5.0,0.0,0.0,0.0,0.0,0.0,5.0,0.0,1.3,0.0,0.0,0.0
JEC-J19,14.3,0.0,5.0,0.0,0.0,0.0,0.0,0.0,5.0,0.0,1.3,0.0,0.0,0.0
JEC-J19,15.4,0.0,5.0,0.0,0.0,0.0,0.0,0.0,5.0,0.0,1.3,0.0,0.0,0.0
JEC-J19,16.5,0.0,5.0,0.0,0.0,0.0,0.0,0.0,5.0,0.0,1.3,0.0,0.0,0.0
JEC-J19,17.6,0.0,5.0,0.0,0.0,0.0,0.0,0.0,5.0,0.0,1.3,0.0,0.0,0.0
JEC-J19,18.7,0.0,5.0,0.0,0.0,0.0,0.0,0.0,6.0,0.0,1.3,0.0,0.0,0.0
JEC-J19,19.8,0.0,5.0,0.0,0.0,0.0,0.0,0.0,6.0,0.0,1.3,0.0,0.0,0.0
JEC-J19,20.9,0.0,5.0,0.0,0.0,0.0,0.0,0.0,6.0,0.0,1.3,0.0,0.0,0.0
JEC-J19,22.0,0.0,5.0,0.0,0.0,0.0,0.0,0.0,6.0,0.0,1.3,0.0,0.0,0.0
JEC-J19,23.1,0.0,5.0,0.0,0.0,0.0,0.0,0.0,6.0,0.0,1.3,0.0,0.0,0.0
JEC-J19,24.2,0.0,5.0,0.0,0.0,0.0,0.0,0.0,6.0,0.0,1.3,0.0,0.0,0.0
JEC-J19,25.3,0.0,5.0,0.0,0.0,0.0,0.0,0.0,7.0,0.0,1.3,0.0,0.0,0.0
JEC-J19,26.4,0.0,5.0,0.0,0.0,0.0,1.0,0.0,7.0,0.0,1.3,0.0,0.0,0.0
JEC-J19,27.5,0.0,5.0,0.0,0.0,0.0,0.0,0.0,7.0,0.0,1.3,0.0,0.0,0.0
JEC-J19,28.6,0.0,5.0,0.0,0.0,0.0,0.0,0.0,8.0,0.0,1.3,0.0,0.0,0.0
JEC-J19,29.7,0.0,5.0,0.0,0.0,0.0,0.0,0.0,8.0,0.0,1.3,0.0,0.0,0.0
JEC-J19,30.8,0.0,5.0,0.0,0.0,0.0,0.0,0.0,8.0,0.0,1.3,0.0,0.0,0.0
JEC-J19,31.9,0.0,5.0,0.0,0.0,0.0,0.0,0.0,8.0,0.0,1.3,0.0,0.0,0.0
JEC-J19,33.0,0.0,5.0,0.0,0.0,0.0,0.0,0.0,8.0,0.0,1.3,0.0,0.0,0.0
JEC-J19,34.1,0.0,5.0,0.0,0.0,0.0,1.0,0.0,8.0,0.0,1.3,0.0,0.0,0.0
JEC-J19,35.2,0.0,5.0,0.0,0.0,0.0,2.0,0.0,8.0,0.0,1.3,0.0,0.0,0.0
JEC-J19,36.3,0.0,5.0,0.0,0.0,0.0,2.0,0.0,9.0,0.0,1.3,0.0,0.0,0.0
JEC-J19,37.4,0.0,5.0,0.0,0.0,0.0,2.0,0.0,9.0,0.0,1.3,0.0,0.0,0.0
JEC-J19,38.5,0.0,5.0,0.0,0.0,0.0,1.0,0.0,9.0,0.0,1.3,0.0,0.0,0.0
JEC-J19,39.6,0.0,5.0,0.0,0.0,0.0,2.0,0.0,9.0,0.0,1.3,0.0,0.0,0.0
JEC-J19,40.7,0.0,5.0,0.0,0.0,0.0,2.0,0.0,9.0,0.0,1.3,0.0,0.0,0.0
JEC-J19,41.8,0.0,5.0,0.0,0.0,0.0,2.0,0.0,9.0,0.0,1.3,0.0,0.0,0.0
JEC-J19,42.9,0.0,5.0,0.0,0.0,0.0,2.0,0.0,9.0,0.0,1.3,0.0,0.0,0.0
JEC-J19,44.0,0.0,5.0,0.0,0.0,0.0,2.0,0.0,9.0,0.0,1.3,0.0,0.0,0.0
JEC-J19,45.1,0.0,5.0,0.0,0.0,0.0,2.0,0.0,9.0,0.0,1.3,0.0,0.0,0.0
JEC-J19,46.2,1.0,5.0,0.0,0.0,0.0,1.0,0.0,9.0,1.0,1.3,0.0,0.0,0.0
JEC-J19,47.3,1.0,5.0,0.0,0.0,0.0,1.0,0.0,9.0,1.0,1.3,0.0,0.0,0.0
JEC-J19,48.4,1.0,5.0,0.0,0.0,0.0,1.0,0.0,9.0,1.0,1.3,0.0,0.0,0.0
JEC-J19,49.5,0.0,5.0,0.0,0.0,0.0,1.0,0.0,9.0,1.0,1.3,0.0,0.0,1.0
JEC-J19,50.6,0.0,5.0,0.0,0.0,0.0,1.0,0.0,10.0,1.0,1.0,0.0,0.0,1.0
JEC-J19,51.7,0.0,5.0,1.0,0.0,0.0,1.0,0.0,10.0,1.0,1.0,0.0,0.0,2.0
JEC-J19,52.8,0.0,5.0,1.0,0.0,0.0,1.0,0.0,10.0,1.0,1.0,0.0,0.0,0.0
JEC-J19,53.9,0.0,5.0,1.0,0.0,0.0,1.0,0.0,9.0,1.0,1.0,0.0,0.0,0.0
JEC-J19,55.0,0.0,5.0,0.0,0.0,0.0,1.0,0.0,9.0,1.0,1.0,0.0,0.0,0.0
JEC-J19,56.1,0.0,5.0,0.0,0.0,0.0,1.0,0.0,10.0,2.0,1.21,0.0,0.0,0.0
JEC-J19,57.2,0.0,5.0,0.0,0.0,0.0,1.0,0.0,10.0,2.0,1.21,0.0,0.0,0.0
JEC-J19,58.3,0.0,5.0,0.0,0.0,0.0,1.0,0.0,10.0,2.0,1.21,0.0,0.0,0.0
JEC-J19,59.4,0.0,5.0,0.0,0.0,0.0,1.0,0.0,10.0,1.0,1.21,0.0,0.0,0.0
JEC-J19,60.5,1.0,5.0,0.0,0.0,0.0,1.0,0.0,10.0,1.0,1.21,0.0,0.0,0.0
JEC-J19,61.6,1.0,5.0,0.0,0.0,0.0,1.0,0.0,10.0,1.0,1.21,0.0,0.0,0.0
JEC-J19,62.7,0.0,5.0,0.0,0.0,0.0,1.0,0.0,9.0,1.0,1.21,0.0,0.0,0.0
JEC-J19,63.8,0.0,5.0,0.0,0.0,0.0,1.0,0.0,9.0,1.0,1.21,0.0,0.0,1.0
JEC-J19,64.9,0.0,5.0,0.0,0.0,0.0,1.0,0.0,9.0,1.0,1.21,0.0,0.0,1.0
JEC-J19,66.0,0.0,5.0,1.0,0.0,0.0,1.0,0.0,10.0,1.0,1.21,0.0,0.0,2.0
JEC-J19,67.1,0.0,5.0,1.0,0.0,0.0,0.0,0.0,10.0,2.0,1.21,0.0,0.0,0.0
JEC-J19,68.2,0.0,5.0,0.0,0.0,0.0,0.0,0.0,10.0,2.0,1.21,0.0,0.0,0.0
JEC-J19,69.3,1.0,5.0,0.0,0.0,0.0,1.0,0.0,10.0,2.0,1.21,0.0,0.0,0.0
JEC-J19,70.4,1.0,5.0,0.0,0.0,0.0,1.0,0.0,10.0,2.0,1.21,0.0,0.0,0.0
JEC-J19,71.5,1.0,5.0,0.0,0.0,0.0,1.0,0.0,9.0,2.0,1.21,0.0,0.0,0.0
JEC-J19,72.6,0.0,5.0,0.0,0.0,0.0,1.0,0.0,9.0,1.0,1.21,0.0,0.0,1.0
JEC-J19,73.7,0.0,5.0,0.0,0.0,0.0,1.0,0.0,9.0,1.0,1.21,0.0,0.0,1.0
JEC-J19,74.8,0.0,5.0,1.0,0.0,0.0,1.0,0.0,9.0,1.0,1.21,0.0,0.0,2.0
JEC-J19,75.9,0.0,5.0,1.0,0.0,0.0,1.0,0.0,9.0,1.0,1.21,0.0,0.0,2.0
JEC-J19,77.0,0.0,5.0,1.0,0.0,0.0,1.0,0.0,9.0,1.0,1.21,0.0,0.0,0.0
JEC-J19,78.1,1.0,5.0,0.0,0.0,0.0,0.0,0.0,9.0,2.0,1.21,0.0,0.0,0.0
JEC-J19,79.2,1.0,5.0,0.0,0.0,0.0,0.0,0.0,9.0,2.0,1.21,0.0,0.0,0.0
JEC-J19,80.3,1.0,5.0,0.0,0.0,0.0,0.0,0.0,9.0,2.0,1.21,0.0,0.0,0.0
JEC-J19,81.4,0.0,5.0,0.0,0.0,0.0,0.0,0.0,8.0,2.0,1.21,0.0,0.0,1.0
JEC-J19,82.5,0.0,5.0,0.0,0.0,0.0,0.0,0.0,8.0,2.0,1.21,0.0,0.0,1.0
JEC-J19,83.6,0.0,5.0,1.0,0.0,0.0,0.0,0.0,9.0,2.0,1.21,0.0,0.0,2.0
JEC-J19,84.7,0.0,5.0,1.0,0.0,0.0,0.0,0.0,9.0,1.0,1.21,0.0,0.0,2.0
JEC-J19,85.8,0.0,5.0,1.0,0.0,0.0,0.0,0.0,8.0,1.0,1.21,0.0,0.0,0.0
JEC-J19,86.9,0.0,5.0,0.0,0.0,0.0,0.0,0.0,8.0,1.0,1.21,0.0,0.0,0.0
JEC-J19,88.0,0.0,5.0,0.0,0.0,0.0,0.0,0.0,8.0,1.0,1.21,0.0,0.0,0.0
JEC-J19,89.1,0.0,5.0,0.0,0.0,0.0,0.0,0.0,8.0,1.0,1.21,0.0,0.0,0.0
JEC-J19,90.2,0.0,5.0,0.0,0.0,0.0,0.0,0.0,8.0,1.0,1.21,0.0,0.0,0.0
JEC-J19,91.3,0.0,5.0,0.0,0.0,0.0,0.0,0.0,8.0,0.0,1.21,0.0,0.0,0.0
JEC-J19,92.4,0.0,5.0,0.0,0.0,0.0,0.0,0.0,8.0,0.0,1.21,0.0,0.0,0.0
JEC-J19,93.5,0.0,5.0,0.0,0.0,0.0,0.0,0.0,8.0,0.0,1.21,0.0,0.0,0.0
JEC-J19,94.6,0.0,5.0,0.0,0.0,0.0,0.0,0.0,8.0,0.0,1.21,0.0,0.0,0.0
JEC-J19,95.7,0.0,5.0,0.0,0.0,0.0,0.0,0.0,9.0,0.0,1.21,0.0,0.0,0.0
JEC-J19,96.8,0.0,5.0,0.0,0.0,0.0,0.0,0.0,9.0,0.0,1.21,0.0,0.0,0.0
JEC-J19,97.9,0.0,5.0,0.0,0.0,0.0,0.0,0.0,9.0,0.0,1.21,0.0,0.0,0.0
JEC-J19,99.0,0.0,5.0,0.0,0.0,0.0,0.0,0.0,9.0,0.0,1.21,0.0,0.0,0.0
JEC-J19,100.1,0.0,5.0,0.0,0.0,0.0,0.0,0.0,9.0,0.0,1.21,0.0,0.0,0.0
JEC-J19,101.2,0.0,5.0,0.0,0.0,0.0,0.0,0.0,9.0,0.0,1.21,0.0,0.0,0.0
JEC-J19,102.3,0.0,5.0,0.0,0.0,0.0,0.0,0.0,8.0,0.0,1.21,0.0,0.0,0.0
JEC-J19,103.4,0.0,5.0,0.0,0.0,0.0,1.0,0.0,8.0,0.0,1.21,0.0,0.0,0.0
JEC-J19,104.5,0.0,5.0,0.0,0.0,0.0,1.0,0.0,8.0,0.0,1.21,0.0,0.0,0.0
JEC-J19,105.6,0.0,5.0,0.0,0.0,0.0,1.0,0.0,9.0,0.0,1.21,0.0,0.0,0.0
JEC-J19,106.7,0.0,5.0,0.0,0.0,0.0,1.0,0.0,9.0,0.0,1.21,0.0,0.0,0.0
JEC-J19,107.8,0.0,5.0,0.0,0.0,0.0,1.0,0.0,9.0,0.0,1.21,0.0,0.0,0.0
JEC-J19,108.9,0.0,5.0,0.0,0.0,0.0,1.0,0.0,9.0,0.0,1.21,0.0,0.0,0.0
JEC-J19,110.0,1.0,5.0,0.0,0.0,0.0,1.0,0.0,9.0,0.0,1.21,0.0,0.0,0.0
JEC-J19,111.1,1.0,5.0,0.0,0.0,0.0,0.0,0.0,9.0,1.0,1.21,0.0,0.0,0.0
JEC-J19,112.2,1.0,5.0,0.0,0.0,0.0,0.0,0.0,9.0,1.0,1.21,0.0,0.0,0.0
JEC-J19,113.3,0.0,5.0,0.0,0.0,0.0,0.0,0.0,10.0,1.0,1.21,0.0,0.0,1.0
JEC-J19,114.4,0.0,5.0,0.0,0.0,0.0,0.0,0.0,10.0,1.0,1.21,0.0,0.0,1.0
JEC-J19,115.5,0.0,5.0,1.0,0.0,0.0,0.0,0.0,9.0,1.0,1.0,0.0,0.0,2.0
JEC-J19,116.6,0.0,5.0,1.0,0.0,0.0,0.0,0.0,9.0,1.0,1.0,0.0,0.0,2.0
JEC-J19,117.7,0.0,5.0,1.0,0.0,0.0,0.0,0.0,9.0,1.0,1.0,0.0,0.0,0.0
JEC-J19,118.8,0.0,5.0,0.0,0.0,0.0,0.0,0.0,9.0,1.0,1.0,0.0,0.0,0.0
JEC-J19,119.9,0.0,5.0,0.0,0.0,0.0,0.0,0.0,8.0,1.0,1.0,0.0,0.0,0.0
JEC-J19,121.0,0.0,5.0,0.0,0.0,0.0,0.0,0.0,8.0,1.0,1.07,0.0,0.0,0.0
JEC-J19,122.1,0.0,5.0,0.0,0.0,0.0,0.0,0.0,9.0,1.0,1.07,0.0,0.0,0.0
JEC-J19,123.2,0.0,5.0,0.0,0.0,0.0,0.0,0.0,9.0,1.0,1.07,0.0,0.0,0.0
JEC-J19,124.3,0.0,5.0,0.0,0.0,0.0,0.0,0.0,9.0,1.0,1.07,0.0,0.0,0.0
JEC-J19,125.4,0.0,5.0,0.0,0.0,0.0,0.0,0.0,10.0,0.0,1.07,0.0,0.0,0.0
JEC-J19,126.5,0.0,5.0,0.0,0.0,0.0,0.0,0.0,10.0,0.0,1.07,0.0,0.0,0.0
JEC-J19,127.6,0.0,5.0,0.0,0.0,0.0,0.0,0.0,10.0,0.0,1.07,0.0,0.0,0.0
JEC-J19,128.7,0.0,5.0,0.0,0.0,0.0,0.0,0.0,10.0,0.0,1.07,0.0,0.0,0.0
JEC-J19,129.8,0.0,5.0,0.0,0.0,0.0,0.0,0.0,10.0,0.0,1.07,0.0,0.0,0.0
JEC-J19,130.9,0.0,5.0,0.0,0.0,0.0,1.0,0.0,10.0,0.0,1.07,0.0,0.0,0.0
JEC-J19,132.0,0.0,5.0,0.0,0.0,0.0,1.0,0.0,10.0,0.0,1.07,0.0,0.0,0.0
JEC-J19,133.1,0.0,5.0,0.0,0.0,0.0,1.0,0.0,10.0,0.0,1.07,0.0,0.0,0.0
JEC-J19,134.2,0.0,5.0,0.0,0.0,0.0,1.0,0.0,10.0,0.0,1.07,0.0,0.0,0.0
JEC-J19,135.3,0.0,5.0,0.0,0.0,0.0,1.0,0.0,10.0,0.0,1.07,0.0,0.0,0.0
JEC-J19,136.4,0.0,5.0,0.0,0.0,0.0,1.0,0.0,10.0,0.0,1.07,0.0,0.0,0.0
JEC-J19,137.5,1.0,5.0,0.0,0.0,0.0,1.0,0.0,10.0,0.0,1.07,0.0,0.0,0.0
JEC-J19,138.6,1.0,5.0,0.0,0.0,0.0,0.0,0.0,9.0,1.0,1.07,0.0,0.0,0.0
JEC-J19,139.7,1.0,5.0,0.0,0.0,0.0,0.0,0.0,9.0,1.0,1.07,0.0,0.0,0.0
JEC-J19,140.8,0.0,5.0,0.0,0.0,0.0,0.0,0.0,10.0,1.0,1.07,0.0,0.0,1.0
JEC-J19,141.9,0.0,5.0,0.0,0.0,0.0,0.0,0.0,10.0,1.0,1.07,0.0,0.0,1.0
JEC-J19,143.0,0.0,5.0,1.0,0.0,0.0,0.0,0.0,10.0,1.0,1.07,0.0,0.0,2.0
JEC-J19,144.1,0.0,5.0,1.0,0.0,0.0,0.0,0.0,10.0,1.0,1.07,0.0,0.0,2.0
JEC-J19,145.2,0.0,5.0,1.0,0.0,0.0,0.0,0.0,10.0,1.0,1.07,0.0,0.0,0.0
JEC-J19,146.3,0.0,5.0,0.0,0.0,0.0,0.0,0.0,9.0,1.0,1.07,0.0,0.0,0.0
JEC-J19,147.4,0.0,5.0,0.0,0.0,0.0,0.0,0.0,9.0,1.0,1.07,0.0,0.0,0.0
JEC-J19,148.5,0.0,5.0,0.0,0.0,0.0,0.0,0.0,9.0,1.0,1.07,0.0,0.0,0.0
JEC-J19,149.6,0.0,5.0,0.0,0.0,0.0,0.0,0.0,10.0,1.0,1.07,0.0,0.0,0.0
JEC-J19,150.7,0.0,5.0,0.0,0.0,0.0,0.0,0.0,10.0,1.0,1.07,0.0,0.0,0.0
JEC-J19,151.8,0.0,5.0,0.0,0.0,0.0,0.0,0.0,10.0,1.0,1.07,0.0,0.0,0.0
JEC-J19,152.9,0.0,5.0,0.0,0.0,0.0,0.0,0.0,10.0,1.0,1.07,0.0,0.0,0.0
JEC-J19,154.0,0.0,5.0,0.0,0.0,0.0,0.0,0.0,10.0,1.0,1.07,0.0,0.0,0.0
JEC-J19,155.1,0.0,5.0,0.0,0.0,0.0,0.0,0.0,10.0,1.0,1.07,0.0,0.0,0.0
JEC-J19,156.2,0.0,5.0,0.0,0.0,0.0,0.0,0.0,10.0,1.0,1.07,0.0,0.0,0.0
JEC-J19,157.3,0.0,5.0,0.0,0.0,0.0,0.0,0.0,10.0,1.0,1.07,0.0,0.0,0.0
JEC-J19,158.4,0.0,5.0,0.0,0.0,0.0,0.0,0.0,10.0,1.0,1.07,0.0,0.0,0.0
JEC-J19,159.5,0.0,5.0,0.0,0.0,0.0,0.0,0.0,10.0,1.0,1.07,0.0,0.0,0.0
JEC-J19,160.6,0.0,5.0,0.0,0.0,0.0,0.0,0.0,10.0,1.0,1.07,0.0,0.0,0.0
JEC-J19,161.7,0.0,5.0,0.0,0.0,0.0,0.0,0.0,10.0,1.0,1.07,0.0,0.0,0.0
JEC-J19,162.8,0.0,5.0,0.0,0.0,0.0,0.0,0.0,10.0,1.0,1.07,0.0,0.0,0.0
JEC-J19,163.9,0.0,5.0,0.0,0.0,0.0,0.0,0.0,10.0,0.0,1.07,0.0,0.0,0.0
JEC-J19,165.0,0.0,5.0,0.0,0.0,0.0,0.0,0.0,10.0,0.0,1.07,0.0,0.0,0.0
JEC-J19,166.1,0.0,5.0,0.0,0.0,0.0,0.0,0.0,10.0,0.0,1.07,0.0,0.0,0.0
JEC-J19,167.2,0.0,5.0,0.0,0.0,0.0,0.0,0.0,10.0,0.0,1.07,0.0,0.0,0.0
JEC-J19,168.3,0.0,5.0,0.0,0.0,0.0,0.0,0.0,10.0,0.0,1.07,0.0,0.0,0.0
JEC-J19,169.4,0.0,5.0,0.0,0.0,0.0,0.0,0.0,10.0,0.0,1.07,0.0,0.0,0.0
JEC-J19,170.5,0.0,5.0,0.0,0.0,0.0,0.0,0.0,10.0,0.0,1.0,0.0,0.0,0.0
JEC-J19,171.6,0.0,5.0,0.0,0.0,0.0,0.0,0.0,10.0,0.0,1.0,0.0,0.0,0.0
JEC-J19,172.7,0.0,5.0,0.0,0.0,0.0,0.0,0.0,10.0,0.0,1.0,0.0,0.0,0.0
JEC-J19,173.8,0.0,5.0,0.0,0.0,0.0,0.0,0.0,10.0,0.0,1.0,0.0,0.0,0.0
JEC-J19,174.9,0.0,5.0,0.0,0.0,0.0,0.0,0.0,9.0,0.0,1.0,0.0,0.0,0.0
JEC-J19,176.0,0.0,5.0,0.0,0.0,0.0,0.0,0.0,9.0,0.0,1.0,0.0,0.0,0.0
JEC-J19,177.1,0.0,5.0,0.0,0.0,0.0,0.0,0.0,9.0,0.0,1.0,0.0,0.0,0.0
JEC-J19,178.2,0.0,5.0,0.0,0.0,0.0,0.0,0.0,9.0,0.0,1.0,0.0,0.0,0.0
JEC-J19,179.3,0.0,5.0,0.0,0.0,0.0,0.0,0.0,9.0,0.0,1.0,0.0,0.0,0.0
JEC-J19,180.4,0.0,5.0,0.0,0.0,0.0,0.0,0.0,9.0,0.0,1.0,0.0,0.0,0.0
JEC-J19,181.5,0.0,5.0,0.0,0.0,0.0,0.0,0.0,9.0,0.0,1.0,0.0,0.0,0.0
JEC-J19,182.6,0.0,5.0,0.0,0.0,0.0,0.0,0.0,8.0,0.0,1.0,0.0,0.0,0.0
JEC-J19,183.7,0.0,5.0,0.0,0.0,0.0,0.0,0.0,8.0,0.0,1.0,0.0,0.0,0.0
JEC-J19,184.8,0.0,5.0,0.0,0.0,0.0,1.0,0.0,8.0,0.0,1.0,0.0,0.0,0.0
JEC-J19,185.9,0.0,5.0,0.0,0.0,0.0,1.0,0.0,9.0,0.0,1.0,0.0,0.0,0.0
JEC-J19,187.0,0.0,5.0,0.0,0.0,0.0,1.0,0.0,9.0,0.0,1.0,0.0,0.0,0.0
JEC-J19,188.1,0.0,5.0,0.0,0.0,0.0,1.0,0.0,9.0,0.0,1.0,0.0,0.0,0.0
JEC-J19,189.2,0.0,5.0,0.0,0.0,0.0,1.0,0.0,9.0,0.0,1.0,0.0,0.0,0.0
JEC-J19,190.3,0.0,5.0,0.0,0.0,0.0,1.0,0.0,9.0,0.0,1.0,0.0,0.0,0.0
JEC-J19,191.4,0.0,5.0,0.0,0.0,0.0,1.0,0.0,9.0,0.0,1.0,0.0,0.0,0.0
JEC-J19,192.5,0.0,5.0,0.0,0.0,0.0,1.0,0.0,9.0,0.0,1.0,0.0,0.0,0.0
JEC-J19,193.6,1.0,5.0,0.0,0.0,0.0,0.0,0.0,9.0,1.0,1.0,0.0,0.0,0.0
JEC-J15,1.1,0.0,5.0,0.0,0.0,0.0,0.0,0.0,1.0,0.0,1.3,0.0,0.0,0.0
JEC-J15,2.2,0.0,5.0,0.0,0.0,0.0,0.0,0.0,2.0,0.0,1.3,0.0,0.0,0.0
JEC-J15,3.3,0.0,5.0,0.0,0.0,0.0,0.0,0.0,2.0,0.0,1.3,0.0,0.0,0.0
JEC-J15,4.4,0.0,5.0,0.0,0.0,0.0,0.0,0.0,2.0,0.0,1.3,0.0,0.0,0.0
JEC-J15,5.5,0.0,5.0,0.0,0.0,0.0,1.0,0.0,2.0,0.0,1.3,0.0,0.0,0.0
JEC-J15,6.6,0.0,5.0,0.0,0.0,0.0,1.0,0.0,2.0,0.0,1.3,0.0,0.0,0.0
JEC-J15,7.7,0.0,5.0,0.0,0.0,0.0,1.0,0.0,2.0,0.0,1.3,0.0,0.0,0.0
JEC-J15,8.8,0.0,5.0,0.0,0.0,0.0,1.0,0.0,2.0,0.0,1.3,0.0,0.0,0.0
JEC-J15,9.9,0.0,5.0,0.0,0.0,0.0,1.0,0.0,2.0,0.0,1.3,0.0,0.0,0.0
JEC-J15,11.0,0.0,5.0,0.0,0.0,0.0,1.0,0.0,2.0,0.0,1.3,0.0,0.0,0.0
JEC-J15,12.1,1.0,5.0,0.0,0.0,0.0,1.0,0.0,2.0,0.0,1.3,0.0,0.0,0.0
JEC-J15,13.2,1.0,5.0,0.0,0.0,0.0,0.0,0.0,2.0,1.0,1.3,0.0,0.0,0.0
JEC-J15,14.3,1.0,5.0,0.0,0.0,0.0,0.0,0.0,3.0,1.0,1.3,0.0,0.0,0.0
JEC-J15,15.4,0.0,5.0,0.0,0.0,0.0,0.0,0.0,3.0,1.0,1.3,0.0,0.0,1.0
JEC-J15,16.5,0.0,5.0,0.0,0.0,0.0,0.0,0.0,3.0,1.0,1.3,0.0,0.0,1.0
JEC-J15,17.6,0.0,5.0,1.0,0.0,0.0,0.0,0.0,3.0,1.0,1.3,0.0,0.0,2.0
JEC-J15,18.7,0.0,5.0,1.0,0.0,0.0,0.0,0.0,4.0,1.0,1.3,0.0,0.0,0.0
JEC-J15,19.8,0.0,5.0,1.0,0.0,0.0,0.0,0.0,4.0,1.0,1.3,0.0,0.0,0.0
JEC-J15,20.9,0.0,5.0,0.0,0.0,0.0,0.0,0.0,4.0,1.0,1.3,0.0,0.0,0.0
JEC-J15,22.0,0.0,5.0,0.0,0.0,0.0,0.0,0.0,4.0,1.0,1.3,0.0,0.0,0.0
JEC-J15,23.1,0.0,5.0,0.0,0.0,0.0,1.0,0.0,4.0,0.0,1.3,0.0,0.0,0.0
JEC-J15,24.2,0.0,5.0,0.0,0.0,0.0,1.0,0.0,5.0,0.0,1.3,0.0,0.0,0.0
JEC-J15,25.3,0.0,5.0,0.0,0.0,0.0,1.0,0.0,5.0,0.0,1.3,0.0,0.0,0.0
JEC-J15,26.4,0.0,5.0,0.0,0.0,0.0,1.0,0.0,6.0,0.0,1.3,0.0,0.0,0.0
JEC-J15,27.5,0.0,5.0,0.0,0.0,0.0,1.0,0.0,7.0,0.0,1.3,0.0,0.0,0.0
JEC-J15,28.6,1.0,5.0,0.0,0.0,0.0,1.0,0.0,7.0,0.0,1.3,0.0,0.0,0.0
JEC-J15,29.7,1.0,5.0,0.0,0.0,0.0,0.0,0.0,7.0,1.0,1.3,0.0,0.0,0.0
JEC-J15,30.8,1.0,5.0,0.0,0.0,0.0,1.0,0.0,7.0,1.0,1.3,0.0,0.0,0.0
JEC-J15,31.9,1.0,5.0,0.0,0.0,0.0,1.0,0.0,7.0,1.0,1.3,0.0,0.0,1.0
JEC-J15,33.0,1.0,5.0,0.0,0.0,0.0,2.0,0.0,6.0,1.0,1.3,0.0,0.0,1.0
JEC-J15,34.1,1.0,5.0,1.0,0.0,0.0,2.0,0.0,7.0,1.0,1.3,0.0,0.0,2.0
JEC-J15,35.2,2.0,5.0,1.0,0.0,0.0,2.0,0.0,7.0,1.0,1.3,0.0,0.0,2.0
JEC-J15,36.3,2.0,5.0,1.0,0.0,0.0,2.0,0.0,7.0,1.0,1.3,0.0,0.0,0.0
JEC-J15,37.4,1.0,5.0,1.0,0.0,0.0,3.0,0.0,7.0,1.0,1.3,0.0,0.0,0.0
JEC-J15,38.5,1.0,5.0,1.0,0.0,0.0,3.0,0.0,8.0,1.0,1.3,0.0,0.0,1.0
JEC-J15,39.6,1.0,5.0,1.0,0.0,0.0,1.0,0.0,8.0,3.0,1.3,0.0,0.0,1.0
JEC-J15,40.7,1.0,5.0,2.0,0.0,0.0,1.0,0.0,8.0,3.0,1.3,0.0,0.0,2.0
JEC-J15,41.8,0.0,5.0,2.0,0.0,0.0,1.0,1.0,8.0,3.0,1.3,0.0,0.0,2.0
JEC-J15,42.9,0.0,5.0,1.0,0.0,0.0,1.0,2.0,8.0,3.0,1.3,0.0,0.0,3.0
JEC-J15,44.0,0.0,5.0,1.0,0.0,0.0,1.0,3.0,7.0,3.0,1.3,0.0,0.0,4.0
JEC-J15,45.1,1.0,5.0,1.0,0.0,0.0,1.0,5.0,7.0,2.0,1.3,0.0,0.0,4.0
JEC-J15,46.2,1.0,5.0,1.0,0.0,0.0,1.0,5.0,7.0,2.0,1.3,0.0,0.0,1.0
JEC-J15,47.3,1.0,5.0,0.0,0.0,0.0,1.0,5.0,7.0,2.0,1.3,0.0,0.0,2.0
JEC-J15,48.4,1.0,5.0,0.0,0.0,0.0,2.0,3.0,7.0,2.0,1.3,0.0,0.0,3.0
JEC-J15,49.5,2.0,5.0,0.0,0.0,0.0,1.0,2.0,7.0,3.0,1.3,0.0,0.0,3.0
JEC-J15,50.6,2.0,5.0,1.0,0.0,0.0,1.0,1.0,7.0,3.0,1.0,0.0,0.0,3.0
JEC-J15,51.7,1.0,5.0,1.0,0.0,0.0,1.0,1.0,7.0,3.0,1.0,0.0,0.0,4.0
JEC-J15,52.8,1.0,5.0,1.0,0.0,0.0,1.0,1.0,7.0,3.0,1.0,0.0,0.0,2.0
JEC-J15,53.9,1.0,5.0,1.0,0.0,0.0,1.0,1.0,7.0,2.0,1.0,0.0,0.0,2.0
JEC-J15,55.0,0.0,5.0,2.0,0.0,0.0,1.0,1.0,7.0,2.0,1.0,0.0,0.0,3.0
JEC-J15,56.1,0.0,5.0,2.0,0.0,0.0,0.0,1.0,7.0,3.0,1.21,0.0,0.0,1.0
JEC-J15,57.2,0.0,5.0,1.0,0.0,0.0,0.0,0.0,7.0,3.0,1.21,0.0,0.0,1.0
JEC-J15,58.3,0.0,5.0,1.0,0.0,0.0,0.0,0.0,7.0,3.0,1.21,0.0,0.0,1.0
JEC-J15,59.4,1.0,5.0,1.0,0.0,0.0,0.0,0.0,7.0,2.0,1.21,0.0,0.0,2.0
JEC-J15,60.5,1.0,5.0,0.0,0.0,0.0,0.0,0.0,7.0,2.0,1.21,0.0,0.0,3.0
JEC-J15,61.6,1.0,5.0,0.0,0.0,0.0,0.0,0.0,7.0,2.0,1.21,0.0,0.0,4.0
JEC-J15,62.7,1.0,5.0,0.0,0.0,0.0,0.0,0.0,7.0,2.0,1.21,0.0,0.0,5.0
JEC-J15,63.8,1.0,5.0,0.0,0.0,0.0,0.0,0.0,7.0,2.0,1.21,0.0,0.0,5.0
JEC-J15,64.9,0.0,5.0,1.0,0.0,0.0,0.0,0.0,7.0,2.0,1.21,0.0,0.0,5.0
JEC-J15,66.0,0.0,5.0,1.0,0.0,0.0,1.0,0.0,7.0,2.0,1.21,0.0,0.0,0.0
JEC-J15,67.1,0.0,5.0,1.0,0.0,0.0,1.0,0.0,7.0,1.0,1.21,0.0,0.0,0.0
JEC-J15,68.2,0.0,5.0,1.0,0.0,0.0,1.0,0.0,7.0,1.0,1.21,0.0,0.0,0.0
JEC-J15,69.3,0.0,5.0,1.0,0.0,0.0,1.0,0.0,6.0,1.0,1.21,0.0,0.0,0.0
JEC-J15,70.4,1.0,5.0,0.0,0.0,0.0,1.0,0.0,6.0,1.0,1.21,0.0,0.0,0.0
JEC-J15,71.5,1.0,5.0,0.0,0.0,0.0,1.0,0.0,6.0,1.0,1.21,0.0,0.0,0.0
JEC-J15,72.6,1.0,5.0,0.0,0.0,0.0,1.0,0.0,6.0,1.0,1.21,0.0,0.0,0.0
JEC-J15,73.7,0.0,5.0,0.0,0.0,0.0,0.0,0.0,6.0,2.0,1.21,0.0,0.0,1.0
JEC-J15,74.8,0.0,5.0,0.0,0.0,0.0,0.0,0.0,6.0,2.0,1.21,0.0,0.0,1.0
JEC-J15,75.9,0.0,5.0,1.0,0.0,0.0,0.0,0.0,6.0,2.0,1.21,0.0,0.0,2.0
JEC-J15,77.0,0.0,5.0,1.0,0.0,0.0,0.0,0.0,6.0,1.0,1.21,0.0,0.0,2.0
JEC-J15,78.1,0.0,5.0,1.0,0.0,0.0,0.0,0.0,6.0,1.0,1.21,0.0,0.0,0.0
JEC-J15,79.2,0.0,5.0,0.0,0.0,0.0,0.0,0.0,6.0,1.0,1.21,0.0,0.0,0.0
JEC-J15,80.3,0.0,5.0,0.0,0.0,0.0,0.0,0.0,6.0,1.0,1.21,0.0,0.0,0.0
JEC-J15,81.4,0.0,5.0,0.0,0.0,0.0,0.0,0.0,6.0,1.0,1.21,0.0,0.0,0.0
JEC-J15,82.5,0.0,5.0,0.0,0.0,0.0,0.0,0.0,6.0,1.0,1.21,0.0,0.0,0.0
JEC-J15,83.6,0.0,5.0,0.0,0.0,0.0,0.0,0.0,5.0,1.0,1.21,0.0,0.0,0.0
JEC-J15,84.7,0.0,5.0,0.0,0.0,0.0,0.0,0.0,4.0,1.0,1.21,0.0,0.0,0.0
JEC-J15,85.8,0.0,5.0,0.0,0.0,0.0,0.0,0.0,3.0,0.0,1.21,0.0,0.0,0.0
JEC-J15,86.9,0.0,5.0,0.0,0.0,0.0,0.0,0.0,3.0,0.0,1.21,0.0,0.0,0.0
JEC-J15,88.0,0.0,5.0,0.0,0.0,0.0,0.0,0.0,3.0,0.0,1.21,0.0,0.0,0.0
JEC-J15,89.1,0.0,5.0,0.0,0.0,0.0,0.0,0.0,3.0,0.0,1.21,0.0,0.0,0.0
JEC-J15,90.2,0.0,5.0,0.0,0.0,0.0,0.0,0.0,3.0,0.0,1.21,0.0,0.0,0.0
JEC-J15,91.3,0.0,5.0,0.0,0.0,0.0,0.0,0.0,3.0,0.0,1.21,0.0,0.0,0.0
JEC-J15,92.4,0.0,5.0,0.0,0.0,0.0,0.0,0.0,3.0,0.0,1.21,0.0,0.0,0.0
JEC-J15,93.5,0.0,5.0,0.0,0.0,0.0,0.0,0.0,3.0,0.0,1.21,0.0,0.0,0.0
JEC-J15,94.6,0.0,5.0,0.0,0.0,0.0,0.0,0.0,3.0,0.0,1.21,0.0,0.0,0.0
JEC-J15,95.7,0.0,5.0,0.0,0.0,0.0,0.0,0.0,4.0,0.0,1.21,0.0,0.0,0.0
JEC-J15,96.8,0.0,5.0,0.0,0.0,0.0,0.0,0.0,4.0,0.0,1.21,0.0,0.0,0.0
JEC-J15,97.9,0.0,5.0,0.0,0.0,0.0,0.0,0.0,4.0,0.0,1.21,0.0,0.0,0.0
JEC-J15,99.0,0.0,5.0,0.0,0.0,0.0,0.0,0.0,4.0,0.0,1.21,0.0,0.0,0.0
JEC-J15,100.1,0.0,5.0,0.0,0.0,0.0,0.0,0.0,4.0,0.0,1.21,0.0,0.0,0.0
JEC-J15,101.2,0.0,5.0,0.0,0.0,0.0,0.0,0.0,3.0,0.0,1.21,0.0,0.0,0.0
JEC-J15,102.3,0.0,5.0,0.0,0.0,0.0,1.0,0.0,4.0,0.0,1.21,0.0,0.0,0.0
JEC-J15,103.4,0.0,5.0,0.0,0.0,0.0,1.0,0.0,4.0,0.0,1.21,0.0,0.0,0.0
JEC-J15,104.5,0.0,5.0,0.0,0.0,0.0,1.0,0.0,4.0,0.0,1.21,0.0,0.0,0.0
JEC-J15,105.6,0.0,5.0,0.0,0.0,0.0,1.0,0.0,4.0,0.0,1.21,0.0,0.0,0.0
JEC-J15,106.7,0.0,5.0,0.0,0.0,0.0,1.0,0.0,4.0,0.0,1.21,0.0,0.0,0.0
JEC-J15,107.8,0.0,5.0,0.0,0.0,0.0,1.0,0.0,4.0,0.0,1.21,0.0,0.0,0.0
JEC-J15,108.9,1.0,5.0,0.0,0.0,0.0,2.0,0.0,4.0,0.0,1.21,0.0,0.0,0.0
JEC-J15,110.0,1.0,5.0,0.0,0.0,0.0,2.0,0.0,4.0,0.0,1.21,0.0,0.0,0.0
JEC-J15,111.1,1.0,5.0,0.0,0.0,0.0,1.0,0.0,4.0,1.0,1.21,0.0,0.0,0.0
JEC-J15,112.2,1.0,5.0,0.0,0.0,0.0,1.0,0.0,4.0,1.0,1.21,0.0,0.0,1.0
JEC-J15,113.3,0.0,5.0,0.0,0.0,0.0,1.0,0.0,4.0,1.0,1.21,0.0,0.0,1.0
JEC-J15,114.4,0.0,5.0,1.0,0.0,0.0,1.0,0.0,4.0,1.0,1.21,0.0,0.0,2.0
JEC-J15,115.5,0.0,5.0,1.0,0.0,0.0,1.0,0.0,4.0,1.0,1.0,0.0,0.0,2.0
JEC-J15,116.6,0.0,5.0,1.0,0.0,0.0,1.0,0.0,4.0,1.0,1.0,0.0,0.0,0.0
JEC-J15,117.7,1.0,5.0,1.0,0.0,0.0,0.0,0.0,4.0,2.0,1.0,0.0,0.0,0.0
JEC-J15,118.8,1.0,5.0,0.0,0.0,0.0,0.0,0.0,4.0,2.0,1.0,0.0,0.0,0.0
JEC-J15,119.9,1.0,5.0,0.0,0.0,0.0,0.0,0.0,4.0,2.0,1.0,0.0,0.0,0.0
JEC-J15,121.0,1.0,5.0,0.0,0.0,0.0,0.0,0.0,4.0,1.0,1.07,0.0,0.0,1.0
JEC-J15,122.1,0.0,5.0,0.0,0.0,0.0,0.0,0.0,4.0,1.0,1.07,0.0,0.0,1.0
JEC-J15,123.2,0.0,5.0,1.0,0.0,0.0,0.0,0.0,3.0,1.0,1.07,0.0,0.0,2.0
JEC-J15,124.3,0.0,5.0,1.0,0.0,0.0,0.0,0.0,3.0,1.0,1.07,0.0,0.0,0.0
JEC-J15,125.4,0.0,5.0,1.0,0.0,0.0,0.0,0.0,3.0,1.0,1.07,0.0,0.0,0.0
JEC-J15,126.5,0.0,5.0,1.0,0.0,0.0,0.0,0.0,3.0,1.0,1.07,0.0,0.0,0.0
JEC-J15,127.6,0.0,5.0,0.0,0.0,0.0,0.0,0.0,3.0,1.0,1.07,0.0,0.0,0.0
JEC-J15,128.7,0.0,5.0,0.0,0.0,0.0,0.0,0.0,3.0,1.0,1.07,0.0,0.0,0.0
JEC-J15,129.8,0.0,5.0,0.0,0.0,0.0,0.0,0.0,3.0,0.0,1.07,0.0,0.0,0.0
JEC-J15,130.9,0.0,5.0,0.0,0.0,0.0,0.0,0.0,4.0,0.0,1.07,0.0,0.0,0.0
JEC-J15,132.0,0.0,5.0,0.0,0.0,0.0,0.0,0.0,4.0,0.0,1.07,0.0,0.0,0.0
JEC-J15,133.1,0.0,5.0,0.0,0.0,0.0,0.0,0.0,4.0,0.0,1.07,0.0,0.0,0.0
JEC-J15,134.2,0.0,5.0,0.0,0.0,0.0,0.0,0.0,4.0,0.0,1.07,0.0,0.0,0.0
JEC-J15,135.3,0.0,5.0,0.0,0.0,0.0,0.0,0.0,4.0,0.0,1.07,0.0,0.0,0.0
JEC-J15,136.4,0.0,5.0,0.0,0.0,0.0,1.0,0.0,4.0,0.0,1.07,0.0,0.0,0.0
JEC-J15,137.5,0.0,5.0,0.0,0.0,0.0,1.0,0.0,4.0,0.0,1.07,0.0,0.0,0.0
JEC-J15,138.6,0.0,5.0,0.0,0.0,0.0,1.0,0.0,4.0,0.0,1.07,0.0,0.0,0.0
JEC-J15,139.7,0.0,5.0,0.0,0.0,0.0,1.0,0.0,4.0,0.0,1.07,0.0,0.0,0.0
JEC-J15,140.8,0.0,5.0,0.0,0.0,0.0,1.0,0.0,4.0,0.0,1.07,0.0,0.0,0.0
JEC-J15,141.9,0.0,5.0,0.0,0.0,0.0,1.0,0.0,4.0,0.0,1.07,0.0,0.0,0.0
JEC-J15,143.0,0.0,5.0,0.0,0.0,0.0,1.0,0.0,4.0,0.0,1.07,0.0,0.0,0.0
JEC-J15,144.1,0.0,5.0,0.0,0.0,0.0,1.0,0.0,4.0,0.0,1.07,0.0,0.0,0.0
JEC-J15,145.2,0.0,5.0,0.0,0.0,0.0,1.0,0.0,4.0,1.0,1.07,0.0,0.0,0.0
JEC-J15,146.3,0.0,5.0,0.0,0.0,0.0,1.0,0.0,4.0,1.0,1.07,0.0,0.0,0.0
JEC-J15,147.4,0.0,5.0,0.0,0.0,0.0,1.0,0.0,4.0,1.0,1.07,0.0,0.0,0.0
JEC-J15,148.5,0.0,5.0,0.0,0.0,0.0,1.0,0.0,4.0,1.0,1.07,0.0,0.0,0.0
JEC-J15,149.6,2.0,5.0,0.0,0.0,0.0,1.0,0.0,4.0,1.0,1.07,0.0,0.0,0.0
JEC-J15,150.7,2.0,5.0,0.0,0.0,0.0,1.0,0.0,4.0,1.0,1.07,0.0,0.0,0.0
JEC-J15,151.8,2.0,5.0,0.0,0.0,0.0,1.0,0.0,4.0,1.0,1.07,0.0,0.0,1.0
JEC-J15,152.9,2.0,5.0,0.0,0.0,0.0,1.0,1.0,4.0,1.0,1.07,0.0,0.0,1.0
JEC-J15,154.0,2.0,5.0,0.0,0.0,0.0,0.0,2.0,4.0,2.0,1.07,0.0,0.0,2.0
JEC-J15,155.1,1.0,5.0,2.0,0.0,0.0,0.0,3.0,4.0,2.0,1.07,0.0,0.0,2.0
JEC-J15,156.2,1.0,5.0,2.0,0.0,0.0,0.0,3.0,4.0,2.0,1.07,0.0,0.0,2.0
JEC-J15,157.3,1.0,5.0,2.0,0.0,0.0,0.0,4.0,4.0,2.0,1.07,0.0,0.0,1.0
JEC-J15,158.4,1.0,5.0,2.0,0.0,0.0,0.0,4.0,4.0,2.0,1.07,0.0,0.0,2.0
JEC-J15,159.5,0.0,5.0,2.0,0.0,0.0,0.0,3.0,4.0,2.0,1.07,0.0,0.0,2.0
JEC-J15,160.6,0.0,5.0,1.0,0.0,0.0,0.0,2.0,4.0,2.0,1.07,0.0,0.0,3.0
JEC-J15,161.7,0.0,5.0,1.0,0.0,0.0,0.0,1.0,4.0,2.0,1.07,0.0,0.0,4.0
JEC-J15,162.8,0.0,5.0,1.0,0.0,0.0,0.0,0.0,4.0,2.0,1.07,0.0,0.0,1.0
JEC-J15,163.9,0.0,5.0,1.0,0.0,0.0,0.0,0.0,4.0,2.0,1.07,0.0,0.0,1.0
JEC-J15,165.0,0.0,5.0,0.0,0.0,0.0,0.0,0.0,4.0,2.0,1.07,0.0,0.0,1.0
JEC-J15,166.1,0.0,5.0,0.0,0.0,0.0,0.0,0.0,4.0,1.0,1.07,0.0,0.0,1.0
JEC-J15,167.2,0.0,5.0,0.0,0.0,0.0,0.0,0.0,4.0,0.0,1.07,0.0,0.0,1.0
JEC-J15,168.3,0.0,5.0,0.0,0.0,0.0,0.0,0.0,4.0,0.0,1.07,0.0,0.0,0.0
JEC-J15,169.4,0.0,5.0,0.0,0.0,0.0,0.0,0.0,4.0,0.0,1.07,0.0,0.0,0.0
JEC-J15,170.5,0.0,5.0,0.0,0.0,0.0,0.0,0.0,4.0,0.0,1.0,0.0,0.0,0.0
JEC-J15,171.6,0.0,5.0,0.0,0.0,0.0,0.0,0.0,4.0,0.0,1.0,0.0,0.0,0.0
JEC-J15,172.7,0.0,5.0,0.0,0.0,0.0,0.0,0.0,4.0,0.0,1.0,0.0,0.0,0.0
JEC-J15,173.8,0.0,5.0,0.0,0.0,0.0,0.0,0.0,4.0,0.0,1.0,0.0,0.0,0.0
JEC-J15,174.9,0.0,5.0,0.0,0.0,0.0,0.0,0.0,4.0,0.0,1.0,0.0,0.0,0.0
JEC-J15,176.0,0.0,5.0,0.0,0.0,0.0,0.0,0.0,4.0,0.0,1.0,0.0,0.0,0.0
JEC-J15,177.1,0.0,5.0,0.0,0.0,0.0,0.0,0.0,4.0,0.0,1.0,0.0,0.0,0.0
JEC-J15,178.2,0.0,5.0,0.0,0.0,0.0,0.0,0.0,3.0,0.0,1.0,0.0,0.0,0.0
JEC-J15,179.3,0.0,5.0,0.0,0.0,0.0,0.0,0.0,3.0,0.0,1.0,0.0,0.0,0.0
JEC-J15,180.4,0.0,5.0,0.0,0.0,0.0,0.0,0.0,3.0,0.0,1.0,0.0,0.0,0.0
JEC-J15,181.5,0.0,5.0,0.0,0.0,0.0,0.0,0.0,3.0,0.0,1.0,0.0,0.0,0.0
JEC-J15,182.6,0.0,5.0,0.0,0.0,0.0,1.0,0.0,3.0,0.0,1.0,0.0,0.0,0.0
JEC-J15,183.7,0.0,5.0,0.0,0.0,0.0,1.0,0.0,3.0,0.0,1.0,0.0,0.0,0.0
JEC-J15,184.8,0.0,5.0,0.0,0.0,0.0,1.0,0.0,3.0,0.0,1.0,0.0,0.0,0.0
JEC-J15,185.9,0.0,5.0,0.0,0.0,0.0,1.0,0.0,3.0,0.0,1.0,0.0,0.0,0.0
JEC-J15,187.0,1.0,5.0,0.0,0.0,0.0,1.0,0.0,3.0,0.0,1.0,0.0,0.0,0.0
JEC-J15,188.1,1.0,5.0,0.0,0.0,0.0,1.0,0.0,3.0,0.0,1.0,0.0,0.0,0.0
JEC-J15,189.2,0.0,5.0,0.0,0.0,0.0,1.0,0.0,4.0,0.0,1.0,0.0,0.0,0.0
JEC-J15,190.3,0.0,5.0,0.0,0.0,0.0,0.0,0.0,4.0,1.0,1.0,0.0,0.0,1.0
JEC-J15,191.4,0.0,5.0,0.0,0.0,0.0,0.0,0.0,4.0,1.0,1.0,0.0,0.0,2.0
JEC-J15,192.5,0.0,5.0,1.0,0.0,0.0,0.0,0.0,4.0,1.0,1.0,0.0,0.0,2.0
JEC-J15,193.6,0.0,5.0,1.0,0.0,0.0,0.0,0.0,4.0,1.0,1.0,0.0,0.0,0.0
JEC-J22,1.1,0.0,5.0,0.0,0.0,0.0,0.0,0.0,4.0,0.0,1.3,0.0,0.0,0.0
JEC-J22,2.2,0.0,5.0,0.0,0.0,0.0,0.0,0.0,4.0,0.0,1.3,0.0,0.0,0.0
JEC-J22,3.3,0.0,5.0,0.0,0.0,0.0,0.0,0.0,4.0,0.0,1.3,0.0,0.0,0.0
JEC-J22,4.4,0.0,5.0,0.0,0.0,0.0,0.0,0.0,4.0,0.0,1.3,0.0,0.0,0.0
JEC-J22,5.5,0.0,5.0,0.0,0.0,0.0,0.0,0.0,4.0,0.0,1.3,0.0,0.0,0.0
JEC-J22,6.6,0.0,5.0,0.0,0.0,0.0,0.0,0.0,4.0,0.0,1.3,0.0,0.0,0.0
JEC-J22,7.7,0.0,5.0,0.0,0.0,0.0,0.0,0.0,4.0,0.0,1.3,0.0,0.0,0.0
JEC-J22,8.8,0.0,5.0,0.0,0.0,0.0,0.0,0.0,4.0,0.0,1.3,0.0,0.0,0.0
JEC-J22,9.9,0.0,5.0,0.0,0.0,0.0,0.0,0.0,4.0,0.0,1.3,0.0,0.0,0.0
JEC-J22,11.0,0.0,5.0,0.0,0.0,0.0,0.0,0.0,4.0,0.0,1.3,0.0,0.0,0.0
JEC-J22,12.1,0.0,5.0,0.0,0.0,0.0,0.0,0.0,4.0,0.0,1.3,0.0,0.0,0.0
JEC-J22,13.2,0.0,5.0,0.0,0.0,0.0,0.0,0.0,4.0,0.0,1.3,0.0,0.0,0.0
JEC-J22,14.3,0.0,5.0,0.0,0.0,0.0,0.0,0.0,4.0,0.0,1.3,0.0,0.0,0.0
JEC-J22,15.4,0.0,5.0,0.0,0.0,0.0,0.0,0.0,4.0,0.0,1.3,0.0,0.0,0.0
JEC-J22,16.5,0.0,5.0,0.0,0.0,0.0,0.0,0.0,4.0,0.0,1.3,0.0,0.0,0.0
JEC-J22,17.6,0.0,5.0,0.0,0.0,0.0,0.0,0.0,3.0,0.0,1.3,0.0,0.0,0.0
JEC-J22,18.7,0.0,5.0,0.0,0.0,0.0,0.0,0.0,3.0,0.0,1.3,0.0,0.0,0.0
JEC-J22,19.8,0.0,5.0,0.0,0.0,0.0,0.0,0.0,3.0,0.0,1.3,0.0,0.0,0.0
JEC-J22,20.9,0.0,5.0,0.0,0.0,0.0,0.0,0.0,3.0,0.0,1.3,0.0,0.0,0.0
JEC-J22,22.0,0.0,5.0,0.0,0.0,0.0,0.0,0.0,3.0,0.0,1.3,0.0,0.0,0.0
JEC-J22,23.1,0.0,5.0,0.0,0.0,0.0,0.0,0.0,3.0,0.0,1.3,0.0,0.0,0.0
JEC-J22,24.2,0.0,5.0,0.0,0.0,0.0,0.0,0.0,3.0,0.0,1.3,0.0,0.0,0.0
JEC-J22,25.3,0.0,5.0,0.0,0.0,0.0,0.0,0.0,3.0,0.0,1.3,0.0,0.0,0.0
JEC-J22,26.4,0.0,5.0,0.0,0.0,0.0,0.0,0.0,3.0,0.0,1.3,0.0,0.0,0.0
JEC-J22,27.5,0.0,5.0,0.0,0.0,0.0,0.0,0.0,3.0,0.0,1.3,0.0,0.0,0.0
JEC-J22,28.6,0.0,5.0,0.0,0.0,0.0,0.0,0.0,3.0,0.0,1.3,0.0,0.0,0.0
JEC-J22,29.7,0.0,5.0,0.0,0.0,0.0,0.0,0.0,3.0,0.0,1.3,0.0,0.0,0.0
JEC-J22,30.8,0.0,5.0,0.0,0.0,0.0,0.0,0.0,3.0,0.0,1.3,0.0,0.0,0.0
JEC-J22,31.9,0.0,5.0,0.0,0.0,0.0,0.0,0.0,3.0,0.0,1.3,0.0,0.0,0.0
JEC-J22,33.0,0.0,5.0,0.0,0.0,0.0,0.0,0.0,3.0,0.0,1.3,0.0,0.0,0.0
JEC-J22,34.1,0.0,5.0,0.0,0.0,0.0,0.0,0.0,2.0,0.0,1.3,0.0,0.0,0.0
JEC-J22,35.2,0.0,5.0,0.0,0.0,0.0,0.0,0.0,2.0,0.0,1.3,0.0,0.0,0.0
JEC-J22,36.3,0.0,5.0,0.0,0.0,0.0,0.0,0.0,2.0,0.0,1.3,0.0,0.0,0.0
JEC-J22,37.4,0.0,5.0,0.0,0.0,0.0,0.0,0.0,2.0,0.0,1.3,0.0,0.0,0.0
JEC-J22,38.5,0.0,5.0,0.0,0.0,0.0,0.0,0.0,2.0,0.0,1.3,0.0,0.0,0.0
JEC-J22,39.6,0.0,5.0,0.0,0.0,0.0,0.0,0.0,2.0,0.0,1.3,0.0,0.0,0.0
JEC-J22,40.7,0.0,5.0,0.0,0.0,0.0,0.0,0.0,2.0,0.0,1.3,0.0,0.0,0.0
JEC-J22,41.8,0.0,5.0,0.0,0.0,0.0,0.0,0.0,2.0,0.0,1.3,0.0,0.0,0.0
JEC-J22,42.9,0.0,5.0,0.0,0.0,0.0,0.0,0.0,1.0,0.0,1.3,0.0,0.0,0.0
JEC-J22,44.0,0.0,5.0,0.0,0.0,0.0,0.0,0.0,1.0,0.0,1.3,0.0,0.0,0.0
JEC-J22,45.1,0.0,5.0,0.0,0.0,0.0,0.0,0.0,1.0,0.0,1.3,0.0,0.0,0.0
JEC-J22,46.2,0.0,5.0,0.0,0.0,0.0,0.0,0.0,1.0,0.0,1.3,0.0,0.0,0.0
JEC-J22,47.3,0.0,5.0,0.0,0.0,0.0,0.0,0.0,1.0,0.0,1.3,0.0,0.0,0.0
JEC-J22,48.4,0.0,5.0,0.0,0.0,0.0,0.0,0.0,1.0,0.0,1.3,0.0,0.0,0.0
JEC-J22,49.5,0.0,5.0,0.0,0.0,0.0,0.0,0.0,1.0,0.0,1.3,0.0,0.0,0.0
JEC-J22,50.6,0.0,5.0,0.0,0.0,0.0,0.0,0.0,2.0,0.0,1.0,0.0,0.0,0.0
JEC-J22,51.7,0.0,5.0,0.0,0.0,0.0,0.0,0.0,2.0,0.0,1.0,0.0,0.0,0.0
JEC-J22,52.8,0.0,5.0,0.0,0.0,0.0,0.0,0.0,2.0,0.0,1.0,0.0,0.0,0.0
JEC-J22,53.9,0.0,5.0,0.0,0.0,0.0,0.0,0.0,2.0,0.0,1.0,0.0,0.0,0.0
JEC-J22,55.0,0.0,5.0,0.0,0.0,0.0,0.0,0.0,2.0,0.0,1.0,0.0,0.0,0.0
JEC-J22,56.1,0.0,5.0,0.0,0.0,0.0,0.0,0.0,2.0,0.0,1.21,0.0,0.0,0.0
JEC-J22,57.2,0.0,5.0,0.0,0.0,0.0,1.0,0.0,2.0,0.0,1.21,0.0,0.0,0.0
JEC-J22,58.3,0.0,5.0,0.0,0.0,0.0,1.0,0.0,2.0,0.0,1.21,0.0,0.0,0.0
JEC-J22,59.4,0.0,5.0,0.0,0.0,0.0,1.0,0.0,2.0,0.0,1.21,0.0,0.0,0.0
JEC-J22,60.5,0.0,5.0,0.0,0.0,0.0,1.0,0.0,1.0,0.0,1.21,0.0,0.0,0.0
JEC-J22,61.6,0.0,5.0,0.0,0.0,0.0,1.0,0.0,1.0,0.0,1.21,0.0,0.0,0.0
JEC-J22,62.7,0.0,5.0,0.0,0.0,0.0,1.0,0.0,1.0,0.0,1.21,0.0,0.0,0.0
JEC-J22,63.8,1.0,5.0,0.0,0.0,0.0,1.0,0.0,2.0,0.0,1.21,0.0,0.0,0.0
JEC-J22,64.9,1.0,5.0,0.0,0.0,0.0,0.0,0.0,2.0,1.0,1.21,0.0,0.0,0.0
JEC-J22,66.0,1.0,5.0,0.0,0.0,0.0,0.0,0.0,2.0,1.0,1.21,0.0,0.0,0.0
JEC-J22,67.1,0.0,5.0,0.0,0.0,0.0,0.0,0.0,2.0,1.0,1.21,0.0,0.0,1.0
JEC-J22,68.2,0.0,5.0,0.0,0.0,0.0,0.0,0.0,2.0,1.0,1.21,0.0,0.0,1.0
JEC-J22,69.3,0.0,5.0,1.0,0.0,0.0,0.0,0.0,2.0,1.0,1.21,0.0,0.0,2.0
JEC-J22,70.4,0.0,5.0,1.0,0.0,0.0,1.0,0.0,2.0,1.0,1.21,0.0,0.0,0.0
JEC-J22,71.5,0.0,5.0,1.0,0.0,0.0,1.0,0.0,2.0,1.0,1.21,0.0,0.0,0.0
JEC-J22,72.6,0.0,5.0,0.0,0.0,0.0,1.0,0.0,2.0,1.0,1.21,0.0,0.0,0.0
JEC-J22,73.7,0.0,5.0,0.0,0.0,0.0,1.0,0.0,2.0,1.0,1.21,0.0,0.0,0.0
JEC-J22,74.8,0.0,5.0,0.0,0.0,0.0,1.0,0.0,2.0,1.0,1.21,0.0,0.0,0.0
JEC-J22,75.9,0.0,5.0,0.0,0.0,0.0,1.0,0.0,2.0,1.0,1.21,0.0,0.0,0.0
JEC-J22,77.0,1.0,5.0,0.0,0.0,0.0,1.0,0.0,2.0,1.0,1.21,0.0,0.0,0.0
JEC-J22,78.1,1.0,5.0,0.0,0.0,0.0,0.0,0.0,2.0,2.0,1.21,0.0,0.0,1.0
JEC-J22,79.2,1.0,5.0,0.0,0.0,0.0,0.0,0.0,2.0,2.0,1.21,0.0,0.0,1.0
JEC-J22,80.3,0.0,5.0,0.0,0.0,0.0,0.0,0.0,2.0,2.0,1.21,0.0,0.0,1.0
JEC-J22,81.4,0.0,5.0,0.0,0.0,0.0,0.0,1.0,2.0,2.0,1.21,0.0,0.0,1.0
JEC-J22,82.5,0.0,5.0,1.0,0.0,0.0,0.0,3.0,3.0,2.0,1.21,0.0,0.0,2.0
JEC-J22,83.6,1.0,5.0,1.0,0.0,0.0,0.0,4.0,3.0,2.0,1.21,0.0,0.0,2.0
JEC-J22,84.7,1.0,5.0,1.0,0.0,0.0,0.0,4.0,3.0,2.0,1.21,0.0,0.0,1.0
JEC-J22,85.8,1.0,5.0,0.0,0.0,0.0,0.0,4.0,3.0,2.0,1.21,0.0,0.0,2.0
JEC-J22,86.9,0.0,5.0,0.0,0.0,0.0,0.0,3.0,3.0,2.0,1.21,0.0,0.0,3.0
JEC-J22,88.0,0.0,5.0,0.0,0.0,0.0,0.0,2.0,3.0,2.0,1.21,0.0,0.0,4.0
JEC-J22,89.1,0.0,5.0,1.0,0.0,0.0,1.0,1.0,3.0,2.0,1.21,0.0,0.0,5.0
JEC-J22,90.2,0.0,5.0,1.0,0.0,0.0,1.0,0.0,3.0,2.0,1.21,0.0,0.0,5.0
JEC-J22,91.3,1.0,5.0,1.0,0.0,0.0,1.0,0.0,3.0,2.0,1.21,0.0,0.0,1.0
JEC-J22,92.4,1.0,5.0,0.0,0.0,0.0,1.0,0.0,3.0,2.0,1.21,0.0,0.0,1.0
JEC-J22,93.5,1.0,5.0,0.0,0.0,0.0,1.0,0.0,3.0,2.0,1.21,0.0,0.0,1.0
JEC-J22,94.6,0.0,5.0,0.0,0.0,0.0,1.0,0.0,3.0,2.0,1.21,0.0,0.0,2.0
JEC-J22,95.7,0.0,5.0,0.0,0.0,0.0,1.0,0.0,3.0,2.0,1.21,0.0,0.0,2.0
JEC-J22,96.8,0.0,5.0,1.0,0.0,0.0,0.0,0.0,3.0,3.0,1.21,0.0,0.0,2.0
JEC-J22,97.9,0.0,5.0,1.0,0.0,0.0,0.0,0.0,3.0,3.0,1.21,0.0,0.0,0.0
JEC-J22,99.0,0.0,5.0,1.0,0.0,0.0,0.0,0.0,3.0,2.0,1.21,0.0,0.0,0.0
JEC-J22,100.1,0.0,5.0,0.0,0.0,0.0,0.0,0.0,3.0,2.0,1.21,0.0,0.0,0.0
JEC-J22,101.2,0.0,5.0,0.0,0.0,0.0,0.0,0.0,3.0,2.0,1.21,0.0,0.0,0.0
JEC-J22,102.3,0.0,5.0,0.0,0.0,0.0,0.0,0.0,3.0,2.0,1.21,0.0,0.0,0.0
JEC-J22,103.4,0.0,5.0,0.0,0.0,0.0,0.0,0.0,3.0,2.0,1.21,0.0,0.0,0.0
JEC-J22,104.5,0.0,5.0,0.0,0.0,0.0,0.0,0.0,3.0,2.0,1.21,0.0,0.0,0.0
JEC-J22,105.6,0.0,5.0,0.0,0.0,0.0,0.0,0.0,3.0,1.0,1.21,0.0,0.0,0.0
JEC-J22,106.7,1.0,5.0,0.0,0.0,0.0,0.0,0.0,3.0,1.0,1.21,0.0,0.0,0.0
JEC-J22,107.8,1.0,5.0,0.0,0.0,0.0,0.0,0.0,3.0,1.0,1.21,0.0,0.0,0.0
JEC-J22,108.9,1.0,5.0,0.0,0.0,0.0,0.0,0.0,3.0,1.0,1.21,0.0,0.0,0.0
JEC-J22,110.0,0.0,5.0,0.0,0.0,0.0,0.0,0.0,3.0,1.0,1.21,0.0,0.0,1.0
JEC-J22,111.1,0.0,5.0,0.0,0.0,0.0,0.0,0.0,3.0,1.0,1.21,0.0,0.0,1.0
JEC-J22,112.2,0.0,5.0,1.0,0.0,0.0,0.0,0.0,3.0,1.0,1.21,0.0,0.0,2.0
JEC-J22,113.3,0.0,5.0,1.0,0.0,0.0,0.0,0.0,3.0,1.0,1.21,0.0,0.0,0.0
JEC-J22,114.4,0.0,5.0,1.0,0.0,0.0,0.0,0.0,3.0,1.0,1.21,0.0,0.0,0.0
JEC-J22,115.5,0.0,5.0,0.0,0.0,0.0,0.0,0.0,2.0,1.0,1.0,0.0,0.0,0.0
JEC-J22,116.6,0.0,5.0,0.0,0.0,0.0,0.0,0.0,2.0,1.0,1.0,0.0,0.0,0.0
JEC-J22,117.7,0.0,5.0,0.0,0.0,0.0,0.0,0.0,2.0,1.0,1.0,0.0,0.0,0.0
JEC-J22,118.8,0.0,5.0,0.0,0.0,0.0,0.0,0.0,1.0,1.0,1.0,0.0,0.0,0.0
JEC-J22,119.9,0.0,5.0,0.0,0.0,0.0,0.0,0.0,1.0,1.0,1.0,0.0,0.0,0.0
JEC-J22,121.0,1.0,5.0,0.0,0.0,0.0,0.0,0.0,1.0,1.0,1.07,0.0,0.0,1.0
JEC-J22,122.1,1.0,5.0,0.0,0.0,0.0,0.0,0.0,1.0,1.0,1.07,0.0,0.0,1.0
JEC-J22,123.2,0.0,5.0,0.0,0.0,0.0,0.0,0.0,1.0,1.0,1.07,0.0,0.0,1.0
JEC-J22,124.3,0.0,5.0,0.0,0.0,0.0,0.0,0.0,1.0,1.0,1.07,0.0,0.0,2.0
JEC-J22,125.4,0.0,5.0,0.0,0.0,0.0,0.0,0.0,1.0,1.0,1.07,0.0,0.0,2.0
JEC-J22,126.5,0.0,5.0,1.0,0.0,0.0,0.0,0.0,1.0,1.0,1.07,0.0,0.0,3.0
JEC-J22,127.6,0.0,5.0,1.0,0.0,0.0,0.0,0.0,1.0,1.0,1.07,0.0,0.0,0.0
JEC-J22,128.7,0.0,5.0,0.0,0.0,0.0,0.0,0.0,1.0,1.0,1.07,0.0,0.0,0.0
JEC-J22,129.8,0.0,5.0,0.0,0.0,0.0,0.0,0.0,1.0,1.0,1.07,0.0,0.0,0.0
JEC-J22,130.9,0.0,5.0,0.0,0.0,0.0,0.0,0.0,1.0,1.0,1.07,0.0,0.0,0.0
JEC-J22,132.0,0.0,5.0,0.0,0.0,0.0,0.0,0.0,1.0,1.0,1.07,0.0,0.0,0.0
JEC-J22,133.1,0.0,5.0,0.0,0.0,0.0,0.0,0.0,1.0,0.0,1.07,0.0,0.0,0.0
JEC-J22,134.2,0.0,5.0,0.0,0.0,0.0,0.0,0.0,1.0,0.0,1.07,0.0,0.0,0.0
JEC-J22,135.3,0.0,5.0,0.0,0.0,0.0,0.0,0.0,1.0,0.0,1.07,0.0,0.0,0.0
JEC-J22,136.4,0.0,5.0,0.0,0.0,0.0,0.0,0.0,1.0,0.0,1.07,0.0,0.0,0.0
JEC-J22,137.5,0.0,5.0,0.0,0.0,0.0,0.0,0.0,1.0,0.0,1.07,0.0,0.0,0.0
JEC-J22,138.6,0.0,5.0,0.0,0.0,0.0,0.0,0.0,1.0,0.0,1.07,0.0,0.0,0.0
JEC-J22,139.7,0.0,5.0,0.0,0.0,0.0,0.0,0.0,1.0,0.0,1.07,0.0,0.0,0.0
JEC-J22,140.8,0.0,5.0,0.0,0.0,0.0,0.0,0.0,1.0,0.0,1.07,0.0,0.0,0.0
JEC-J22,141.9,0.0,5.0,0.0,0.0,0.0,0.0,0.0,1.0,0.0,1.07,0.0,0.0,0.0
JEC-J22,143.0,0.0,5.0,0.0,0.0,0.0,0.0,0.0,1.0,0.0,1.07,0.0,0.0,0.0
JEC-J22,144.1,0.0,5.0,0.0,0.0,0.0,0.0,0.0,1.0,0.0,1.07,0.0,0.0,0.0
JEC-J22,145.2,0.0,5.0,0.0,0.0,0.0,0.0,0.0,1.0,0.0,1.07,0.0,0.0,0.0
JEC-J22,146.3,0.0,5.0,0.0,0.0,0.0,0.0,0.0,0.0,0.0,1.07,0.0,0.0,0.0
JEC-J22,147.4,0.0,5.0,0.0,0.0,0.0,0.0,0.0,0.0,0.0,1.07,0.0,0.0,0.0
JEC-J22,148.5,0.0,5.0,0.0,0.0,0.0,0.0,0.0,0.0,0.0,1.07,0.0,0.0,0.0
JEC-J22,149.6,0.0,5.0,0.0,0.0,0.0,0.0,0.0,0.0,0.0,1.07,0.0,0.0,0.0
JEC-J22,150.7,0.0,5.0,0.0,0.0,0.0,0.0,0.0,0.0,0.0,1.07,0.0,0.0,0.0
JEC-J22,151.8,0.0,5.0,0.0,0.0,0.0,0.0,0.0,0.0,0.0,1.07,0.0,0.0,0.0
JEC-J22,152.9,0.0,5.0,0.0,0.0,0.0,0.0,0.0,0.0,0.0,1.07,0.0,0.0,0.0
JEC-J22,154.0,0.0,5.0,0.0,0.0,0.0,0.0,0.0,0.0,0.0,1.07,0.0,0.0,0.0
JEC-J22,155.1,0.0,5.0,0.0,0.0,0.0,0.0,0.0,0.0,0.0,1.07,0.0,0.0,0.0
JEC-J22,156.2,0.0,5.0,0.0,0.0,0.0,0.0,0.0,0.0,0.0,1.07,0.0,0.0,0.0
JEC-J22,157.3,0.0,5.0,0.0,0.0,0.0,0.0,0.0,0.0,0.0,1.07,0.0,0.0,0.0
JEC-J22,158.4,0.0,5.0,0.0,0.0,0.0,0.0,0.0,0.0,0.0,1.07,0.0,0.0,0.0
JEC-J22,159.5,0.0,5.0,0.0,0.0,0.0,0.0,0.0,0.0,0.0,1.07,0.0,0.0,0.0
JEC-J22,160.6,0.0,5.0,0.0,0.0,0.0,0.0,0.0,0.0,0.0,1.07,0.0,0.0,0.0
JEC-J22,161.7,0.0,5.0,0.0,0.0,0.0,0.0,0.0,0.0,0.0,1.07,0.0,0.0,0.0
JEC-J22,162.8,0.0,5.0,0.0,0.0,0.0,0.0,0.0,0.0,0.0,1.07,0.0,0.0,0.0
JEC-J22,163.9,0.0,5.0,0.0,0.0,0.0,0.0,0.0,0.0,0.0,1.07,0.0,0.0,0.0
JEC-J22,165.0,0.0,5.0,0.0,0.0,0.0,0.0,0.0,0.0,0.0,1.07,0.0,0.0,0.0
JEC-J22,166.1,0.0,5.0,0.0,0.0,0.0,0.0,0.0,1.0,0.0,1.07,0.0,0.0,0.0
JEC-J22,167.2,0.0,5.0,0.0,0.0,0.0,0.0,0.0,1.0,0.0,1.07,0.0,0.0,0.0
JEC-J22,168.3,0.0,5.0,0.0,0.0,0.0,0.0,0.0,1.0,0.0,1.07,0.0,0.0,0.0
JEC-J22,169.4,0.0,5.0,0.0,0.0,0.0,0.0,0.0,1.0,0.0,1.07,0.0,0.0,0.0
JEC-J22,170.5,0.0,5.0,0.0,0.0,0.0,0.0,0.0,1.0,0.0,1.0,0.0,0.0,0.0
JEC-J22,171.6,0.0,5.0,0.0,0.0,0.0,0.0,0.0,1.0,0.0,1.0,0.0,0.0,0.0
JEC-J22,172.7,0.0,5.0,0.0,0.0,0.0,0.0,0.0,1.0,0.0,1.0,0.0,0.0,0.0
JEC-J22,173.8,0.0,5.0,0.0,0.0,0.0,0.0,0.0,1.0,0.0,1.0,0.0,0.0,0.0
JEC-J22,174.9,0.0,5.0,0.0,0.0,0.0,0.0,0.0,1.0,0.0,1.0,0.0,0.0,0.0
JEC-J22,176.0,0.0,5.0,0.0,0.0,0.0,0.0,0.0,1.0,0.0,1.0,0.0,0.0,0.0
JEC-J22,177.1,0.0,5.0,0.0,0.0,0.0,0.0,0.0,1.0,0.0,1.0,0.0,0.0,0.0
JEC-J22,178.2,0.0,5.0,0.0,0.0,0.0,0.0,0.0,1.0,0.0,1.0,0.0,0.0,0.0
JEC-J22,179.3,0.0,5.0,0.0,0.0,0.0,0.0,0.0,1.0,0.0,1.0,0.0,0.0,0.0
JEC-J22,180.4,0.0,5.0,0.0,0.0,0.0,0.0,0.0,1.0,0.0,1.0,0.0,0.0,0.0
JEC-J22,181.5,0.0,5.0,0.0,0.0,0.0,0.0,0.0,1.0,0.0,1.0,0.0,0.0,0.0
JEC-J22,182.6,0.0,5.0,0.0,0.0,0.0,0.0,0.0,1.0,0.0,1.0,0.0,0.0,0.0
JEC-J22,183.7,0.0,5.0,0.0,0.0,0.0,0.0,0.0,1.0,0.0,1.0,0.0,0.0,0.0
JEC-J22,184.8,0.0,5.0,0.0,0.0,0.0,0.0,0.0,1.0,0.0,1.0,0.0,0.0,0.0
JEC-J22,185.9,0.0,5.0,0.0,0.0,0.0,0.0,0.0,1.0,0.0,1.0,0.0,0.0,0.0
JEC-J22,187.0,0.0,5.0,0.0,0.0,0.0,0.0,0.0,1.0,0.0,1.0,0.0,0.0,0.0
JEC-J22,188.1,0.0,5.0,0.0,0.0,0.0,0.0,0.0,1.0,0.0,1.0,0.0,0.0,0.0
JEC-J22,189.2,0.0,5.0,0.0,0.0,0.0,0.0,0.0,1.0,0.0,1.0,0.0,0.0,0.0
JEC-J22,190.3,0.0,5.0,0.0,0.0,0.0,0.0,0.0,1.0,0.0,1.0,0.0,0.0,0.0
JEC-J22,191.4,0.0,5.0,0.0,0.0,0.0,0.0,0.0,1.0,0.0,1.0,0.0,0.0,0.0
JEC-J22,192.5,0.0,5.0,0.0,0.0,0.0,0.0,0.0,1.0,0.0,1.0,0.0,0.0,0.0
JEC-J22,193.6,0.0,5.0,0.0,0.0,0.0,0.0,0.0,1.0,0.0,1.0,0.0,0.0,0.0
JEC-J03,1.1,0.0,5.0,0.0,0.0,0.0,0.0,0.0,3.0,0.0,1.13,0.0,0.0,0.0
JEC-J03,2.2,0.0,5.0,0.0,0.0,0.0,0.0,0.0,3.0,0.0,1.13,0.0,0.0,0.0
JEC-J03,3.3,0.0,5.0,0.0,0.0,0.0,0.0,0.0,3.0,0.0,1.13,0.0,0.0,0.0
JEC-J03,4.4,0.0,5.0,0.0,0.0,0.0,0.0,0.0,3.0,0.0,1.13,0.0,0.0,0.0
JEC-J03,5.5,0.0,5.0,0.0,0.0,0.0,0.0,0.0,3.0,0.0,1.13,0.0,0.0,0.0
JEC-J03,6.6,0.0,5.0,0.0,0.0,0.0,0.0,0.0,3.0,0.0,1.13,0.0,0.0,0.0
JEC-J03,7.7,0.0,5.0,0.0,0.0,0.0,0.0,0.0,3.0,0.0,1.13,0.0,0.0,0.0
JEC-J03,8.8,0.0,5.0,0.0,0.0,0.0,0.0,0.0,3.0,0.0,1.13,0.0,0.0,0.0
JEC-J03,9.9,0.0,5.0,0.0,0.0,0.0,0.0,0.0,3.0,0.0,1.13,0.0,0.0,0.0
JEC-J03,11.0,0.0,5.0,0.0,0.0,0.0,0.0,0.0,3.0,0.0,1.13,0.0,0.0,0.0
JEC-J03,12.1,0.0,5.0,0.0,0.0,0.0,0.0,0.0,3.0,0.0,1.13,0.0,0.0,0.0
JEC-J03,13.2,0.0,5.0,0.0,0.0,0.0,0.0,0.0,3.0,0.0,1.13,0.0,0.0,0.0
JEC-J03,14.3,0.0,5.0,0.0,0.0,0.0,0.0,0.0,3.0,0.0,1.13,0.0,0.0,0.0
JEC-J03,15.4,0.0,5.0,0.0,0.0,0.0,0.0,0.0,3.0,0.0,1.13,0.0,0.0,0.0
JEC-J03,16.5,0.0,5.0,0.0,0.0,0.0,0.0,0.0,3.0,0.0,1.13,0.0,0.0,0.0
JEC-J03,17.6,0.0,5.0,0.0,0.0,0.0,0.0,0.0,3.0,0.0,1.13,0.0,0.0,0.0
JEC-J03,18.7,0.0,5.0,0.0,0.0,0.0,0.0,0.0,3.0,0.0,1.13,0.0,0.0,0.0
JEC-J03,19.8,0.0,5.0,0.0,0.0,0.0,0.0,0.0,3.0,0.0,1.13,0.0,0.0,0.0
JEC-J03,20.9,0.0,5.0,0.0,0.0,0.0,0.0,0.0,3.0,0.0,1.13,0.0,0.0,0.0
JEC-J03,22.0,0.0,5.0,0.0,0.0,0.0,0.0,0.0,3.0,0.0,1.13,0.0,0.0,0.0
JEC-J03,23.1,0.0,5.0,0.0,0.0,0.0,0.0,0.0,3.0,0.0,1.13,0.0,0.0,0.0
JEC-J03,24.2,0.0,5.0,0.0,0.0,0.0,0.0,0.0,3.0,0.0,1.13,0.0,0.0,0.0
JEC-J03,25.3,0.0,5.0,0.0,0.0,0.0,0.0,0.0,3.0,0.0,1.13,0.0,0.0,0.0
JEC-J03,26.4,0.0,5.0,0.0,0.0,0.0,0.0,0.0,3.0,0.0,1.13,0.0,0.0,0.0
JEC-J03,27.5,0.0,5.0,0.0,0.0,0.0,0.0,0.0,3.0,0.0,1.13,0.0,0.0,0.0
JEC-J03,28.6,0.0,5.0,0.0,0.0,0.0,1.0,0.0,3.0,0.0,1.13,0.0,0.0,0.0
JEC-J03,29.7,0.0,5.0,0.0,0.0,0.0,1.0,0.0,3.0,0.0,1.13,0.0,0.0,0.0
JEC-J03,30.8,0.0,5.0,0.0,0.0,0.0,1.0,0.0,3.0,0.0,1.13,0.0,0.0,0.0
JEC-J03,31.9,0.0,5.0,0.0,0.0,0.0,1.0,0.0,3.0,0.0,1.13,0.0,0.0,0.0
JEC-J03,33.0,0.0,5.0,0.0,0.0,0.0,1.0,0.0,3.0,0.0,1.13,0.0,0.0,0.0
JEC-J03,34.1,0.0,5.0,0.0,0.0,0.0,1.0,0.0,2.0,0.0,1.13,0.0,0.0,0.0
JEC-J03,35.2,1.0,5.0,0.0,0.0,0.0,1.0,0.0,2.0,0.0,1.13,0.0,0.0,0.0
JEC-J03,36.3,1.0,5.0,0.0,0.0,0.0,1.0,0.0,3.0,0.0,1.13,0.0,0.0,0.0
JEC-J03,37.4,1.0,5.0,0.0,0.0,0.0,1.0,0.0,3.0,0.0,1.13,0.0,0.0,0.0
JEC-J03,38.5,0.0,5.0,0.0,0.0,0.0,0.0,0.0,3.0,1.0,1.13,0.0,0.0,1.0
JEC-J03,39.6,0.0,5.0,0.0,0.0,0.0,0.0,0.0,5.0,1.0,1.13,0.0,0.0,1.0
JEC-J03,40.7,0.0,5.0,1.0,0.0,0.0,1.0,0.0,5.0,1.0,1.03,0.0,0.0,2.0
JEC-J03,41.8,0.0,5.0,1.0,0.0,0.0,1.0,0.0,5.0,1.0,1.03,0.0,0.0,0.0
JEC-J03,42.9,0.0,5.0,1.0,0.0,0.0,1.0,0.0,5.0,1.0,1.03,0.0,0.0,0.0
JEC-J03,44.0,0.0,5.0,0.0,0.0,0.0,1.0,0.0,5.0,1.0,1.03,0.0,0.0,0.0
JEC-J03,45.1,0.0,5.0,0.0,0.0,0.0,1.0,0.0,5.0,1.0,1.03,0.0,0.0,0.0
JEC-J03,46.2,0.0,5.0,0.0,0.0,0.0,1.0,0.0,5.0,0.0,1.03,0.0,0.0,0.0
JEC-J03,47.3,1.0,5.0,0.0,0.0,0.0,1.0,0.0,5.0,0.0,1.03,0.0,0.0,0.0
JEC-J03,48.4,1.0,5.0,0.0,0.0,0.0,1.0,0.0,5.0,0.0,1.03,0.0,0.0,0.0
JEC-J03,49.5,1.0,5.0,0.0,0.0,0.0,1.0,0.0,5.0,0.0,1.03,0.0,0.0,0.0
JEC-J03,50.6,0.0,5.0,0.0,0.0,0.0,0.0,0.0,5.0,1.0,1.03,0.0,0.0,1.0
JEC-J03,51.7,0.0,5.0,0.0,0.0,0.0,0.0,0.0,5.0,1.0,1.03,0.0,0.0,1.0
JEC-J03,52.8,0.0,5.0,1.0,0.0,0.0,0.0,0.0,5.0,1.0,1.03,0.0,0.0,2.0
JEC-J03,53.9,0.0,5.0,1.0,0.0,0.0,0.0,0.0,5.0,1.0,1.03,0.0,0.0,0.0
JEC-J03,55.0,0.0,5.0,1.0,0.0,0.0,0.0,0.0,5.0,1.0,1.03,0.0,0.0,1.0
JEC-J03,56.1,0.0,5.0,0.0,0.0,0.0,0.0,0.0,5.0,1.0,1.13,0.0,0.0,2.0
JEC-J03,57.2,0.0,5.0,0.0,0.0,0.0,0.0,0.0,5.0,1.0,1.13,0.0,0.0,4.0
JEC-J03,58.3,0.0,5.0,0.0,0.0,0.0,0.0,0.0,5.0,0.0,1.13,0.0,0.0,5.0
JEC-J03,59.4,0.0,5.0,0.0,0.0,0.0,0.0,0.0,5.0,0.0,1.13,0.0,0.0,5.0
JEC-J03,60.5,0.0,5.0,0.0,0.0,0.0,0.0,0.0,5.0,0.0,1.13,0.0,0.0,5.0
JEC-J03,61.6,0.0,5.0,0.0,0.0,0.0,0.0,0.0,5.0,0.0,1.13,0.0,0.0,5.0
JEC-J03,62.7,0.0,5.0,0.0,0.0,0.0,0.0,0.0,5.0,0.0,1.13,0.0,0.0,5.0
JEC-J03,63.8,0.0,5.0,0.0,0.0,0.0,0.0,0.0,4.0,0.0,1.13,0.0,0.0,5.0
JEC-J03,64.9,0.0,5.0,0.0,0.0,0.0,0.0,0.0,4.0,0.0,1.13,0.0,0.0,5.0
JEC-J03,66.0,0.0,5.0,0.0,0.0,0.0,0.0,0.0,4.0,0.0,1.13,0.0,0.0,5.0
JEC-J03,67.1,0.0,5.0,0.0,0.0,0.0,0.0,0.0,4.0,0.0,1.13,0.0,0.0,5.0
JEC-J03,68.2,0.0,5.0,0.0,0.0,0.0,0.0,0.0,4.0,0.0,1.13,0.0,0.0,5.0
JEC-J03,69.3,0.0,5.0,0.0,0.0,0.0,0.0,0.0,4.0,0.0,1.13,0.0,0.0,5.0
JEC-J03,70.4,0.0,5.0,0.0,0.0,0.0,0.0,0.0,3.0,0.0,1.13,0.0,0.0,5.0
JEC-J03,71.5,0.0,5.0,0.0,0.0,0.0,0.0,0.0,3.0,0.0,1.13,0.0,0.0,5.0
JEC-J03,72.6,0.0,5.0,0.0,0.0,0.0,0.0,0.0,3.0,0.0,1.13,0.0,0.0,6.0
JEC-J03,73.7,0.0,5.0,0.0,0.0,0.0,1.0,0.0,3.0,0.0,1.13,0.0,0.0,6.0
JEC-J03,74.8,0.0,5.0,0.0,0.0,0.0,1.0,0.0,4.0,0.0,1.13,0.0,0.0,6.0
JEC-J03,75.9,0.0,5.0,0.0,0.0,0.0,1.0,0.0,4.0,0.0,1.13,0.0,0.0,6.0
JEC-J03,77.0,0.0,5.0,0.0,0.0,0.0,1.0,0.0,4.0,0.0,1.13,0.0,0.0,5.0
JEC-J03,78.1,0.0,5.0,0.0,0.0,0.0,1.0,0.0,4.0,0.0,1.13,0.0,0.0,4.0
JEC-J03,79.2,0.0,5.0,0.0,0.0,0.0,1.0,0.0,5.0,0.0,1.13,0.0,0.0,2.0
JEC-J03,80.3,1.0,5.0,0.0,0.0,0.0,1.0,0.0,5.0,0.0,1.13,0.0,0.0,1.0
JEC-J03,81.4,1.0,5.0,0.0,0.0,0.0,1.0,0.0,5.0,0.0,1.13,0.0,0.0,1.0
JEC-J03,82.5,1.0,5.0,0.0,0.0,0.0,1.0,0.0,5.0,0.0,1.13,0.0,0.0,1.0
JEC-J03,83.6,0.0,5.0,0.0,0.0,0.0,0.0,0.0,5.0,1.0,1.13,0.0,0.0,2.0
JEC-J03,84.7,0.0,5.0,0.0,0.0,0.0,0.0,0.0,6.0,1.0,1.13,0.0,0.0,2.0
JEC-J03,85.8,0.0,5.0,1.0,0.0,0.0,0.0,0.0,5.0,1.0,1.13,0.0,0.0,3.0
JEC-J03,86.9,0.0,5.0,1.0,0.0,0.0,0.0,0.0,5.0,1.0,1.13,0.0,0.0,3.0
JEC-J03,88.0,0.0,5.0,1.0,0.0,0.0,0.0,0.0,4.0,1.0,1.13,0.0,0.0,1.0
JEC-J03,89.1,0.0,5.0,0.0,0.0,0.0,0.0,0.0,4.0,1.0,1.13,0.0,0.0,1.0
JEC-J03,90.2,0.0,5.0,0.0,0.0,0.0,0.0,0.0,4.0,1.0,1.13,0.0,0.0,1.0
JEC-J03,91.3,0.0,5.0,0.0,0.0,0.0,0.0,0.0,4.0,0.0,1.13,0.0,0.0,1.0
JEC-J03,92.4,0.0,5.0,0.0,0.0,0.0,0.0,0.0,5.0,0.0,1.13,0.0,0.0,1.0
JEC-J03,93.5,0.0,5.0,0.0,0.0,0.0,0.0,0.0,5.0,0.0,1.13,0.0,0.0,1.0
JEC-J03,94.6,0.0,5.0,0.0,0.0,0.0,0.0,0.0,5.0,0.0,1.13,0.0,0.0,0.0
JEC-J03,95.7,0.0,5.0,0.0,0.0,0.0,0.0,0.0,5.0,0.0,1.0,0.0,0.0,0.0
JEC-J03,96.8,0.0,5.0,0.0,0.0,0.0,0.0,0.0,6.0,0.0,1.0,0.0,0.0,0.0
JEC-J03,97.9,0.0,5.0,0.0,0.0,0.0,0.0,0.0,6.0,0.0,1.0,0.0,0.0,0.0
JEC-J03,99.0,0.0,5.0,0.0,0.0,0.0,1.0,0.0,6.0,0.0,1.0,0.0,0.0,0.0
JEC-J03,100.1,1.0,5.0,0.0,0.0,0.0,1.0,0.0,6.0,0.0,1.06,0.0,0.0,0.0
JEC-J03,101.2,1.0,5.0,0.0,0.0,0.0,1.0,0.0,6.0,0.0,1.06,0.0,0.0,0.0
JEC-J03,102.3,1.0,5.0,0.0,0.0,0.0,1.0,0.0,5.0,0.0,1.06,0.0,0.0,0.0
JEC-J03,103.4,1.0,5.0,0.0,0.0,0.0,1.0,0.0,5.0,0.0,1.06,0.0,0.0,0.0
JEC-J03,104.5,0.0,5.0,0.0,0.0,0.0,0.0,0.0,5.0,1.0,1.06,0.0,0.0,3.0
JEC-J03,105.6,0.0,5.0,1.0,0.0,0.0,0.0,0.0,5.0,1.0,1.06,0.0,0.0,5.0
JEC-J03,106.7,0.0,5.0,1.0,0.0,0.0,0.0,0.0,5.0,1.0,1.06,0.0,0.0,6.0
JEC-J03,107.8,0.0,5.0,1.0,0.0,0.0,0.0,0.0,5.0,1.0,1.06,0.0,0.0,5.0
JEC-J03,108.9,0.0,5.0,1.0,0.0,0.0,0.0,0.0,5.0,1.0,1.06,0.0,0.0,5.0
JEC-J03,110.0,0.0,5.0,0.0,0.0,0.0,0.0,0.0,5.0,1.0,1.06,0.0,0.0,5.0
JEC-J03,111.1,0.0,5.0,0.0,0.0,0.0,0.0,0.0,5.0,1.0,1.06,0.0,0.0,5.0
JEC-J03,112.2,0.0,5.0,0.0,0.0,0.0,0.0,0.0,5.0,1.0,1.06,0.0,0.0,5.0
JEC-J03,113.3,0.0,5.0,0.0,0.0,0.0,0.0,0.0,5.0,0.0,1.06,0.0,0.0,5.0
JEC-J03,114.4,0.0,5.0,0.0,0.0,0.0,0.0,0.0,4.0,0.0,1.06,0.0,0.0,5.0
JEC-J03,115.5,0.0,5.0,0.0,0.0,0.0,0.0,0.0,4.0,0.0,1.06,0.0,0.0,5.0
JEC-J03,116.6,1.0,5.0,0.0,0.0,0.0,0.0,0.0,4.0,1.0,1.06,0.0,0.0,7.0
JEC-J03,117.7,1.0,5.0,0.0,0.0,0.0,0.0,0.0,4.0,1.0,1.06,0.0,0.0,7.0
JEC-J03,118.8,1.0,5.0,0.0,0.0,0.0,0.0,0.0,5.0,1.0,1.06,0.0,0.0,7.0
JEC-J03,119.9,0.0,5.0,0.0,0.0,0.0,0.0,0.0,5.0,1.0,1.06,0.0,0.0,7.0
JEC-J03,121.0,0.0,5.0,0.0,0.0,0.0,0.0,0.0,5.0,1.0,1.06,0.0,0.0,7.0
JEC-J03,122.1,0.0,5.0,1.0,0.0,0.0,0.0,0.0,5.0,1.0,1.06,0.0,0.0,8.0
JEC-J03,123.2,0.0,5.0,1.0,0.0,0.0,0.0,0.0,5.0,1.0,1.06,0.0,0.0,6.0
JEC-J03,124.3,0.0,5.0,1.0,0.0,0.0,0.0,0.0,5.0,1.0,1.06,0.0,0.0,6.0
JEC-J03,125.4,0.0,5.0,0.0,0.0,0.0,0.0,0.0,5.0,1.0,1.06,0.0,0.0,6.0
JEC-J03,126.5,0.0,5.0,0.0,0.0,0.0,0.0,0.0,5.0,1.0,1.06,0.0,0.0,4.0
JEC-J03,127.6,0.0,5.0,0.0,0.0,0.0,0.0,0.0,5.0,0.0,1.06,0.0,0.0,3.0
JEC-J03,128.7,0.0,5.0,0.0,0.0,0.0,1.0,0.0,5.0,0.0,1.06,0.0,0.0,2.0
JEC-J03,129.8,0.0,5.0,0.0,0.0,0.0,1.0,0.0,5.0,0.0,1.06,0.0,0.0,1.0
JEC-J03,130.9,0.0,5.0,0.0,0.0,0.0,1.0,0.0,5.0,0.0,1.06,0.0,0.0,1.0
JEC-J03,132.0,0.0,5.0,0.0,0.0,0.0,1.0,0.0,5.0,0.0,1.06,0.0,0.0,1.0
JEC-J03,133.1,0.0,5.0,0.0,0.0,0.0,1.0,0.0,5.0,0.0,1.06,0.0,0.0,1.0
JEC-J03,134.2,0.0,5.0,0.0,0.0,0.0,1.0,0.0,5.0,0.0,1.06,0.0,0.0,1.0
JEC-J03,135.3,0.0,5.0,0.0,0.0,0.0,1.0,0.0,5.0,0.0,1.06,0.0,0.0,1.0
JEC-J03,136.4,0.0,5.0,0.0,0.0,0.0,1.0,0.0,5.0,0.0,1.06,0.0,0.0,1.0
JEC-J03,137.5,0.0,5.0,0.0,0.0,0.0,1.0,0.0,5.0,0.0,1.06,0.0,0.0,1.0
JEC-J03,138.6,0.0,5.0,0.0,0.0,0.0,1.0,0.0,5.0,0.0,1.06,0.0,0.0,0.0
JEC-J03,139.7,1.0,5.0,0.0,0.0,0.0,1.0,0.0,5.0,0.0,1.06,0.0,0.0,0.0
JEC-J03,140.8,1.0,5.0,0.0,0.0,0.0,1.0,0.0,5.0,0.0,1.06,0.0,0.0,0.0
JEC-J03,141.9,1.0,5.0,0.0,0.0,0.0,1.0,0.0,5.0,0.0,1.06,0.0,0.0,0.0
JEC-J03,143.0,1.0,5.0,0.0,0.0,0.0,1.0,0.0,5.0,0.0,1.06,0.0,0.0,1.0
JEC-J03,144.1,0.0,5.0,0.0,0.0,0.0,0.0,0.0,5.0,1.0,1.06,0.0,0.0,1.0
JEC-J03,145.2,0.0,5.0,1.0,0.0,0.0,0.0,0.0,5.0,1.0,1.06,0.0,0.0,2.0
JEC-J03,146.3,0.0,5.0,1.0,0.0,0.0,0.0,0.0,5.0,1.0,1.06,0.0,0.0,2.0
JEC-J03,147.4,0.0,5.0,1.0,0.0,0.0,0.0,0.0,5.0,1.0,1.06,0.0,0.0,0.0
JEC-J03,148.5,0.0,5.0,1.0,0.0,0.0,0.0,0.0,5.0,1.0,1.06,0.0,0.0,0.0
JEC-J03,149.6,0.0,5.0,0.0,0.0,0.0,0.0,0.0,6.0,1.0,1.06,0.0,0.0,0.0
JEC-J03,150.7,0.0,5.0,0.0,0.0,0.0,0.0,0.0,6.0,0.0,1.06,0.0,0.0,0.0
JEC-J03,151.8,0.0,5.0,0.0,0.0,0.0,0.0,0.0,6.0,0.0,1.06,0.0,0.0,0.0
JEC-J03,152.9,0.0,5.0,0.0,0.0,0.0,0.0,0.0,6.0,0.0,1.06,0.0,0.0,0.0
JEC-J03,154.0,0.0,5.0,0.0,0.0,0.0,0.0,0.0,6.0,0.0,1.06,0.0,0.0,0.0
JEC-J03,155.1,0.0,5.0,0.0,0.0,0.0,0.0,0.0,6.0,0.0,1.06,0.0,0.0,0.0
JEC-J03,156.2,0.0,5.0,0.0,0.0,0.0,0.0,0.0,6.0,0.0,1.06,0.0,0.0,0.0
JEC-J03,157.3,0.0,5.0,0.0,0.0,0.0,0.0,0.0,6.0,0.0,1.06,0.0,0.0,0.0
JEC-J03,158.4,0.0,5.0,0.0,0.0,0.0,0.0,0.0,6.0,0.0,1.06,0.0,0.0,0.0
JEC-J03,159.5,0.0,5.0,0.0,0.0,0.0,0.0,0.0,6.0,0.0,1.06,0.0,0.0,0.0
JEC-J03,160.6,0.0,5.0,0.0,0.0,0.0,1.0,0.0,6.0,0.0,1.0,0.0,0.0,0.0
JEC-J03,161.7,0.0,5.0,0.0,0.0,0.0,1.0,0.0,6.0,0.0,1.0,0.0,0.0,0.0
JEC-J03,162.8,0.0,5.0,0.0,0.0,0.0,1.0,0.0,6.0,0.0,1.0,0.0,0.0,0.0
JEC-J03,163.9,1.0,5.0,0.0,0.0,0.0,1.0,0.0,6.0,0.0,1.0,0.0,0.0,0.0
JEC-J03,165.0,1.0,5.0,0.0,0.0,0.0,1.0,0.0,6.0,0.0,1.0,0.0,0.0,2.0
JEC-J03,166.1,1.0,5.0,0.0,0.0,0.0,1.0,0.0,6.0,0.0,1.0,0.0,0.0,3.0
JEC-J03,167.2,0.0,5.0,0.0,0.0,0.0,0.0,0.0,6.0,1.0,1.0,0.0,0.0,5.0
JEC-J03,168.3,0.0,5.0,0.0,0.0,0.0,0.0,0.0,6.0,1.0,1.0,0.0,0.0,6.0
JEC-J03,169.4,0.0,5.0,1.0,0.0,0.0,0.0,0.0,6.0,1.0,1.0,0.0,0.0,7.0
JEC-J03,170.5,0.0,5.0,1.0,0.0,0.0,0.0,0.0,6.0,1.0,1.0,0.0,0.0,5.0
JEC-J03,171.6,0.0,5.0,1.0,0.0,0.0,0.0,0.0,6.0,1.0,1.0,0.0,0.0,5.0
JEC-J03,172.7,0.0,5.0,0.0,0.0,0.0,0.0,0.0,6.0,1.0,1.0,0.0,0.0,5.0
JEC-J03,173.8,0.0,5.0,0.0,0.0,0.0,0.0,0.0,6.0,1.0,1.0,0.0,0.0,5.0
JEC-J03,174.9,0.0,5.0,0.0,0.0,0.0,0.0,0.0,6.0,0.0,1.0,0.0,0.0,5.0
JEC-J03,176.0,0.0,5.0,0.0,0.0,0.0,0.0,0.0,6.0,0.0,1.0,0.0,0.0,5.0
JEC-J03,177.1,0.0,5.0,0.0,0.0,0.0,0.0,0.0,6.0,0.0,1.0,0.0,0.0,5.0
JEC-J03,178.2,0.0,5.0,0.0,0.0,0.0,0.0,0.0,6.0,0.0,1.0,0.0,0.0,5.0
JEC-J03,179.3,0.0,5.0,0.0,0.0,0.0,0.0,0.0,6.0,0.0,1.0,0.0,0.0,6.0
JEC-J03,180.4,0.0,5.0,0.0,0.0,0.0,0.0,0.0,6.0,0.0,1.0,0.0,0.0,6.0
JEC-J03,181.5,0.0,5.0,0.0,0.0,0.0,0.0,0.0,6.0,0.0,1.0,0.0,0.0,6.0
JEC-J03,182.6,0.0,5.0,0.0,0.0,0.0,0.0,0.0,6.0,0.0,1.0,0.0,0.0,6.0
JEC-J03,183.7,0.0,5.0,0.0,0.0,0.0,0.0,0.0,6.0,0.0,1.0,0.0,0.0,6.0
JEC-J03,184.8,0.0,5.0,0.0,0.0,0.0,0.0,0.0,6.0,0.0,1.0,0.0,0.0,6.0
JEC-J03,185.9,0.0,5.0,0.0,0.0,0.0,0.0,0.0,6.0,0.0,1.0,0.0,0.0,6.0
JEC-J03,187.0,0.0,5.0,0.0,0.0,0.0,0.0,0.0,6.0,0.0,1.0,0.0,0.0,4.0
JEC-J03,188.1,0.0,5.0,0.0,0.0,0.0,0.0,0.0,6.0,0.0,1.0,0.0,0.0,3.0
JEC-J03,189.2,0.0,5.0,0.0,0.0,0.0,0.0,0.0,6.0,0.0,1.0,0.0,0.0,2.0
JEC-J03,190.3,0.0,5.0,0.0,0.0,0.0,0.0,0.0,6.0,0.0,1.0,0.0,0.0,1.0
JEC-J03,191.4,0.0,5.0,0.0,0.0,0.0,0.0,0.0,6.0,0.0,1.0,0.0,0.0,1.0
JEC-J03,192.5,0.0,5.0,0.0,0.0,0.0,0.0,0.0,5.0,0.0,1.0,0.0,0.0,1.0
JEC-J03,193.6,0.0,5.0,0.0,0.0,0.0,0.0,0.0,5.0,0.0,1.0,0.0,0.0,1.0
JEC-J05,1.1,0.0,5.0,0.0,0.0,0.0,0.0,0.0,4.0,0.0,1.13,0.0,0.0,0.0
JEC-J05,2.2,0.0,5.0,0.0,0.0,0.0,0.0,0.0,4.0,0.0,1.13,0.0,0.0,0.0
JEC-J05,3.3,0.0,5.0,0.0,0.0,0.0,0.0,0.0,4.0,0.0,1.13,0.0,0.0,0.0
JEC-J05,4.4,0.0,5.0,0.0,0.0,0.0,0.0,0.0,4.0,0.0,1.13,0.0,0.0,0.0
JEC-J05,5.5,0.0,5.0,0.0,0.0,0.0,0.0,0.0,4.0,0.0,1.13,0.0,0.0,0.0
JEC-J05,6.6,0.0,5.0,0.0,0.0,0.0,0.0,0.0,4.0,0.0,1.13,0.0,0.0,0.0
JEC-J05,7.7,0.0,5.0,0.0,0.0,0.0,0.0,0.0,4.0,0.0,1.13,0.0,0.0,0.0
JEC-J05,8.8,0.0,5.0,0.0,0.0,0.0,0.0,0.0,4.0,0.0,1.13,0.0,0.0,0.0
JEC-J05,9.9,0.0,5.0,0.0,0.0,0.0,0.0,0.0,4.0,0.0,1.13,0.0,0.0,0.0
JEC-J05,11.0,0.0,5.0,0.0,0.0,0.0,0.0,0.0,4.0,0.0,1.13,0.0,0.0,0.0
JEC-J05,12.1,0.0,5.0,0.0,0.0,0.0,0.0,0.0,4.0,0.0,1.13,0.0,0.0,0.0
JEC-J05,13.2,0.0,5.0,0.0,0.0,0.0,0.0,0.0,4.0,0.0,1.13,0.0,0.0,0.0
JEC-J05,14.3,0.0,5.0,0.0,0.0,0.0,0.0,0.0,4.0,0.0,1.13,0.0,0.0,0.0
JEC-J05,15.4,0.0,5.0,0.0,0.0,0.0,0.0,0.0,4.0,0.0,1.13,0.0,0.0,0.0
JEC-J05,16.5,0.0,5.0,0.0,0.0,0.0,0.0,0.0,4.0,0.0,1.13,0.0,0.0,0.0
JEC-J05,17.6,0.0,5.0,0.0,0.0,0.0,0.0,0.0,4.0,0.0,1.13,0.0,0.0,0.0
JEC-J05,18.7,0.0,5.0,0.0,0.0,0.0,0.0,0.0,4.0,0.0,1.13,0.0,0.0,0.0
JEC-J05,19.8,0.0,5.0,0.0,0.0,0.0,0.0,0.0,4.0,0.0,1.13,0.0,0.0,0.0
JEC-J05,20.9,0.0,5.0,0.0,0.0,0.0,0.0,0.0,4.0,0.0,1.13,0.0,0.0,0.0
JEC-J05,22.0,0.0,5.0,0.0,0.0,0.0,0.0,0.0,4.0,0.0,1.13,0.0,0.0,0.0
JEC-J05,23.1,0.0,5.0,0.0,0.0,0.0,1.0,0.0,4.0,0.0,1.13,0.0,0.0,0.0
JEC-J05,24.2,0.0,5.0,0.0,0.0,0.0,1.0,0.0,4.0,0.0,1.13,0.0,0.0,0.0
JEC-J05,25.3,0.0,5.0,0.0,0.0,0.0,1.0,0.0,4.0,0.0,1.13,0.0,0.0,0.0
JEC-J05,26.4,0.0,5.0,0.0,0.0,0.0,1.0,0.0,4.0,0.0,1.13,0.0,0.0,0.0
JEC-J05,27.5,1.0,5.0,0.0,0.0,0.0,1.0,0.0,4.0,0.0,1.13,0.0,0.0,0.0
JEC-J05,28.6,1.0,5.0,0.0,0.0,0.0,1.0,0.0,4.0,0.0,1.13,0.0,0.0,0.0
JEC-J05,29.7,1.0,5.0,0.0,0.0,0.0,1.0,0.0,4.0,0.0,1.13,0.0,0.0,0.0
JEC-J05,30.8,0.0,5.0,0.0,0.0,0.0,0.0,0.0,4.0,1.0,1.13,0.0,0.0,1.0
JEC-J05,31.9,0.0,5.0,0.0,0.0,0.0,0.0,0.0,4.0,1.0,1.13,0.0,0.0,1.0
JEC-J05,33.0,0.0,5.0,1.0,0.0,0.0,0.0,0.0,4.0,1.0,1.13,0.0,0.0,2.0
JEC-J05,34.1,0.0,5.0,1.0,0.0,0.0,0.0,0.0,4.0,1.0,1.13,0.0,0.0,0.0
JEC-J05,35.2,0.0,5.0,1.0,0.0,0.0,0.0,0.0,4.0,1.0,1.13,0.0,0.0,0.0
JEC-J05,36.3,0.0,5.0,0.0,0.0,0.0,1.0,0.0,4.0,1.0,1.13,0.0,0.0,0.0
JEC-J05,37.4,0.0,5.0,0.0,0.0,0.0,1.0,0.0,4.0,1.0,1.13,0.0,0.0,0.0
JEC-J05,38.5,0.0,5.0,0.0,0.0,0.0,1.0,0.0,4.0,0.0,1.13,0.0,0.0,0.0
JEC-J05,39.6,1.0,5.0,0.0,0.0,0.0,1.0,0.0,4.0,0.0,1.13,0.0,0.0,0.0
JEC-J05,40.7,1.0,5.0,0.0,0.0,0.0,1.0,0.0,4.0,0.0,1.03,0.0,0.0,0.0
JEC-J05,41.8,1.0,5.0,0.0,0.0,0.0,1.0,0.0,4.0,0.0,1.03,0.0,0.0,0.0
JEC-J05,42.9,1.0,5.0,0.0,0.0,0.0,0.0,0.0,4.0,1.0,1.03,0.0,0.0,1.0
JEC-J05,44.0,0.0,5.0,0.0,0.0,0.0,0.0,0.0,4.0,1.0,1.03,0.0,0.0,1.0
JEC-J05,45.1,0.0,5.0,1.0,0.0,0.0,0.0,0.0,4.0,1.0,1.03,0.0,0.0,2.0
JEC-J05,46.2,0.0,5.0,1.0,0.0,0.0,0.0,0.0,4.0,1.0,1.03,0.0,0.0,2.0
JEC-J05,47.3,0.0,5.0,1.0,0.0,0.0,0.0,0.0,4.0,1.0,1.03,0.0,0.0,0.0
JEC-J05,48.4,0.0,5.0,1.0,0.0,0.0,0.0,0.0,4.0,1.0,1.03,0.0,0.0,0.0
JEC-J05,49.5,0.0,5.0,0.0,0.0,0.0,0.0,0.0,4.0,1.0,1.03,0.0,0.0,0.0
JEC-J05,50.6,0.0,5.0,0.0,0.0,0.0,0.0,0.0,4.0,0.0,1.03,0.0,0.0,0.0
JEC-J05,51.7,0.0,5.0,0.0,0.0,0.0,0.0,0.0,4.0,0.0,1.03,0.0,0.0,0.0
JEC-J05,52.8,0.0,5.0,0.0,0.0,0.0,0.0,0.0,4.0,0.0,1.03,0.0,0.0,0.0
JEC-J05,53.9,0.0,5.0,0.0,0.0,0.0,0.0,0.0,4.0,0.0,1.03,0.0,0.0,0.0
JEC-J05,55.0,0.0,5.0,0.0,0.0,0.0,0.0,0.0,4.0,0.0,1.03,0.0,0.0,0.0
JEC-J05,56.1,0.0,5.0,0.0,0.0,0.0,0.0,0.0,3.0,0.0,1.13,0.0,0.0,0.0
JEC-J05,57.2,0.0,5.0,0.0,0.0,0.0,0.0,0.0,3.0,0.0,1.13,0.0,0.0,0.0
JEC-J05,58.3,0.0,5.0,0.0,0.0,0.0,0.0,0.0,3.0,0.0,1.13,0.0,0.0,0.0
JEC-J05,59.4,0.0,5.0,0.0,0.0,0.0,0.0,0.0,3.0,0.0,1.13,0.0,0.0,0.0
JEC-J05,60.5,0.0,5.0,0.0,0.0,0.0,0.0,0.0,3.0,0.0,1.13,0.0,0.0,0.0
JEC-J05,61.6,0.0,5.0,0.0,0.0,0.0,0.0,0.0,3.0,0.0,1.13,0.0,0.0,0.0
JEC-J05,62.7,0.0,5.0,0.0,0.0,0.0,0.0,0.0,3.0,0.0,1.13,0.0,0.0,0.0
JEC-J05,63.8,0.0,5.0,0.0,0.0,0.0,0.0,0.0,3.0,0.0,1.13,0.0,0.0,0.0
JEC-J05,64.9,0.0,5.0,0.0,0.0,0.0,0.0,0.0,3.0,0.0,1.13,0.0,0.0,0.0
JEC-J05,66.0,0.0,5.0,0.0,0.0,0.0,0.0,0.0,4.0,0.0,1.13,0.0,0.0,0.0
JEC-J05,67.1,0.0,5.0,0.0,0.0,0.0,0.0,0.0,5.0,0.0,1.13,0.0,0.0,0.0
JEC-J05,68.2,0.0,5.0,0.0,0.0,0.0,1.0,0.0,4.0,0.0,1.13,0.0,0.0,0.0
JEC-J05,69.3,0.0,5.0,0.0,0.0,0.0,1.0,0.0,4.0,0.0,1.13,0.0,0.0,0.0
JEC-J05,70.4,0.0,5.0,0.0,0.0,0.0,1.0,0.0,4.0,0.0,1.13,0.0,0.0,0.0
JEC-J05,71.5,0.0,5.0,0.0,0.0,0.0,2.0,0.0,4.0,0.0,1.13,0.0,0.0,0.0
JEC-J05,72.6,1.0,5.0,0.0,0.0,0.0,2.0,0.0,4.0,0.0,1.13,0.0,0.0,0.0
JEC-J05,73.7,1.0,5.0,0.0,0.0,0.0,2.0,0.0,4.0,0.0,1.13,0.0,0.0,0.0
JEC-J05,74.8,1.0,5.0,0.0,0.0,0.0,2.0,0.0,4.0,0.0,1.13,0.0,0.0,0.0
JEC-J05,75.9,1.0,5.0,0.0,0.0,0.0,2.0,0.0,4.0,0.0,1.13,0.0,0.0,1.0
JEC-J05,77.0,0.0,5.0,0.0,0.0,0.0,1.0,0.0,4.0,1.0,1.13,0.0,0.0,1.0
JEC-J05,78.1,0.0,5.0,1.0,0.0,0.0,1.0,0.0,4.0,1.0,1.13,0.0,0.0,2.0
JEC-J05,79.2,0.0,5.0,1.0,0.0,0.0,1.0,0.0,5.0,1.0,1.13,0.0,0.0,2.0
JEC-J05,80.3,0.0,5.0,1.0,0.0,0.0,1.0,0.0,5.0,1.0,1.13,0.0,0.0,0.0
JEC-J05,81.4,0.0,5.0,1.0,0.0,0.0,1.0,0.0,5.0,1.0,1.13,0.0,0.0,0.0
JEC-J05,82.5,0.0,5.0,0.0,0.0,0.0,1.0,0.0,5.0,1.0,1.13,0.0,0.0,1.0
JEC-J05,83.6,0.0,5.0,0.0,0.0,0.0,0.0,0.0,5.0,1.0,1.13,0.0,0.0,3.0
JEC-J05,84.7,0.0,5.0,0.0,0.0,0.0,0.0,0.0,5.0,1.0,1.13,0.0,0.0,5.0
JEC-J05,85.8,0.0,5.0,0.0,0.0,0.0,0.0,0.0,5.0,1.0,1.13,0.0,0.0,8.0
JEC-J05,86.9,0.0,5.0,0.0,0.0,0.0,0.0,0.0,5.0,1.0,1.13,0.0,0.0,9.0
JEC-J05,88.0,0.0,5.0,0.0,0.0,0.0,0.0,0.0,5.0,1.0,1.13,0.0,0.0,10.0
JEC-J05,89.1,1.0,5.0,0.0,0.0,0.0,0.0,0.0,5.0,1.0,1.13,0.0,0.0,11.0
JEC-J05,90.2,1.0,5.0,0.0,0.0,0.0,0.0,0.0,5.0,1.0,1.13,0.0,0.0,11.0
JEC-J05,91.3,1.0,5.0,0.0,0.0,0.0,0.0,0.0,5.0,1.0,1.13,0.0,0.0,11.0
JEC-J05,92.4,1.0,5.0,0.0,0.0,0.0,0.0,0.0,7.0,1.0,1.13,0.0,0.0,11.0
JEC-J05,93.5,1.0,5.0,0.0,0.0,0.0,0.0,0.0,6.0,1.0,1.13,0.0,0.0,12.0
JEC-J05,94.6,0.0,5.0,1.0,0.0,0.0,0.0,0.0,6.0,1.0,1.13,0.0,0.0,13.0
JEC-J05,95.7,0.0,5.0,1.0,0.0,0.0,0.0,0.0,7.0,1.0,1.0,0.0,0.0,13.0
JEC-J05,96.8,0.0,5.0,1.0,0.0,0.0,0.0,0.0,7.0,1.0,1.0,0.0,0.0,14.0
JEC-J05,97.9,0.0,5.0,1.0,0.0,0.0,0.0,0.0,7.0,1.0,1.0,0.0,0.0,10.0
JEC-J05,99.0,0.0,5.0,1.0,0.0,0.0,0.0,0.0,7.0,1.0,1.0,0.0,0.0,10.0
JEC-J05,100.1,0.0,5.0,0.0,0.0,0.0,0.0,0.0,7.0,1.0,1.06,0.0,0.0,11.0
JEC-J05,101.2,0.0,5.0,0.0,0.0,0.0,0.0,0.0,6.0,1.0,1.06,0.0,0.0,12.0
JEC-J05,102.3,0.0,5.0,0.0,0.0,0.0,0.0,0.0,5.0,1.0,1.06,0.0,0.0,13.0
JEC-J05,103.4,0.0,5.0,0.0,0.0,0.0,0.0,0.0,5.0,1.0,1.06,0.0,0.0,15.0
JEC-J05,104.5,0.0,5.0,0.0,0.0,0.0,0.0,0.0,5.0,0.0,1.06,0.0,0.0,15.0
JEC-J05,105.6,0.0,5.0,0.0,0.0,0.0,0.0,0.0,5.0,0.0,1.06,0.0,0.0,16.0
JEC-J05,106.7,0.0,5.0,0.0,0.0,0.0,0.0,0.0,5.0,0.0,1.06,0.0,0.0,18.0
JEC-J05,107.8,0.0,5.0,0.0,0.0,0.0,0.0,0.0,5.0,0.0,1.06,0.0,0.0,19.0
JEC-J05,108.9,0.0,5.0,0.0,0.0,0.0,0.0,0.0,5.0,0.0,1.06,0.0,0.0,23.0
JEC-J05,110.0,0.0,5.0,0.0,0.0,0.0,0.0,0.0,5.0,0.0,1.06,0.0,0.0,26.0
JEC-J05,111.1,0.0,5.0,0.0,0.0,0.0,0.0,0.0,5.0,0.0,1.06,0.0,0.0,29.0
JEC-J05,112.2,0.0,5.0,0.0,0.0,0.0,0.0,0.0,5.0,0.0,1.06,0.0,0.0,32.0
JEC-J05,113.3,0.0,5.0,0.0,0.0,0.0,0.0,0.0,4.0,0.0,1.06,0.0,0.0,35.0
JEC-J05,114.4,0.0,5.0,0.0,0.0,0.0,0.0,0.0,4.0,0.0,1.06,0.0,0.0,40.0
JEC-J05,115.5,0.0,5.0,0.0,0.0,0.0,0.0,0.0,4.0,0.0,1.06,0.0,0.0,42.0
JEC-J05,116.6,0.0,5.0,0.0,0.0,0.0,0.0,0.0,4.0,0.0,1.06,0.0,0.0,44.0
JEC-J05,117.7,0.0,5.0,0.0,0.0,0.0,0.0,0.0,4.0,0.0,1.06,0.0,0.0,45.0
JEC-J05,118.8,0.0,5.0,0.0,0.0,0.0,0.0,0.0,4.0,0.0,1.06,0.0,0.0,46.0
JEC-J05,119.9,0.0,5.0,0.0,0.0,0.0,0.0,0.0,4.0,0.0,1.06,0.0,0.0,46.0
JEC-J05,121.0,0.0,5.0,0.0,0.0,0.0,0.0,0.0,4.0,0.0,1.06,0.0,0.0,47.0
JEC-J05,122.1,0.0,5.0,0.0,0.0,0.0,0.0,0.0,4.0,0.0,1.06,0.0,0.0,47.0
JEC-J05,123.2,0.0,5.0,0.0,0.0,0.0,0.0,0.0,4.0,0.0,1.06,0.0,0.0,48.0
JEC-J05,124.3,0.0,5.0,0.0,0.0,0.0,0.0,0.0,4.0,0.0,1.06,0.0,0.0,48.0
JEC-J05,125.4,0.0,5.0,0.0,0.0,0.0,0.0,0.0,4.0,0.0,1.06,0.0,0.0,47.0
JEC-J05,126.5,0.0,5.0,0.0,0.0,0.0,0.0,0.0,4.0,0.0,1.06,0.0,0.0,47.0
JEC-J05,127.6,0.0,5.0,0.0,0.0,0.0,0.0,0.0,4.0,0.0,1.06,0.0,0.0,46.0
JEC-J05,128.7,0.0,5.0,0.0,0.0,0.0,0.0,0.0,4.0,0.0,1.06,0.0,0.0,46.0
JEC-J05,129.8,0.0,5.0,0.0,0.0,0.0,0.0,0.0,4.0,0.0,1.06,0.0,0.0,45.0
JEC-J05,130.9,0.0,5.0,0.0,0.0,0.0,0.0,0.0,4.0,0.0,1.06,0.0,0.0,43.0
JEC-J05,132.0,0.0,5.0,0.0,0.0,0.0,0.0,0.0,4.0,0.0,1.06,0.0,0.0,42.0
JEC-J05,133.1,0.0,5.0,0.0,0.0,0.0,0.0,0.0,4.0,0.0,1.06,0.0,0.0,42.0
JEC-J05,134.2,0.0,5.0,0.0,0.0,0.0,0.0,0.0,4.0,0.0,1.06,0.0,0.0,41.0
JEC-J05,135.3,0.0,5.0,0.0,0.0,0.0,0.0,0.0,4.0,0.0,1.06,0.0,0.0,40.0
JEC-J05,136.4,0.0,5.0,0.0,0.0,0.0,0.0,0.0,4.0,0.0,1.06,0.0,0.0,37.0
JEC-J05,137.5,0.0,5.0,0.0,0.0,0.0,0.0,0.0,3.0,0.0,1.06,0.0,0.0,36.0
JEC-J05,138.6,0.0,5.0,0.0,0.0,0.0,0.0,0.0,4.0,0.0,1.06,0.0,0.0,36.0
JEC-J05,139.7,0.0,5.0,0.0,0.0,0.0,0.0,0.0,5.0,0.0,1.06,0.0,0.0,35.0
JEC-J05,140.8,0.0,5.0,0.0,0.0,0.0,0.0,0.0,5.0,0.0,1.06,0.0,0.0,34.0
JEC-J05,141.9,0.0,5.0,0.0,0.0,0.0,0.0,0.0,5.0,0.0,1.06,0.0,0.0,34.0
JEC-J05,143.0,0.0,5.0,0.0,0.0,0.0,0.0,0.0,5.0,0.0,1.06,0.0,0.0,35.0
JEC-J05,144.1,0.0,5.0,0.0,0.0,0.0,0.0,0.0,5.0,0.0,1.06,0.0,0.0,35.0
JEC-J05,145.2,0.0,5.0,0.0,0.0,0.0,0.0,0.0,5.0,0.0,1.06,0.0,0.0,34.0
JEC-J05,146.3,0.0,5.0,0.0,0.0,0.0,0.0,0.0,5.0,0.0,1.06,0.0,0.0,34.0
JEC-J05,147.4,0.0,5.0,0.0,0.0,0.0,0.0,0.0,5.0,0.0,1.06,0.0,0.0,34.0
JEC-J05,148.5,0.0,5.0,0.0,0.0,0.0,0.0,0.0,5.0,0.0,1.06,0.0,0.0,35.0
JEC-J05,149.6,0.0,5.0,0.0,0.0,0.0,0.0,0.0,5.0,0.0,1.06,0.0,0.0,35.0
JEC-J05,150.7,0.0,5.0,0.0,0.0,0.0,0.0,0.0,5.0,0.0,1.06,0.0,0.0,34.0
JEC-J05,151.8,0.0,5.0,0.0,0.0,0.0,0.0,0.0,5.0,0.0,1.06,0.0,0.0,34.0
JEC-J05,152.9,0.0,5.0,0.0,0.0,0.0,1.0,0.0,5.0,0.0,1.06,0.0,0.0,35.0
JEC-J05,154.0,0.0,5.0,0.0,0.0,0.0,1.0,0.0,5.0,0.0,1.06,0.0,0.0,35.0
JEC-J05,155.1,0.0,5.0,0.0,0.0,0.0,1.0,0.0,5.0,0.0,1.06,0.0,0.0,34.0
JEC-J05,156.2,0.0,5.0,0.0,0.0,0.0,1.0,0.0,5.0,0.0,1.06,0.0,0.0,34.0
JEC-J05,157.3,0.0,5.0,0.0,0.0,0.0,1.0,0.0,5.0,0.0,1.06,0.0,0.0,34.0
JEC-J05,158.4,0.0,5.0,0.0,0.0,0.0,1.0,1.0,5.0,0.0,1.06,0.0,0.0,36.0
JEC-J05,159.5,0.0,5.0,0.0,0.0,0.0,0.0,2.0,5.0,1.0,1.06,0.0,0.0,37.0
JEC-J05,160.6,0.0,5.0,0.0,0.0,0.0,0.0,3.0,5.0,1.0,1.0,0.0,0.0,37.0
JEC-J05,161.7,0.0,5.0,0.0,0.0,0.0,0.0,4.0,5.0,1.0,1.0,0.0,0.0,38.0
JEC-J05,162.8,0.0,5.0,0.0,0.0,0.0,0.0,5.0,5.0,1.0,1.0,0.0,0.0,40.0
JEC-J05,163.9,0.0,5.0,0.0,0.0,0.0,0.0,7.0,5.0,1.0,1.0,0.0,0.0,42.0
JEC-J05,165.0,0.0,5.0,0.0,0.0,0.0,0.0,7.0,5.0,1.0,1.0,0.0,0.0,42.0
JEC-J05,166.1,0.0,5.0,0.0,0.0,0.0,0.0,7.0,5.0,1.0,1.0,0.0,0.0,43.0
JEC-J05,167.2,0.0,5.0,0.0,0.0,0.0,0.0,6.0,5.0,1.0,1.0,0.0,0.0,44.0
JEC-J05,168.3,0.0,5.0,0.0,0.0,0.0,0.0,7.0,5.0,1.0,1.0,0.0,0.0,47.0
JEC-J05,169.4,0.0,5.0,0.0,0.0,0.0,0.0,7.0,5.0,1.0,1.0,0.0,0.0,48.0
JEC-J05,170.5,0.0,5.0,0.0,0.0,0.0,0.0,7.0,5.0,1.0,1.0,0.0,0.0,48.0
JEC-J05,171.6,0.0,5.0,0.0,0.0,0.0,0.0,6.0,5.0,1.0,1.0,0.0,0.0,49.0
JEC-J05,172.7,0.0,5.0,0.0,0.0,0.0,0.0,6.0,5.0,1.0,1.0,0.0,0.0,51.0
JEC-J05,173.8,1.0,5.0,0.0,0.0,0.0,0.0,7.0,5.0,1.0,1.0,0.0,0.0,53.0
JEC-J05,174.9,1.0,5.0,0.0,0.0,0.0,0.0,7.0,5.0,1.0,1.0,0.0,0.0,53.0
JEC-J05,176.0,1.0,5.0,0.0,0.0,0.0,0.0,7.0,5.0,1.0,1.0,0.0,0.0,54.0
JEC-J05,177.1,1.0,5.0,0.0,0.0,0.0,1.0,6.0,5.0,1.0,1.0,0.0,0.0,55.0
JEC-J05,178.2,1.0,5.0,0.0,0.0,0.0,0.0,6.0,5.0,1.0,1.0,0.0,0.0,56.0
JEC-J05,179.3,0.0,5.0,1.0,0.0,0.0,0.0,7.0,5.0,1.0,1.0,0.0,0.0,56.0
JEC-J05,180.4,0.0,5.0,1.0,0.0,0.0,0.0,7.0,5.0,1.0,1.0,0.0,0.0,54.0
JEC-J05,181.5,0.0,5.0,1.0,0.0,0.0,0.0,6.0,5.0,1.0,1.0,0.0,0.0,53.0
JEC-J05,182.6,0.0,5.0,1.0,0.0,0.0,0.0,5.0,5.0,1.0,1.0,0.0,0.0,53.0
JEC-J05,183.7,0.0,5.0,1.0,0.0,0.0,0.0,4.0,5.0,1.0,1.0,0.0,0.0,52.0
JEC-J05,184.8,0.0,5.0,0.0,0.0,0.0,0.0,3.0,4.0,1.0,1.0,0.0,0.0,50.0
JEC-J05,185.9,0.0,5.0,0.0,0.0,0.0,0.0,2.0,4.0,1.0,1.0,0.0,0.0,48.0
JEC-J05,187.0,0.0,5.0,0.0,0.0,0.0,0.0,1.0,4.0,1.0,1.0,0.0,0.0,47.0
JEC-J05,188.1,0.0,5.0,0.0,0.0,0.0,0.0,0.0,4.0,0.0,1.0,0.0,0.0,47.0
JEC-J05,189.2,0.0,5.0,0.0,0.0,0.0,0.0,0.0,4.0,0.0,1.0,0.0,0.0,46.0
JEC-J05,190.3,0.0,5.0,0.0,0.0,0.0,0.0,0.0,4.0,0.0,1.0,0.0,0.0,43.0
JEC-J05,191.4,0.0,5.0,0.0,0.0,0.0,0.0,0.0,4.0,0.0,1.0,0.0,0.0,42.0
JEC-J05,192.5,0.0,5.0,0.0,0.0,0.0,0.0,0.0,4.0,0.0,1.0,0.0,0.0,42.0
JEC-J05,193.6,0.0,5.0,0.0,0.0,0.0,0.0,0.0,4.0,0.0,1.0,0.0,0.0,41.0
JEC-J06,1.1,0.0,5.0,0.0,0.0,0.0,0.0,0.0,4.0,0.0,1.13,0.0,0.0,0.0
JEC-J06,2.2,0.0,5.0,0.0,0.0,0.0,0.0,0.0,4.0,0.0,1.13,0.0,0.0,0.0
JEC-J06,3.3,0.0,5.0,0.0,0.0,0.0,0.0,0.0,4.0,0.0,1.13,0.0,0.0,0.0
JEC-J06,4.4,0.0,5.0,0.0,0.0,0.0,0.0,0.0,4.0,0.0,1.13,0.0,0.0,0.0
JEC-J06,5.5,0.0,5.0,0.0,0.0,0.0,0.0,0.0,4.0,0.0,1.13,0.0,0.0,0.0
JEC-J06,6.6,0.0,5.0,0.0,0.0,0.0,0.0,0.0,4.0,0.0,1.13,0.0,0.0,0.0
JEC-J06,7.7,0.0,5.0,0.0,0.0,0.0,0.0,0.0,4.0,0.0,1.13,0.0,0.0,0.0
JEC-J06,8.8,0.0,5.0,0.0,0.0,0.0,0.0,0.0,4.0,0.0,1.13,0.0,0.0,0.0
JEC-J06,9.9,0.0,5.0,0.0,0.0,0.0,0.0,0.0,4.0,0.0,1.13,0.0,0.0,0.0
JEC-J06,11.0,0.0,5.0,0.0,0.0,0.0,0.0,0.0,4.0,0.0,1.13,0.0,0.0,0.0
JEC-J06,12.1,0.0,5.0,0.0,0.0,0.0,0.0,0.0,4.0,0.0,1.13,0.0,0.0,0.0
JEC-J06,13.2,0.0,5.0,0.0,0.0,0.0,0.0,0.0,4.0,0.0,1.13,0.0,0.0,0.0
JEC-J06,14.3,0.0,5.0,0.0,0.0,0.0,0.0,0.0,4.0,0.0,1.13,0.0,0.0,0.0
JEC-J06,15.4,0.0,5.0,0.0,0.0,0.0,0.0,0.0,4.0,0.0,1.13,0.0,0.0,0.0
JEC-J06,16.5,0.0,5.0,0.0,0.0,0.0,0.0,0.0,4.0,0.0,1.13,0.0,0.0,0.0
JEC-J06,17.6,0.0,5.0,0.0,0.0,0.0,0.0,0.0,4.0,0.0,1.13,0.0,0.0,0.0
JEC-J06,18.7,0.0,5.0,0.0,0.0,0.0,0.0,0.0,4.0,0.0,1.13,0.0,0.0,0.0
JEC-J06,19.8,0.0,5.0,0.0,0.0,0.0,0.0,0.0,4.0,0.0,1.13,0.0,0.0,0.0
JEC-J06,20.9,0.0,5.0,0.0,0.0,0.0,0.0,0.0,4.0,0.0,1.13,0.0,0.0,0.0
JEC-J06,22.0,0.0,5.0,0.0,0.0,0.0,0.0,0.0,4.0,0.0,1.13,0.0,0.0,0.0
JEC-J06,23.1,1.0,5.0,0.0,0.0,0.0,0.0,0.0,4.0,1.0,1.13,0.0,0.0,1.0
JEC-J06,24.2,1.0,5.0,0.0,0.0,0.0,0.0,0.0,4.0,1.0,1.13,0.0,0.0,1.0
JEC-J06,25.3,1.0,5.0,0.0,0.0,0.0,0.0,0.0,4.0,1.0,1.13,0.0,0.0,1.0
JEC-J06,26.4,1.0,5.0,0.0,0.0,0.0,0.0,0.0,4.0,1.0,1.13,0.0,0.0,1.0
JEC-J06,27.5,0.0,5.0,0.0,0.0,0.0,0.0,0.0,4.0,1.0,1.13,0.0,0.0,2.0
JEC-J06,28.6,0.0,5.0,1.0,0.0,0.0,0.0,0.0,4.0,1.0,1.13,0.0,0.0,2.0
JEC-J06,29.7,0.0,5.0,1.0,0.0,0.0,0.0,0.0,4.0,1.0,1.13,0.0,0.0,3.0
JEC-J06,30.8,0.0,5.0,1.0,0.0,0.0,0.0,0.0,4.0,1.0,1.13,0.0,0.0,0.0
JEC-J06,31.9,0.0,5.0,1.0,0.0,0.0,0.0,0.0,4.0,1.0,1.13,0.0,0.0,0.0
JEC-J06,33.0,0.0,5.0,0.0,0.0,0.0,0.0,0.0,4.0,1.0,1.13,0.0,0.0,0.0
JEC-J06,34.1,0.0,5.0,0.0,0.0,0.0,0.0,0.0,4.0,0.0,1.13,0.0,0.0,0.0
JEC-J06,35.2,0.0,5.0,0.0,0.0,0.0,0.0,0.0,4.0,0.0,1.13,0.0,0.0,0.0
JEC-J06,36.3,1.0,5.0,0.0,0.0,0.0,0.0,0.0,4.0,1.0,1.13,0.0,0.0,1.0
JEC-J06,37.4,1.0,5.0,0.0,0.0,0.0,0.0,0.0,4.0,1.0,1.13,0.0,0.0,1.0
JEC-J06,38.5,1.0,5.0,0.0,0.0,0.0,0.0,0.0,4.0,1.0,1.13,0.0,0.0,1.0
JEC-J06,39.6,0.0,5.0,0.0,0.0,0.0,0.0,0.0,4.0,1.0,1.13,0.0,0.0,1.0
JEC-J06,40.7,0.0,5.0,0.0,0.0,0.0,0.0,0.0,4.0,1.0,1.03,0.0,0.0,2.0
JEC-J06,41.8,0.0,5.0,1.0,0.0,0.0,0.0,0.0,4.0,1.0,1.03,0.0,0.0,2.0
JEC-J06,42.9,0.0,5.0,1.0,0.0,0.0,0.0,0.0,4.0,1.0,1.03,0.0,0.0,0.0
JEC-J06,44.0,0.0,5.0,1.0,0.0,0.0,0.0,0.0,4.0,1.0,1.03,0.0,0.0,0.0
JEC-J06,45.1,0.0,5.0,0.0,0.0,0.0,0.0,0.0,4.0,1.0,1.03,0.0,0.0,0.0
JEC-J06,46.2,0.0,5.0,0.0,0.0,0.0,0.0,0.0,4.0,1.0,1.03,0.0,0.0,0.0
JEC-J06,47.3,0.0,5.0,0.0,0.0,0.0,0.0,0.0,4.0,0.0,1.03,0.0,0.0,0.0
JEC-J06,48.4,0.0,5.0,0.0,0.0,0.0,0.0,0.0,4.0,0.0,1.03,0.0,0.0,0.0
JEC-J06,49.5,0.0,5.0,0.0,0.0,0.0,0.0,0.0,4.0,0.0,1.03,0.0,0.0,0.0
JEC-J06,50.6,0.0,5.0,0.0,0.0,0.0,0.0,0.0,4.0,0.0,1.03,0.0,0.0,0.0
JEC-J06,51.7,0.0,5.0,0.0,0.0,0.0,0.0,0.0,4.0,0.0,1.03,0.0,0.0,0.0
JEC-J06,52.8,0.0,5.0,0.0,0.0,0.0,0.0,0.0,3.0,0.0,1.03,0.0,0.0,0.0
JEC-J06,53.9,0.0,5.0,0.0,0.0,0.0,0.0,0.0,3.0,0.0,1.03,0.0,0.0,0.0
JEC-J06,55.0,0.0,5.0,0.0,0.0,0.0,0.0,0.0,3.0,0.0,1.03,0.0,0.0,0.0
JEC-J06,56.1,0.0,5.0,0.0,0.0,0.0,0.0,0.0,3.0,0.0,1.13,0.0,0.0,0.0
JEC-J06,57.2,0.0,5.0,0.0,0.0,0.0,0.0,0.0,3.0,0.0,1.13,0.0,0.0,0.0
JEC-J06,58.3,0.0,5.0,0.0,0.0,0.0,0.0,0.0,3.0,0.0,1.13,0.0,0.0,0.0
JEC-J06,59.4,0.0,5.0,0.0,0.0,0.0,0.0,0.0,3.0,0.0,1.13,0.0,0.0,0.0
JEC-J06,60.5,0.0,5.0,0.0,0.0,0.0,0.0,0.0,3.0,0.0,1.13,0.0,0.0,0.0
JEC-J06,61.6,0.0,5.0,0.0,0.0,0.0,0.0,0.0,3.0,0.0,1.13,0.0,0.0,0.0
JEC-J06,62.7,0.0,5.0,0.0,0.0,0.0,0.0,0.0,3.0,0.0,1.13,0.0,0.0,0.0
JEC-J06,63.8,0.0,5.0,0.0,0.0,0.0,0.0,0.0,3.0,0.0,1.13,0.0,0.0,0.0
JEC-J06,64.9,0.0,5.0,0.0,0.0,0.0,0.0,0.0,3.0,0.0,1.13,0.0,0.0,0.0
JEC-J06,66.0,0.0,5.0,0.0,0.0,0.0,0.0,0.0,2.0,0.0,1.13,0.0,0.0,0.0
JEC-J06,67.1,0.0,5.0,0.0,0.0,0.0,0.0,0.0,2.0,0.0,1.13,0.0,0.0,0.0
JEC-J06,68.2,1.0,5.0,0.0,0.0,0.0,0.0,0.0,2.0,1.0,1.13,0.0,0.0,1.0
JEC-J06,69.3,1.0,5.0,0.0,0.0,0.0,1.0,0.0,2.0,1.0,1.13,0.0,0.0,1.0
JEC-J06,70.4,1.0,5.0,0.0,0.0,0.0,1.0,0.0,2.0,1.0,1.13,0.0,0.0,1.0
JEC-J06,71.5,1.0,5.0,0.0,0.0,0.0,1.0,0.0,2.0,1.0,1.13,0.0,0.0,2.0
JEC-J06,72.6,0.0,5.0,0.0,0.0,0.0,1.0,0.0,2.0,1.0,1.13,0.0,0.0,2.0
JEC-J06,73.7,0.0,5.0,1.0,0.0,0.0,0.0,0.0,2.0,2.0,1.13,0.0,0.0,2.0
JEC-J06,74.8,0.0,5.0,1.0,0.0,0.0,0.0,0.0,2.0,2.0,1.13,0.0,0.0,3.0
JEC-J06,75.9,1.0,5.0,1.0,0.0,0.0,0.0,0.0,2.0,2.0,1.13,0.0,0.0,0.0
JEC-J06,77.0,1.0,5.0,1.0,0.0,0.0,0.0,0.0,2.0,2.0,1.13,0.0,0.0,0.0
JEC-J06,78.1,1.0,5.0,0.0,0.0,0.0,0.0,0.0,2.0,2.0,1.13,0.0,0.0,0.0
JEC-J06,79.2,0.0,5.0,0.0,0.0,0.0,0.0,0.0,2.0,2.0,1.13,0.0,0.0,1.0
JEC-J06,80.3,0.0,5.0,0.0,0.0,0.0,0.0,0.0,2.0,1.0,1.13,0.0,0.0,1.0
JEC-J06,81.4,0.0,5.0,1.0,0.0,0.0,0.0,0.0,2.0,1.0,1.13,0.0,0.0,2.0
JEC-J06,82.5,0.0,5.0,1.0,0.0,0.0,0.0,0.0,2.0,1.0,1.13,0.0,0.0,2.0
JEC-J06,83.6,0.0,5.0,1.0,0.0,0.0,0.0,0.0,2.0,1.0,1.13,0.0,0.0,0.0
JEC-J06,84.7,0.0,5.0,0.0,0.0,0.0,0.0,0.0,2.0,1.0,1.13,0.0,0.0,0.0
JEC-J06,85.8,0.0,5.0,0.0,0.0,0.0,0.0,0.0,2.0,1.0,1.13,0.0,0.0,0.0
JEC-J06,86.9,0.0,5.0,0.0,0.0,0.0,0.0,0.0,2.0,1.0,1.13,0.0,0.0,0.0
JEC-J06,88.0,0.0,5.0,0.0,0.0,0.0,0.0,0.0,2.0,1.0,1.13,0.0,0.0,0.0
JEC-J06,89.1,0.0,5.0,0.0,0.0,0.0,0.0,0.0,2.0,1.0,1.13,0.0,0.0,0.0
JEC-J06,90.2,0.0,5.0,0.0,0.0,0.0,0.0,0.0,2.0,1.0,1.13,0.0,0.0,0.0
JEC-J06,91.3,0.0,5.0,0.0,0.0,0.0,0.0,0.0,2.0,1.0,1.13,0.0,0.0,0.0
JEC-J06,92.4,0.0,5.0,0.0,0.0,0.0,0.0,0.0,3.0,1.0,1.13,0.0,0.0,0.0
JEC-J06,93.5,0.0,5.0,0.0,0.0,0.0,0.0,0.0,3.0,1.0,1.13,0.0,0.0,1.0
JEC-J06,94.6,0.0,5.0,0.0,0.0,0.0,0.0,0.0,3.0,1.0,1.13,0.0,0.0,1.0
JEC-J06,95.7,0.0,5.0,0.0,0.0,0.0,0.0,0.0,4.0,1.0,1.0,0.0,0.0,1.0
JEC-J06,96.8,0.0,5.0,0.0,0.0,0.0,0.0,0.0,5.0,1.0,1.0,0.0,0.0,1.0
JEC-J06,97.9,0.0,5.0,0.0,0.0,0.0,0.0,0.0,5.0,0.0,1.0,0.0,0.0,1.0
JEC-J06,99.0,0.0,5.0,0.0,0.0,0.0,0.0,0.0,4.0,0.0,1.0,0.0,0.0,1.0
JEC-J06,100.1,0.0,5.0,0.0,0.0,0.0,0.0,0.0,4.0,0.0,1.06,0.0,0.0,0.0
JEC-J06,101.2,0.0,5.0,0.0,0.0,0.0,0.0,0.0,4.0,0.0,1.06,0.0,0.0,0.0
JEC-J06,102.3,0.0,5.0,0.0,0.0,0.0,0.0,0.0,4.0,0.0,1.06,0.0,0.0,0.0
JEC-J06,103.4,0.0,5.0,0.0,0.0,0.0,0.0,0.0,4.0,0.0,1.06,0.0,0.0,0.0
JEC-J06,104.5,0.0,5.0,0.0,0.0,0.0,0.0,0.0,4.0,0.0,1.06,0.0,0.0,0.0
JEC-J06,105.6,0.0,5.0,0.0,0.0,0.0,0.0,0.0,4.0,0.0,1.06,0.0,0.0,0.0
JEC-J06,106.7,0.0,5.0,0.0,0.0,0.0,0.0,0.0,4.0,0.0,1.06,0.0,0.0,0.0
JEC-J06,107.8,0.0,5.0,0.0,0.0,0.0,0.0,0.0,4.0,0.0,1.06,0.0,0.0,0.0
JEC-J06,108.9,0.0,5.0,0.0,0.0,0.0,0.0,0.0,4.0,0.0,1.06,0.0,0.0,0.0
JEC-J06,110.0,0.0,5.0,0.0,0.0,0.0,0.0,0.0,4.0,0.0,1.06,0.0,0.0,0.0
JEC-J06,111.1,0.0,5.0,0.0,0.0,0.0,0.0,0.0,4.0,0.0,1.06,0.0,0.0,0.0
JEC-J06,112.2,0.0,5.0,0.0,0.0,0.0,0.0,0.0,4.0,0.0,1.06,0.0,0.0,0.0
JEC-J06,113.3,0.0,5.0,0.0,0.0,0.0,0.0,0.0,3.0,0.0,1.06,0.0,0.0,0.0
JEC-J06,114.4,0.0,5.0,0.0,0.0,0.0,0.0,0.0,3.0,0.0,1.06,0.0,0.0,0.0
JEC-J06,115.5,0.0,5.0,0.0,0.0,0.0,0.0,0.0,3.0,0.0,1.06,0.0,0.0,0.0
JEC-J06,116.6,0.0,5.0,0.0,0.0,0.0,0.0,0.0,3.0,0.0,1.06,0.0,0.0,0.0
JEC-J06,117.7,0.0,5.0,0.0,0.0,0.0,0.0,0.0,3.0,0.0,1.06,0.0,0.0,0.0
JEC-J06,118.8,0.0,5.0,0.0,0.0,0.0,0.0,0.0,3.0,0.0,1.06,0.0,0.0,0.0
JEC-J06,119.9,0.0,5.0,0.0,0.0,0.0,0.0,0.0,3.0,0.0,1.06,0.0,0.0,0.0
JEC-J06,121.0,0.0,5.0,0.0,0.0,0.0,0.0,0.0,3.0,0.0,1.06,0.0,0.0,0.0
JEC-J06,122.1,0.0,5.0,0.0,0.0,0.0,0.0,0.0,3.0,0.0,1.06,0.0,0.0,0.0
JEC-J06,123.2,0.0,5.0,0.0,0.0,0.0,0.0,0.0,3.0,0.0,1.06,0.0,0.0,0.0
JEC-J06,124.3,0.0,5.0,0.0,0.0,0.0,0.0,0.0,3.0,0.0,1.06,0.0,0.0,0.0
JEC-J06,125.4,0.0,5.0,0.0,0.0,0.0,0.0,0.0,3.0,0.0,1.06,0.0,0.0,0.0
JEC-J06,126.5,0.0,5.0,0.0,0.0,0.0,0.0,0.0,3.0,0.0,1.06,0.0,0.0,0.0
JEC-J06,127.6,0.0,5.0,0.0,0.0,0.0,0.0,0.0,3.0,0.0,1.06,0.0,0.0,0.0
JEC-J06,128.7,0.0,5.0,0.0,0.0,0.0,0.0,0.0,3.0,0.0,1.06,0.0,0.0,0.0
JEC-J06,129.8,0.0,5.0,0.0,0.0,0.0,0.0,0.0,3.0,0.0,1.06,0.0,0.0,0.0
JEC-J06,130.9,0.0,5.0,0.0,0.0,0.0,0.0,0.0,3.0,0.0,1.06,0.0,0.0,0.0
JEC-J06,132.0,0.0,5.0,0.0,0.0,0.0,0.0,0.0,3.0,0.0,1.06,0.0,0.0,0.0
JEC-J06,133.1,0.0,5.0,0.0,0.0,0.0,0.0,0.0,3.0,0.0,1.06,0.0,0.0,0.0
JEC-J06,134.2,0.0,5.0,0.0,0.0,0.0,0.0,0.0,2.0,0.0,1.06,0.0,0.0,0.0
JEC-J06,135.3,0.0,5.0,0.0,0.0,0.0,0.0,0.0,2.0,0.0,1.06,0.0,0.0,0.0
JEC-J06,136.4,0.0,5.0,0.0,0.0,0.0,0.0,0.0,2.0,0.0,1.06,0.0,0.0,0.0
JEC-J06,137.5,0.0,5.0,0.0,0.0,0.0,0.0,0.0,3.0,0.0,1.06,0.0,0.0,0.0
JEC-J06,138.6,0.0,5.0,0.0,0.0,0.0,0.0,0.0,3.0,0.0,1.06,0.0,0.0,0.0
JEC-J06,139.7,0.0,5.0,0.0,0.0,0.0,0.0,0.0,3.0,0.0,1.06,0.0,0.0,0.0
JEC-J06,140.8,0.0,5.0,0.0,0.0,0.0,0.0,0.0,4.0,0.0,1.06,0.0,0.0,0.0
JEC-J06,141.9,0.0,5.0,0.0,0.0,0.0,0.0,0.0,4.0,0.0,1.06,0.0,0.0,0.0
JEC-J06,143.0,0.0,5.0,0.0,0.0,0.0,1.0,0.0,4.0,0.0,1.06,0.0,0.0,0.0
JEC-J06,144.1,0.0,5.0,0.0,0.0,0.0,1.0,0.0,4.0,0.0,1.06,0.0,0.0,0.0
JEC-J06,145.2,0.0,5.0,0.0,0.0,0.0,1.0,0.0,4.0,0.0,1.06,0.0,0.0,0.0
JEC-J06,146.3,0.0,5.0,0.0,0.0,0.0,1.0,0.0,4.0,0.0,1.06,0.0,0.0,0.0
JEC-J06,147.4,0.0,5.0,0.0,0.0,0.0,1.0,0.0,4.0,0.0,1.06,0.0,0.0,0.0
JEC-J06,148.5,0.0,5.0,0.0,0.0,0.0,1.0,0.0,4.0,0.0,1.06,0.0,0.0,0.0
JEC-J06,149.6,0.0,5.0,0.0,0.0,0.0,1.0,0.0,4.0,0.0,1.06,0.0,0.0,0.0
JEC-J06,150.7,0.0,5.0,0.0,0.0,0.0,1.0,0.0,4.0,0.0,1.06,0.0,0.0,0.0
JEC-J06,151.8,1.0,5.0,0.0,0.0,0.0,0.0,0.0,4.0,1.0,1.06,0.0,0.0,0.0
JEC-J06,152.9,1.0,5.0,0.0,0.0,0.0,0.0,0.0,4.0,1.0,1.06,0.0,0.0,0.0
JEC-J06,154.0,1.0,5.0,0.0,0.0,0.0,0.0,0.0,4.0,1.0,1.06,0.0,0.0,0.0
JEC-J06,155.1,0.0,5.0,0.0,0.0,0.0,0.0,0.0,4.0,1.0,1.06,0.0,0.0,1.0
JEC-J06,156.2,0.0,5.0,0.0,0.0,0.0,0.0,0.0,4.0,1.0,1.06,0.0,0.0,1.0
JEC-J06,157.3,0.0,5.0,1.0,0.0,0.0,0.0,0.0,4.0,1.0,1.06,0.0,0.0,2.0
JEC-J06,158.4,0.0,5.0,1.0,0.0,0.0,0.0,0.0,4.0,1.0,1.06,0.0,0.0,0.0
JEC-J06,159.5,0.0,5.0,1.0,0.0,0.0,0.0,0.0,4.0,1.0,1.06,0.0,0.0,0.0
JEC-J06,160.6,0.0,5.0,0.0,0.0,0.0,0.0,0.0,4.0,1.0,1.0,0.0,0.0,0.0
JEC-J06,161.7,0.0,5.0,0.0,0.0,0.0,0.0,0.0,4.0,1.0,1.0,0.0,0.0,0.0
JEC-J06,162.8,0.0,5.0,0.0,0.0,0.0,0.0,0.0,4.0,1.0,1.0,0.0,0.0,0.0
JEC-J06,163.9,0.0,5.0,0.0,0.0,0.0,0.0,0.0,4.0,1.0,1.0,0.0,0.0,0.0
JEC-J06,165.0,0.0,5.0,0.0,0.0,0.0,0.0,0.0,4.0,1.0,1.0,0.0,0.0,0.0
JEC-J06,166.1,0.0,5.0,0.0,0.0,0.0,0.0,0.0,4.0,1.0,1.0,0.0,0.0,0.0
JEC-J06,167.2,0.0,5.0,0.0,0.0,0.0,0.0,0.0,4.0,1.0,1.0,0.0,0.0,0.0
JEC-J06,168.3,0.0,5.0,0.0,0.0,0.0,0.0,0.0,4.0,1.0,1.0,0.0,0.0,0.0
JEC-J06,169.4,0.0,5.0,0.0,0.0,0.0,0.0,0.0,4.0,1.0,1.0,0.0,0.0,1.0
JEC-J06,170.5,0.0,5.0,0.0,0.0,0.0,0.0,0.0,4.0,1.0,1.0,0.0,0.0,1.0
JEC-J06,171.6,1.0,5.0,0.0,0.0,0.0,0.0,0.0,4.0,1.0,1.0,0.0,0.0,1.0
JEC-J06,172.7,0.0,5.0,0.0,0.0,0.0,0.0,0.0,4.0,1.0,1.0,0.0,0.0,1.0
JEC-J06,173.8,0.0,5.0,0.0,0.0,0.0,0.0,0.0,4.0,1.0,1.0,0.0,0.0,1.0
JEC-J06,174.9,0.0,5.0,0.0,0.0,0.0,0.0,0.0,4.0,1.0,1.0,0.0,0.0,0.0
JEC-J06,176.0,0.0,5.0,0.0,0.0,0.0,0.0,0.0,4.0,1.0,1.0,0.0,0.0,0.0
JEC-J06,177.1,0.0,5.0,1.0,0.0,0.0,0.0,0.0,4.0,1.0,1.0,0.0,0.0,1.0
JEC-J06,178.2,0.0,5.0,0.0,0.0,0.0,0.0,0.0,4.0,1.0,1.0,0.0,0.0,1.0
JEC-J06,179.3,0.0,5.0,0.0,0.0,0.0,0.0,0.0,4.0,1.0,1.0,0.0,0.0,1.0
JEC-J06,180.4,0.0,5.0,0.0,0.0,0.0,0.0,0.0,4.0,1.0,1.0,0.0,0.0,1.0
JEC-J06,181.5,0.0,5.0,0.0,0.0,0.0,0.0,0.0,4.0,1.0,1.0,0.0,0.0,1.0
JEC-J06,182.6,0.0,5.0,0.0,0.0,0.0,0.0,0.0,3.0,0.0,1.0,0.0,0.0,1.0
JEC-J06,183.7,0.0,5.0,0.0,0.0,0.0,0.0,0.0,3.0,0.0,1.0,0.0,0.0,0.0
JEC-J06,184.8,0.0,5.0,0.0,0.0,0.0,0.0,0.0,3.0,0.0,1.0,0.0,0.0,0.0
JEC-J06,185.9,0.0,5.0,0.0,0.0,0.0,0.0,0.0,3.0,0.0,1.0,0.0,0.0,0.0
JEC-J06,187.0,0.0,5.0,0.0,0.0,0.0,0.0,0.0,3.0,0.0,1.0,0.0,0.0,0.0
JEC-J06,188.1,0.0,5.0,0.0,0.0,0.0,0.0,0.0,3.0,0.0,1.0,0.0,0.0,0.0
JEC-J06,189.2,0.0,5.0,0.0,0.0,0.0,0.0,0.0,3.0,0.0,1.0,0.0,0.0,0.0
JEC-J06,190.3,0.0,5.0,0.0,0.0,0.0,0.0,0.0,3.0,0.0,1.0,0.0,0.0,0.0
JEC-J06,191.4,0.0,5.0,0.0,0.0,0.0,0.0,0.0,3.0,0.0,1.0,0.0,0.0,0.0
JEC-J06,192.5,0.0,5.0,0.0,0.0,0.0,0.0,0.0,3.0,0.0,1.0,0.0,0.0,0.0
JEC-J06,193.6,0.0,5.0,0.0,0.0,0.0,0.0,0.0,3.0,0.0,1.0,0.0,0.0,0.0
JEC-J19,1.1,0.0,5.0,0.0,0.0,0.0,0.0,0.0,3.0,0.0,1.13,0.0,0.0,0.0
JEC-J19,2.2,0.0,5.0,0.0,0.0,0.0,0.0,0.0,3.0,0.0,1.13,0.0,0.0,0.0
JEC-J19,3.3,0.0,5.0,0.0,0.0,0.0,0.0,0.0,3.0,0.0,1.13,0.0,0.0,0.0
JEC-J19,4.4,0.0,5.0,0.0,0.0,0.0,0.0,0.0,3.0,0.0,1.13,0.0,0.0,0.0
JEC-J19,5.5,0.0,5.0,0.0,0.0,0.0,0.0,0.0,3.0,0.0,1.13,0.0,0.0,0.0
JEC-J19,6.6,0.0,5.0,0.0,0.0,0.0,0.0,0.0,3.0,0.0,1.13,0.0,0.0,0.0
JEC-J19,7.7,0.0,5.0,0.0,0.0,0.0,0.0,0.0,3.0,0.0,1.13,0.0,0.0,0.0
JEC-J19,8.8,0.0,5.0,0.0,0.0,0.0,0.0,0.0,3.0,0.0,1.13,0.0,0.0,0.0
JEC-J19,9.9,0.0,5.0,0.0,0.0,0.0,0.0,0.0,3.0,0.0,1.13,0.0,0.0,0.0
JEC-J19,11.0,0.0,5.0,0.0,0.0,0.0,0.0,0.0,3.0,0.0,1.13,0.0,0.0,0.0
JEC-J19,12.1,0.0,5.0,0.0,0.0,0.0,0.0,0.0,3.0,0.0,1.13,0.0,0.0,0.0
JEC-J19,13.2,0.0,5.0,0.0,0.0,0.0,0.0,0.0,3.0,0.0,1.13,0.0,0.0,0.0
JEC-J19,14.3,0.0,5.0,0.0,0.0,0.0,0.0,0.0,3.0,0.0,1.13,0.0,0.0,0.0
JEC-J19,15.4,0.0,5.0,0.0,0.0,0.0,0.0,0.0,3.0,0.0,1.13,0.0,0.0,0.0
JEC-J19,16.5,0.0,5.0,0.0,0.0,0.0,0.0,0.0,3.0,0.0,1.13,0.0,0.0,0.0
JEC-J19,17.6,0.0,5.0,0.0,0.0,0.0,0.0,0.0,3.0,0.0,1.13,0.0,0.0,0.0
JEC-J19,18.7,0.0,5.0,0.0,0.0,0.0,0.0,0.0,3.0,0.0,1.13,0.0,0.0,0.0
JEC-J19,19.8,0.0,5.0,0.0,0.0,0.0,0.0,0.0,3.0,0.0,1.13,0.0,0.0,0.0
JEC-J19,20.9,0.0,5.0,0.0,0.0,0.0,0.0,0.0,3.0,0.0,1.13,0.0,0.0,0.0
JEC-J19,22.0,0.0,5.0,0.0,0.0,0.0,0.0,0.0,3.0,0.0,1.13,0.0,0.0,0.0
JEC-J19,23.1,0.0,5.0,0.0,0.0,0.0,0.0,0.0,3.0,0.0,1.13,0.0,0.0,0.0
JEC-J19,24.2,0.0,5.0,0.0,0.0,0.0,0.0,0.0,3.0,0.0,1.13,0.0,0.0,0.0
JEC-J19,25.3,0.0,5.0,0.0,0.0,0.0,0.0,0.0,3.0,0.0,1.13,0.0,0.0,0.0
JEC-J19,26.4,0.0,5.0,0.0,0.0,0.0,0.0,0.0,3.0,0.0,1.13,0.0,0.0,0.0
JEC-J19,27.5,0.0,5.0,0.0,0.0,0.0,0.0,0.0,3.0,0.0,1.13,0.0,0.0,0.0
JEC-J19,28.6,0.0,5.0,0.0,0.0,0.0,0.0,0.0,3.0,0.0,1.13,0.0,0.0,0.0
JEC-J19,29.7,0.0,5.0,0.0,0.0,0.0,0.0,0.0,3.0,0.0,1.13,0.0,0.0,0.0
JEC-J19,30.8,0.0,5.0,0.0,0.0,0.0,0.0,0.0,3.0,0.0,1.13,0.0,0.0,0.0
JEC-J19,31.9,0.0,5.0,0.0,0.0,0.0,0.0,0.0,3.0,0.0,1.13,0.0,0.0,0.0
JEC-J19,33.0,0.0,5.0,0.0,0.0,0.0,0.0,0.0,3.0,0.0,1.13,0.0,0.0,0.0
JEC-J19,34.1,0.0,5.0,0.0,0.0,0.0,0.0,0.0,3.0,0.0,1.13,0.0,0.0,0.0
JEC-J19,35.2,0.0,5.0,0.0,0.0,0.0,0.0,0.0,3.0,0.0,1.13,0.0,0.0,0.0
JEC-J19,36.3,0.0,5.0,0.0,0.0,0.0,0.0,0.0,4.0,0.0,1.13,0.0,0.0,0.0
JEC-J19,37.4,0.0,5.0,0.0,0.0,0.0,0.0,0.0,4.0,0.0,1.13,0.0,0.0,0.0
JEC-J19,38.5,0.0,5.0,0.0,0.0,0.0,0.0,0.0,4.0,0.0,1.13,0.0,0.0,0.0
JEC-J19,39.6,0.0,5.0,0.0,0.0,0.0,0.0,0.0,4.0,0.0,1.13,0.0,0.0,0.0
JEC-J19,40.7,0.0,5.0,0.0,0.0,0.0,0.0,0.0,4.0,0.0,1.03,0.0,0.0,0.0
JEC-J19,41.8,0.0,5.0,0.0,0.0,0.0,0.0,0.0,4.0,0.0,1.03,0.0,0.0,0.0
JEC-J19,42.9,0.0,5.0,0.0,0.0,0.0,0.0,0.0,4.0,0.0,1.03,0.0,0.0,0.0
JEC-J19,44.0,0.0,5.0,0.0,0.0,0.0,0.0,0.0,4.0,0.0,1.03,0.0,0.0,0.0
JEC-J19,45.1,0.0,5.0,0.0,0.0,0.0,0.0,0.0,5.0,0.0,1.03,0.0,0.0,0.0
JEC-J19,46.2,0.0,5.0,0.0,0.0,0.0,0.0,0.0,5.0,0.0,1.03,0.0,0.0,0.0
JEC-J19,47.3,0.0,5.0,0.0,0.0,0.0,0.0,0.0,5.0,0.0,1.03,0.0,0.0,0.0
JEC-J19,48.4,0.0,5.0,0.0,0.0,0.0,0.0,0.0,5.0,0.0,1.03,0.0,0.0,0.0
JEC-J19,49.5,0.0,5.0,0.0,0.0,0.0,0.0,0.0,4.0,0.0,1.03,0.0,0.0,0.0
JEC-J19,50.6,0.0,5.0,0.0,0.0,0.0,0.0,0.0,4.0,0.0,1.03,0.0,0.0,0.0
JEC-J19,51.7,0.0,5.0,0.0,0.0,0.0,0.0,0.0,4.0,0.0,1.03,0.0,0.0,0.0
JEC-J19,52.8,0.0,5.0,0.0,0.0,0.0,0.0,0.0,4.0,0.0,1.03,0.0,0.0,0.0
JEC-J19,53.9,0.0,5.0,0.0,0.0,0.0,0.0,0.0,4.0,0.0,1.03,0.0,0.0,0.0
JEC-J19,55.0,0.0,5.0,0.0,0.0,0.0,0.0,0.0,4.0,0.0,1.03,0.0,0.0,0.0
JEC-J19,56.1,0.0,5.0,0.0,0.0,0.0,0.0,0.0,4.0,0.0,1.13,0.0,0.0,0.0
JEC-J19,57.2,0.0,5.0,0.0,0.0,0.0,0.0,0.0,5.0,0.0,1.13,0.0,0.0,0.0
JEC-J19,58.3,0.0,5.0,0.0,0.0,0.0,0.0,0.0,5.0,0.0,1.13,0.0,0.0,0.0
JEC-J19,59.4,0.0,5.0,0.0,0.0,0.0,0.0,0.0,5.0,0.0,1.13,0.0,0.0,0.0
JEC-J19,60.5,0.0,5.0,0.0,0.0,0.0,0.0,0.0,5.0,0.0,1.13,0.0,0.0,0.0
JEC-J19,61.6,0.0,5.0,0.0,0.0,0.0,0.0,0.0,4.0,0.0,1.13,0.0,0.0,0.0
JEC-J19,62.7,0.0,5.0,0.0,0.0,0.0,0.0,0.0,4.0,0.0,1.13,0.0,0.0,0.0
JEC-J19,63.8,0.0,5.0,0.0,0.0,0.0,0.0,0.0,4.0,0.0,1.13,0.0,0.0,0.0
JEC-J19,64.9,0.0,5.0,0.0,0.0,0.0,0.0,0.0,4.0,0.0,1.13,0.0,0.0,0.0
JEC-J19,66.0,0.0,5.0,0.0,0.0,0.0,0.0,0.0,4.0,0.0,1.13,0.0,0.0,0.0
JEC-J19,67.1,0.0,5.0,0.0,0.0,0.0,0.0,0.0,4.0,0.0,1.13,0.0,0.0,0.0
JEC-J19,68.2,0.0,5.0,0.0,0.0,0.0,0.0,0.0,4.0,0.0,1.13,0.0,0.0,0.0
JEC-J19,69.3,0.0,5.0,0.0,0.0,0.0,0.0,0.0,4.0,0.0,1.13,0.0,0.0,0.0
JEC-J19,70.4,0.0,5.0,0.0,0.0,0.0,0.0,0.0,4.0,0.0,1.13,0.0,0.0,0.0
JEC-J19,71.5,0.0,5.0,0.0,0.0,0.0,0.0,0.0,5.0,0.0,1.13,0.0,0.0,0.0
JEC-J19,72.6,0.0,5.0,0.0,0.0,0.0,0.0,0.0,5.0,0.0,1.13,0.0,0.0,0.0
JEC-J19,73.7,0.0,5.0,0.0,0.0,0.0,0.0,0.0,6.0,0.0,1.13,0.0,0.0,0.0
JEC-J19,74.8,0.0,5.0,0.0,0.0,0.0,0.0,0.0,6.0,0.0,1.13,0.0,0.0,0.0
JEC-J19,75.9,0.0,5.0,0.0,0.0,0.0,0.0,0.0,7.0,0.0,1.13,0.0,0.0,0.0
JEC-J19,77.0,0.0,5.0,0.0,0.0,0.0,0.0,0.0,7.0,0.0,1.13,0.0,0.0,0.0
JEC-J19,78.1,0.0,5.0,0.0,0.0,0.0,0.0,0.0,7.0,0.0,1.13,0.0,0.0,0.0
JEC-J19,79.2,0.0,5.0,0.0,0.0,0.0,0.0,0.0,7.0,0.0,1.13,0.0,0.0,0.0
JEC-J19,80.3,0.0,5.0,0.0,0.0,0.0,0.0,0.0,7.0,0.0,1.13,0.0,0.0,0.0
JEC-J19,81.4,0.0,5.0,0.0,0.0,0.0,0.0,0.0,7.0,0.0,1.13,0.0,0.0,0.0
JEC-J19,82.5,0.0,5.0,0.0,0.0,0.0,0.0,0.0,7.0,0.0,1.13,0.0,0.0,0.0
JEC-J19,83.6,0.0,5.0,0.0,0.0,0.0,0.0,0.0,7.0,0.0,1.13,0.0,0.0,0.0
JEC-J19,84.7,0.0,5.0,0.0,0.0,0.0,0.0,0.0,7.0,0.0,1.13,0.0,0.0,0.0
JEC-J19,85.8,0.0,5.0,0.0,0.0,0.0,0.0,0.0,8.0,0.0,1.13,0.0,0.0,0.0
JEC-J19,86.9,0.0,5.0,0.0,0.0,0.0,0.0,0.0,8.0,0.0,1.13,0.0,0.0,0.0
JEC-J19,88.0,0.0,5.0,0.0,0.0,0.0,0.0,0.0,8.0,0.0,1.13,0.0,0.0,0.0
JEC-J19,89.1,0.0,5.0,0.0,0.0,0.0,1.0,0.0,9.0,0.0,1.13,0.0,0.0,0.0
JEC-J19,90.2,0.0,5.0,0.0,0.0,0.0,1.0,0.0,9.0,0.0,1.13,0.0,0.0,0.0
JEC-J19,91.3,0.0,5.0,0.0,0.0,0.0,1.0,0.0,9.0,0.0,1.13,0.0,0.0,0.0
JEC-J19,92.4,0.0,5.0,0.0,0.0,0.0,1.0,0.0,9.0,0.0,1.13,0.0,0.0,0.0
JEC-J19,93.5,0.0,5.0,0.0,0.0,0.0,1.0,0.0,9.0,0.0,1.13,0.0,0.0,0.0
JEC-J19,94.6,0.0,5.0,0.0,0.0,0.0,1.0,0.0,8.0,0.0,1.13,0.0,0.0,0.0
JEC-J19,95.7,0.0,5.0,0.0,0.0,0.0,1.0,0.0,8.0,0.0,1.0,0.0,0.0,0.0
JEC-J19,96.8,0.0,5.0,0.0,0.0,0.0,1.0,0.0,8.0,0.0,1.0,0.0,0.0,0.0
JEC-J19,97.9,0.0,5.0,0.0,0.0,0.0,1.0,0.0,9.0,0.0,1.0,0.0,0.0,0.0
JEC-J19,99.0,0.0,5.0,0.0,0.0,0.0,1.0,0.0,9.0,0.0,1.0,0.0,0.0,0.0
JEC-J19,100.1,0.0,5.0,0.0,0.0,0.0,2.0,0.0,9.0,0.0,1.06,0.0,0.0,0.0
JEC-J19,101.2,0.0,5.0,0.0,0.0,0.0,2.0,0.0,9.0,0.0,1.06,0.0,0.0,0.0
JEC-J19,102.3,0.0,5.0,0.0,0.0,0.0,2.0,0.0,9.0,0.0,1.06,0.0,0.0,0.0
JEC-J19,103.4,0.0,5.0,0.0,0.0,0.0,2.0,0.0,9.0,0.0,1.06,0.0,0.0,0.0
JEC-J19,104.5,0.0,5.0,0.0,0.0,0.0,2.0,0.0,9.0,0.0,1.06,0.0,0.0,0.0
JEC-J19,105.6,0.0,5.0,0.0,0.0,0.0,2.0,0.0,9.0,1.0,1.06,0.0,0.0,0.0
JEC-J19,106.7,0.0,5.0,0.0,0.0,0.0,2.0,0.0,9.0,1.0,1.06,0.0,0.0,0.0
JEC-J19,107.8,0.0,5.0,0.0,0.0,0.0,1.0,0.0,9.0,0.0,1.06,0.0,0.0,0.0
JEC-J19,108.9,0.0,5.0,0.0,0.0,0.0,1.0,0.0,9.0,0.0,1.06,0.0,0.0,0.0
JEC-J19,110.0,0.0,5.0,0.0,0.0,0.0,1.0,0.0,9.0,0.0,1.06,0.0,0.0,0.0
JEC-J19,111.1,0.0,5.0,0.0,0.0,0.0,1.0,0.0,9.0,0.0,1.06,0.0,0.0,0.0
JEC-J19,112.2,0.0,5.0,0.0,0.0,0.0,1.0,0.0,9.0,0.0,1.06,0.0,0.0,0.0
JEC-J19,113.3,0.0,5.0,0.0,0.0,0.0,1.0,0.0,9.0,0.0,1.06,0.0,0.0,0.0
JEC-J19,114.4,0.0,5.0,0.0,0.0,0.0,1.0,0.0,9.0,0.0,1.06,0.0,0.0,0.0
JEC-J19,115.5,0.0,5.0,0.0,0.0,0.0,1.0,0.0,9.0,0.0,1.06,0.0,0.0,0.0
JEC-J19,116.6,0.0,5.0,0.0,0.0,0.0,1.0,0.0,9.0,0.0,1.06,0.0,0.0,0.0
JEC-J19,117.7,0.0,5.0,0.0,0.0,0.0,1.0,0.0,9.0,0.0,1.06,0.0,0.0,0.0
JEC-J19,118.8,0.0,5.0,0.0,0.0,0.0,1.0,0.0,9.0,0.0,1.06,0.0,0.0,0.0
JEC-J19,119.9,0.0,5.0,0.0,0.0,0.0,1.0,0.0,9.0,0.0,1.06,0.0,0.0,0.0
JEC-J19,121.0,0.0,5.0,0.0,0.0,0.0,1.0,0.0,9.0,0.0,1.06,0.0,0.0,0.0
JEC-J19,122.1,0.0,5.0,0.0,0.0,0.0,1.0,0.0,9.0,0.0,1.06,0.0,0.0,0.0
JEC-J19,123.2,0.0,5.0,0.0,0.0,0.0,1.0,0.0,9.0,0.0,1.06,0.0,0.0,0.0
JEC-J19,124.3,0.0,5.0,0.0,0.0,0.0,1.0,0.0,8.0,0.0,1.06,0.0,0.0,0.0
JEC-J19,125.4,0.0,5.0,0.0,0.0,0.0,1.0,0.0,8.0,0.0,1.06,0.0,0.0,0.0
JEC-J19,126.5,0.0,5.0,0.0,0.0,0.0,1.0,0.0,8.0,0.0,1.06,0.0,0.0,0.0
JEC-J19,127.6,0.0,5.0,0.0,0.0,0.0,1.0,0.0,8.0,0.0,1.06,0.0,0.0,0.0
JEC-J19,128.7,0.0,5.0,0.0,0.0,0.0,1.0,0.0,8.0,0.0,1.06,0.0,0.0,0.0
JEC-J19,129.8,0.0,5.0,0.0,0.0,0.0,1.0,0.0,8.0,0.0,1.06,0.0,0.0,0.0
JEC-J19,130.9,0.0,5.0,0.0,0.0,0.0,1.0,0.0,8.0,0.0,1.06,0.0,0.0,0.0
JEC-J19,132.0,0.0,5.0,0.0,0.0,0.0,1.0,0.0,8.0,0.0,1.06,0.0,0.0,0.0
JEC-J19,133.1,0.0,5.0,0.0,0.0,0.0,1.0,0.0,8.0,0.0,1.06,0.0,0.0,0.0
JEC-J19,134.2,0.0,5.0,0.0,0.0,0.0,1.0,0.0,8.0,0.0,1.06,0.0,0.0,0.0
JEC-J19,135.3,0.0,5.0,0.0,0.0,0.0,1.0,0.0,8.0,0.0,1.06,0.0,0.0,0.0
JEC-J19,136.4,0.0,5.0,0.0,0.0,0.0,1.0,0.0,8.0,0.0,1.06,0.0,0.0,0.0
JEC-J19,137.5,0.0,5.0,0.0,0.0,0.0,2.0,0.0,8.0,0.0,1.06,0.0,0.0,0.0
JEC-J19,138.6,0.0,5.0,0.0,0.0,0.0,2.0,0.0,8.0,0.0,1.06,0.0,0.0,0.0
JEC-J19,139.7,0.0,5.0,0.0,0.0,0.0,2.0,0.0,8.0,0.0,1.06,0.0,0.0,0.0
JEC-J19,140.8,0.0,5.0,0.0,0.0,0.0,2.0,0.0,8.0,0.0,1.06,0.0,0.0,0.0
JEC-J19,141.9,0.0,5.0,0.0,0.0,0.0,2.0,0.0,8.0,0.0,1.06,0.0,0.0,0.0
JEC-J19,143.0,0.0,5.0,0.0,0.0,0.0,2.0,0.0,8.0,0.0,1.06,0.0,0.0,0.0
JEC-J19,144.1,1.0,5.0,0.0,0.0,0.0,2.0,0.0,8.0,0.0,1.06,0.0,0.0,0.0
JEC-J19,145.2,1.0,5.0,0.0,0.0,0.0,1.0,0.0,9.0,1.0,1.06,0.0,0.0,0.0
JEC-J19,146.3,1.0,5.0,0.0,0.0,0.0,1.0,0.0,9.0,1.0,1.06,0.0,0.0,0.0
JEC-J19,147.4,0.0,5.0,0.0,0.0,0.0,1.0,0.0,9.0,1.0,1.06,0.0,0.0,1.0
JEC-J19,148.5,0.0,5.0,0.0,0.0,0.0,1.0,0.0,9.0,1.0,1.06,0.0,0.0,1.0
JEC-J19,149.6,0.0,5.0,1.0,0.0,0.0,1.0,0.0,9.0,1.0,1.06,0.0,0.0,2.0
JEC-J19,150.7,0.0,5.0,1.0,0.0,0.0,1.0,0.0,9.0,1.0,1.06,0.0,0.0,0.0
JEC-J19,151.8,0.0,5.0,1.0,0.0,0.0,1.0,0.0,9.0,1.0,1.06,0.0,0.0,0.0
JEC-J19,152.9,0.0,5.0,0.0,0.0,0.0,1.0,0.0,9.0,1.0,1.06,0.0,0.0,0.0
JEC-J19,154.0,0.0,5.0,0.0,0.0,0.0,1.0,0.0,9.0,1.0,1.06,0.0,0.0,0.0
JEC-J19,155.1,0.0,5.0,0.0,0.0,0.0,1.0,0.0,9.0,1.0,1.06,0.0,0.0,0.0
JEC-J19,156.2,0.0,5.0,0.0,0.0,0.0,1.0,0.0,9.0,1.0,1.06,0.0,0.0,0.0
JEC-J19,157.3,0.0,5.0,0.0,0.0,0.0,1.0,0.0,9.0,1.0,1.06,0.0,0.0,0.0
JEC-J19,158.4,0.0,5.0,0.0,0.0,0.0,1.0,0.0,9.0,1.0,1.06,0.0,0.0,0.0
JEC-J19,159.5,0.0,5.0,0.0,0.0,0.0,1.0,0.0,9.0,0.0,1.06,0.0,0.0,0.0
JEC-J19,160.6,0.0,5.0,0.0,0.0,0.0,1.0,0.0,9.0,0.0,1.0,0.0,0.0,0.0
JEC-J19,161.7,0.0,5.0,0.0,0.0,0.0,1.0,0.0,9.0,0.0,1.0,0.0,0.0,0.0
JEC-J19,162.8,0.0,5.0,0.0,0.0,0.0,1.0,0.0,9.0,0.0,1.0,0.0,0.0,0.0
JEC-J19,163.9,0.0,5.0,0.0,0.0,0.0,1.0,0.0,9.0,0.0,1.0,0.0,0.0,0.0
JEC-J19,165.0,0.0,5.0,0.0,0.0,0.0,1.0,0.0,9.0,0.0,1.0,0.0,0.0,0.0
JEC-J19,166.1,0.0,5.0,0.0,0.0,0.0,1.0,0.0,10.0,0.0,1.0,0.0,0.0,0.0
JEC-J19,167.2,0.0,5.0,0.0,0.0,0.0,1.0,0.0,10.0,0.0,1.0,0.0,0.0,0.0
JEC-J19,168.3,0.0,5.0,0.0,0.0,0.0,1.0,0.0,10.0,0.0,1.0,0.0,0.0,0.0
JEC-J19,169.4,0.0,5.0,0.0,0.0,0.0,1.0,0.0,10.0,0.0,1.0,0.0,0.0,0.0
JEC-J19,170.5,0.0,5.0,0.0,0.0,0.0,1.0,0.0,10.0,0.0,1.0,0.0,0.0,0.0
JEC-J19,171.6,0.0,5.0,0.0,0.0,0.0,1.0,0.0,10.0,0.0,1.0,0.0,0.0,0.0
JEC-J19,172.7,0.0,5.0,0.0,0.0,0.0,1.0,0.0,10.0,0.0,1.0,0.0,0.0,0.0
JEC-J19,173.8,0.0,5.0,0.0,0.0,0.0,1.0,0.0,10.0,0.0,1.0,0.0,0.0,0.0
JEC-J19,174.9,0.0,5.0,0.0,0.0,0.0,1.0,0.0,10.0,0.0,1.0,0.0,0.0,0.0
JEC-J19,176.0,0.0,5.0,0.0,0.0,0.0,1.0,0.0,10.0,0.0,1.0,0.0,0.0,0.0
JEC-J19,177.1,0.0,5.0,0.0,0.0,0.0,1.0,0.0,10.0,0.0,1.0,0.0,0.0,0.0
JEC-J19,178.2,0.0,5.0,0.0,0.0,0.0,1.0,0.0,9.0,0.0,1.0,0.0,0.0,0.0
JEC-J19,179.3,0.0,5.0,0.0,0.0,0.0,1.0,0.0,9.0,0.0,1.0,0.0,0.0,0.0
JEC-J19,180.4,0.0,5.0,0.0,0.0,0.0,1.0,0.0,9.0,0.0,1.0,0.0,0.0,0.0
JEC-J19,181.5,0.0,5.0,0.0,0.0,0.0,1.0,0.0,9.0,0.0,1.0,0.0,0.0,0.0
JEC-J19,182.6,0.0,5.0,0.0,0.0,0.0,1.0,0.0,9.0,0.0,1.0,0.0,0.0,0.0
JEC-J19,183.7,0.0,5.0,0.0,0.0,0.0,1.0,0.0,9.0,0.0,1.0,0.0,0.0,0.0
JEC-J19,184.8,0.0,5.0,0.0,0.0,0.0,1.0,0.0,9.0,0.0,1.0,0.0,0.0,0.0
JEC-J19,185.9,0.0,5.0,0.0,0.0,0.0,1.0,0.0,9.0,0.0,1.0,0.0,0.0,0.0
JEC-J19,187.0,0.0,5.0,0.0,0.0,0.0,1.0,0.0,9.0,0.0,1.0,0.0,0.0,0.0
JEC-J19,188.1,0.0,5.0,0.0,0.0,0.0,1.0,0.0,9.0,0.0,1.0,0.0,0.0,0.0
JEC-J19,189.2,0.0,5.0,0.0,0.0,0.0,1.0,0.0,9.0,0.0,1.0,0.0,0.0,0.0
JEC-J19,190.3,0.0,5.0,0.0,0.0,0.0,1.0,0.0,9.0,0.0,1.0,0.0,0.0,0.0
JEC-J19,191.4,0.0,5.0,0.0,0.0,0.0,1.0,0.0,9.0,0.0,1.0,0.0,0.0,0.0
JEC-J19,192.5,0.0,5.0,0.0,0.0,0.0,1.0,0.0,9.0,0.0,1.0,0.0,0.0,0.0
JEC-J19,193.6,0.0,5.0,0.0,0.0,0.0,1.0,0.0,9.0,0.0,1.0,0.0,0.0,0.0
JEC-J15,1.1,0.0,5.0,0.0,0.0,0.0,0.0,0.0,1.0,0.0,1.13,0.0,0.0,0.0
JEC-J15,2.2,0.0,5.0,0.0,0.0,0.0,0.0,0.0,1.0,0.0,1.13,0.0,0.0,0.0
JEC-J15,3.3,0.0,5.0,0.0,0.0,0.0,0.0,0.0,1.0,0.0,1.13,0.0,0.0,0.0
JEC-J15,4.4,0.0,5.0,0.0,0.0,0.0,0.0,0.0,1.0,0.0,1.13,0.0,0.0,0.0
JEC-J15,5.5,0.0,5.0,0.0,0.0,0.0,0.0,0.0,1.0,0.0,1.13,0.0,0.0,0.0
JEC-J15,6.6,0.0,5.0,0.0,0.0,0.0,0.0,0.0,1.0,0.0,1.13,0.0,0.0,0.0
JEC-J15,7.7,0.0,5.0,0.0,0.0,0.0,0.0,0.0,1.0,0.0,1.13,0.0,0.0,0.0
JEC-J15,8.8,0.0,5.0,0.0,0.0,0.0,0.0,0.0,1.0,0.0,1.13,0.0,0.0,0.0
JEC-J15,9.9,0.0,5.0,0.0,0.0,0.0,0.0,0.0,1.0,0.0,1.13,0.0,0.0,0.0
JEC-J15,11.0,0.0,5.0,0.0,0.0,0.0,0.0,0.0,1.0,0.0,1.13,0.0,0.0,0.0
JEC-J15,12.1,0.0,5.0,0.0,0.0,0.0,0.0,0.0,1.0,0.0,1.13,0.0,0.0,0.0
JEC-J15,13.2,0.0,5.0,0.0,0.0,0.0,0.0,0.0,1.0,0.0,1.13,0.0,0.0,0.0
JEC-J15,14.3,0.0,5.0,0.0,0.0,0.0,0.0,0.0,1.0,0.0,1.13,0.0,0.0,0.0
JEC-J15,15.4,0.0,5.0,0.0,0.0,0.0,0.0,0.0,1.0,0.0,1.13,0.0,0.0,0.0
JEC-J15,16.5,0.0,5.0,0.0,0.0,0.0,0.0,0.0,1.0,0.0,1.13,0.0,0.0,0.0
JEC-J15,17.6,0.0,5.0,0.0,0.0,0.0,0.0,0.0,1.0,0.0,1.13,0.0,0.0,0.0
JEC-J15,18.7,0.0,5.0,0.0,0.0,0.0,0.0,0.0,1.0,0.0,1.13,0.0,0.0,0.0
JEC-J15,19.8,0.0,5.0,0.0,0.0,0.0,0.0,0.0,1.0,0.0,1.13,0.0,0.0,0.0
JEC-J15,20.9,0.0,5.0,0.0,0.0,0.0,0.0,0.0,1.0,0.0,1.13,0.0,0.0,0.0
JEC-J15,22.0,0.0,5.0,0.0,0.0,0.0,0.0,0.0,1.0,0.0,1.13,0.0,0.0,0.0
JEC-J15,23.1,0.0,5.0,0.0,0.0,0.0,0.0,0.0,1.0,0.0,1.13,0.0,0.0,0.0
JEC-J15,24.2,0.0,5.0,0.0,0.0,0.0,0.0,0.0,1.0,0.0,1.13,0.0,0.0,0.0
JEC-J15,25.3,0.0,5.0,0.0,0.0,0.0,0.0,0.0,1.0,0.0,1.13,0.0,0.0,0.0
JEC-J15,26.4,0.0,5.0,0.0,0.0,0.0,0.0,0.0,1.0,0.0,1.13,0.0,0.0,0.0
JEC-J15,27.5,0.0,5.0,0.0,0.0,0.0,0.0,0.0,1.0,0.0,1.13,0.0,0.0,0.0
JEC-J15,28.6,0.0,5.0,0.0,0.0,0.0,0.0,0.0,1.0,0.0,1.13,0.0,0.0,0.0
JEC-J15,29.7,0.0,5.0,0.0,0.0,0.0,0.0,0.0,1.0,0.0,1.13,0.0,0.0,0.0
JEC-J15,30.8,0.0,5.0,0.0,0.0,0.0,0.0,0.0,1.0,0.0,1.13,0.0,0.0,0.0
JEC-J15,31.9,0.0,5.0,0.0,0.0,0.0,0.0,0.0,1.0,0.0,1.13,0.0,0.0,0.0
JEC-J15,33.0,0.0,5.0,0.0,0.0,0.0,0.0,0.0,1.0,0.0,1.13,0.0,0.0,0.0
JEC-J15,34.1,0.0,5.0,0.0,0.0,0.0,0.0,0.0,1.0,0.0,1.13,0.0,0.0,0.0
JEC-J15,35.2,0.0,5.0,0.0,0.0,0.0,0.0,0.0,1.0,0.0,1.13,0.0,0.0,0.0
JEC-J15,36.3,0.0,5.0,0.0,0.0,0.0,0.0,0.0,1.0,0.0,1.13,0.0,0.0,0.0
JEC-J15,37.4,0.0,5.0,0.0,0.0,0.0,0.0,0.0,1.0,0.0,1.13,0.0,0.0,0.0
JEC-J15,38.5,0.0,5.0,0.0,0.0,0.0,0.0,0.0,1.0,0.0,1.13,0.0,0.0,0.0
JEC-J15,39.6,0.0,5.0,0.0,0.0,0.0,0.0,0.0,2.0,0.0,1.13,0.0,0.0,0.0
JEC-J15,40.7,0.0,5.0,0.0,0.0,0.0,0.0,0.0,2.0,0.0,1.03,0.0,0.0,0.0
JEC-J15,41.8,0.0,5.0,0.0,0.0,0.0,0.0,0.0,2.0,0.0,1.03,0.0,0.0,0.0
JEC-J15,42.9,0.0,5.0,0.0,0.0,0.0,1.0,0.0,2.0,0.0,1.03,0.0,0.0,0.0
JEC-J15,44.0,0.0,5.0,0.0,0.0,0.0,1.0,0.0,2.0,0.0,1.03,0.0,0.0,0.0
JEC-J15,45.1,0.0,5.0,0.0,0.0,0.0,1.0,0.0,2.0,0.0,1.03,0.0,0.0,0.0
JEC-J15,46.2,0.0,5.0,0.0,0.0,0.0,1.0,0.0,2.0,0.0,1.03,0.0,0.0,0.0
JEC-J15,47.3,0.0,5.0,0.0,0.0,0.0,1.0,0.0,2.0,0.0,1.03,0.0,0.0,0.0
JEC-J15,48.4,0.0,5.0,0.0,0.0,0.0,1.0,0.0,2.0,0.0,1.03,0.0,0.0,0.0
JEC-J15,49.5,1.0,5.0,0.0,0.0,0.0,1.0,0.0,2.0,0.0,1.03,0.0,0.0,0.0
JEC-J15,50.6,1.0,5.0,0.0,0.0,0.0,0.0,0.0,2.0,1.0,1.03,0.0,0.0,0.0
JEC-J15,51.7,1.0,5.0,0.0,0.0,0.0,0.0,0.0,2.0,1.0,1.03,0.0,0.0,0.0
JEC-J15,52.8,0.0,5.0,0.0,0.0,0.0,0.0,0.0,3.0,1.0,1.03,0.0,0.0,1.0
JEC-J15,53.9,0.0,5.0,0.0,0.0,0.0,0.0,0.0,3.0,1.0,1.03,0.0,0.0,1.0
JEC-J15,55.0,0.0,5.0,1.0,0.0,0.0,0.0,0.0,3.0,1.0,1.03,0.0,0.0,2.0
JEC-J15,56.1,0.0,5.0,1.0,0.0,0.0,0.0,0.0,3.0,1.0,1.13,0.0,0.0,0.0
JEC-J15,57.2,0.0,5.0,1.0,0.0,0.0,0.0,0.0,3.0,1.0,1.13,0.0,0.0,0.0
JEC-J15,58.3,0.0,5.0,0.0,0.0,0.0,0.0,0.0,3.0,1.0,1.13,0.0,0.0,0.0
JEC-J15,59.4,0.0,5.0,0.0,0.0,0.0,0.0,0.0,3.0,1.0,1.13,0.0,0.0,0.0
JEC-J15,60.5,0.0,5.0,0.0,0.0,0.0,0.0,0.0,3.0,0.0,1.13,0.0,0.0,0.0
JEC-J15,61.6,0.0,5.0,0.0,0.0,0.0,0.0,0.0,3.0,0.0,1.13,0.0,0.0,0.0
JEC-J15,62.7,0.0,5.0,0.0,0.0,0.0,0.0,0.0,3.0,0.0,1.13,0.0,0.0,0.0
JEC-J15,63.8,0.0,5.0,0.0,0.0,0.0,0.0,0.0,3.0,0.0,1.13,0.0,0.0,0.0
JEC-J15,64.9,0.0,5.0,0.0,0.0,0.0,0.0,0.0,4.0,0.0,1.13,0.0,0.0,0.0
JEC-J15,66.0,0.0,5.0,0.0,0.0,0.0,0.0,0.0,4.0,0.0,1.13,0.0,0.0,0.0
JEC-J15,67.1,0.0,5.0,0.0,0.0,0.0,0.0,0.0,5.0,0.0,1.13,0.0,0.0,0.0
JEC-J15,68.2,0.0,5.0,0.0,0.0,0.0,1.0,0.0,5.0,0.0,1.13,0.0,0.0,0.0
JEC-J15,69.3,0.0,5.0,0.0,0.0,0.0,1.0,0.0,6.0,0.0,1.13,0.0,0.0,0.0
JEC-J15,70.4,0.0,5.0,0.0,0.0,0.0,1.0,0.0,6.0,0.0,1.13,0.0,0.0,0.0
JEC-J15,71.5,0.0,5.0,0.0,0.0,0.0,1.0,0.0,6.0,0.0,1.13,0.0,0.0,0.0
JEC-J15,72.6,0.0,5.0,0.0,0.0,0.0,2.0,0.0,6.0,0.0,1.13,0.0,0.0,0.0
JEC-J15,73.7,0.0,5.0,0.0,0.0,0.0,2.0,0.0,6.0,0.0,1.13,0.0,0.0,0.0
JEC-J15,74.8,0.0,5.0,0.0,0.0,0.0,2.0,0.0,6.0,0.0,1.13,0.0,0.0,0.0
JEC-J15,75.9,0.0,5.0,0.0,0.0,0.0,2.0,0.0,6.0,0.0,1.13,0.0,0.0,0.0
JEC-J15,77.0,0.0,5.0,0.0,0.0,0.0,2.0,0.0,6.0,0.0,1.13,0.0,0.0,0.0
JEC-J15,78.1,1.0,5.0,0.0,0.0,0.0,2.0,0.0,6.0,0.0,1.13,0.0,0.0,0.0
JEC-J15,79.2,1.0,5.0,0.0,0.0,0.0,1.0,0.0,6.0,1.0,1.13,0.0,0.0,0.0
JEC-J15,80.3,1.0,5.0,0.0,0.0,0.0,1.0,0.0,6.0,1.0,1.13,0.0,0.0,0.0
JEC-J15,81.4,1.0,5.0,0.0,0.0,0.0,1.0,0.0,6.0,1.0,1.13,0.0,0.0,1.0
JEC-J15,82.5,1.0,5.0,0.0,0.0,0.0,1.0,0.0,6.0,1.0,1.13,0.0,0.0,1.0
JEC-J15,83.6,1.0,5.0,1.0,0.0,0.0,2.0,0.0,6.0,1.0,1.13,0.0,0.0,2.0
JEC-J15,84.7,1.0,5.0,1.0,0.0,0.0,1.0,0.0,7.0,2.0,1.13,0.0,0.0,0.0
JEC-J15,85.8,1.0,5.0,1.0,0.0,0.0,1.0,0.0,7.0,2.0,1.13,0.0,0.0,0.0
JEC-J15,86.9,0.0,5.0,1.0,0.0,0.0,1.0,0.0,7.0,2.0,1.13,0.0,0.0,0.0
JEC-J15,88.0,0.0,5.0,1.0,0.0,0.0,1.0,0.0,7.0,2.0,1.13,0.0,0.0,0.0
JEC-J15,89.1,0.0,5.0,1.0,0.0,0.0,1.0,0.0,7.0,2.0,1.13,0.0,0.0,0.0
JEC-J15,90.2,1.0,5.0,1.0,0.0,0.0,1.0,0.0,7.0,2.0,1.13,0.0,0.0,0.0
JEC-J15,91.3,1.0,5.0,1.0,0.0,0.0,1.0,0.0,7.0,2.0,1.13,0.0,0.0,0.0
JEC-J15,92.4,1.0,5.0,0.0,0.0,0.0,1.0,0.0,7.0,2.0,1.13,0.0,0.0,0.0
JEC-J15,93.5,0.0,5.0,0.0,0.0,0.0,1.0,0.0,8.0,2.0,1.13,0.0,0.0,1.0
JEC-J15,94.6,0.0,5.0,0.0,0.0,0.0,1.0,0.0,8.0,1.0,1.13,0.0,0.0,1.0
JEC-J15,95.7,0.0,5.0,1.0,0.0,0.0,0.0,0.0,8.0,2.0,1.0,0.0,0.0,2.0
JEC-J15,96.8,0.0,5.0,1.0,0.0,0.0,0.0,0.0,7.0,2.0,1.0,0.0,0.0,0.0
JEC-J15,97.9,1.0,5.0,1.0,0.0,0.0,1.0,0.0,7.0,2.0,1.0,0.0,0.0,0.0
JEC-J15,99.0,1.0,5.0,0.0,0.0,0.0,1.0,0.0,7.0,2.0,1.0,0.0,0.0,0.0
JEC-J15,100.1,1.0,5.0,0.0,0.0,0.0,1.0,0.0,7.0,2.0,1.06,0.0,0.0,0.0
JEC-J15,101.2,1.0,5.0,0.0,0.0,0.0,1.0,0.0,7.0,2.0,1.06,0.0,0.0,1.0
JEC-J15,102.3,1.0,5.0,0.0,0.0,0.0,1.0,0.0,7.0,2.0,1.06,0.0,0.0,1.0
JEC-J15,103.4,1.0,5.0,1.0,0.0,0.0,1.0,0.0,8.0,2.0,1.06,0.0,0.0,2.0
JEC-J15,104.5,0.0,5.0,1.0,0.0,0.0,1.0,0.0,8.0,2.0,1.06,0.0,0.0,0.0
JEC-J15,105.6,1.0,5.0,1.0,0.0,0.0,1.0,0.0,8.0,2.0,1.06,0.0,0.0,1.0
JEC-J15,106.7,0.0,5.0,1.0,0.0,0.0,1.0,0.0,8.0,2.0,1.06,0.0,0.0,2.0
JEC-J15,107.8,0.0,5.0,1.0,0.0,0.0,1.0,0.0,8.0,2.0,1.06,0.0,0.0,0.0
JEC-J15,108.9,0.0,5.0,1.0,0.0,0.0,1.0,0.0,8.0,2.0,1.06,0.0,0.0,0.0
JEC-J15,110.0,0.0,5.0,0.0,0.0,0.0,1.0,0.0,8.0,2.0,1.06,0.0,0.0,1.0
JEC-J15,111.1,0.0,5.0,1.0,0.0,0.0,1.0,0.0,8.0,2.0,1.06,0.0,0.0,1.0
JEC-J15,112.2,0.0,5.0,0.0,0.0,0.0,1.0,0.0,8.0,2.0,1.06,0.0,0.0,1.0
JEC-J15,113.3,0.0,5.0,0.0,0.0,0.0,1.0,0.0,8.0,2.0,1.06,0.0,0.0,1.0
JEC-J15,114.4,0.0,5.0,0.0,0.0,0.0,1.0,0.0,8.0,2.0,1.06,0.0,0.0,1.0
JEC-J15,115.5,0.0,5.0,0.0,0.0,0.0,1.0,0.0,8.0,1.0,1.06,0.0,0.0,1.0
JEC-J15,116.6,0.0,5.0,0.0,0.0,0.0,1.0,0.0,8.0,1.0,1.06,0.0,0.0,0.0
JEC-J15,117.7,0.0,5.0,0.0,0.0,0.0,1.0,0.0,8.0,1.0,1.06,0.0,0.0,0.0
JEC-J15,118.8,0.0,5.0,0.0,0.0,0.0,1.0,0.0,8.0,1.0,1.06,0.0,0.0,0.0
JEC-J15,119.9,0.0,5.0,0.0,0.0,0.0,1.0,0.0,8.0,1.0,1.06,0.0,0.0,1.0
JEC-J15,121.0,0.0,5.0,0.0,0.0,0.0,1.0,0.0,8.0,1.0,1.06,0.0,0.0,1.0
JEC-J15,122.1,0.0,5.0,0.0,0.0,0.0,1.0,0.0,8.0,1.0,1.06,0.0,0.0,1.0
JEC-J15,123.2,1.0,5.0,0.0,0.0,0.0,1.0,0.0,8.0,1.0,1.06,0.0,0.0,1.0
JEC-J15,124.3,0.0,5.0,0.0,0.0,0.0,1.0,0.0,8.0,1.0,1.06,0.0,0.0,1.0
JEC-J15,125.4,0.0,5.0,0.0,0.0,0.0,1.0,0.0,8.0,1.0,1.06,0.0,0.0,1.0
JEC-J15,126.5,0.0,5.0,0.0,0.0,0.0,1.0,0.0,8.0,1.0,1.06,0.0,0.0,0.0
JEC-J15,127.6,0.0,5.0,0.0,0.0,0.0,1.0,0.0,7.0,1.0,1.06,0.0,0.0,0.0
JEC-J15,128.7,0.0,5.0,1.0,0.0,0.0,1.0,0.0,7.0,1.0,1.06,0.0,0.0,1.0
JEC-J15,129.8,0.0,5.0,0.0,0.0,0.0,1.0,0.0,7.0,1.0,1.06,0.0,0.0,1.0
JEC-J15,130.9,0.0,5.0,0.0,0.0,0.0,1.0,0.0,7.0,1.0,1.06,0.0,0.0,1.0
JEC-J15,132.0,0.0,5.0,0.0,0.0,0.0,1.0,0.0,7.0,1.0,1.06,0.0,0.0,1.0
JEC-J15,133.1,0.0,5.0,0.0,0.0,0.0,1.0,0.0,7.0,1.0,1.06,0.0,0.0,1.0
JEC-J15,134.2,0.0,5.0,0.0,0.0,0.0,1.0,0.0,7.0,1.0,1.06,0.0,0.0,1.0
JEC-J15,135.3,0.0,5.0,0.0,0.0,0.0,1.0,0.0,7.0,1.0,1.06,0.0,0.0,0.0
JEC-J15,136.4,0.0,5.0,0.0,0.0,0.0,1.0,0.0,7.0,1.0,1.06,0.0,0.0,0.0
JEC-J15,137.5,0.0,5.0,0.0,0.0,0.0,1.0,0.0,7.0,1.0,1.06,0.0,0.0,1.0
JEC-J15,138.6,0.0,5.0,0.0,0.0,0.0,1.0,0.0,7.0,1.0,1.06,0.0,0.0,1.0
JEC-J15,139.7,0.0,5.0,0.0,0.0,0.0,1.0,0.0,7.0,1.0,1.06,0.0,0.0,1.0
JEC-J15,140.8,1.0,5.0,0.0,0.0,0.0,1.0,0.0,8.0,1.0,1.06,0.0,0.0,1.0
JEC-J15,141.9,1.0,5.0,0.0,0.0,0.0,1.0,0.0,8.0,1.0,1.06,0.0,0.0,1.0
JEC-J15,143.0,0.0,5.0,0.0,0.0,0.0,1.0,0.0,8.0,1.0,1.06,0.0,0.0,1.0
JEC-J15,144.1,0.0,5.0,0.0,0.0,0.0,1.0,0.0,8.0,1.0,1.06,0.0,0.0,0.0
JEC-J15,145.2,0.0,5.0,0.0,0.0,0.0,1.0,0.0,8.0,1.0,1.06,0.0,0.0,0.0
JEC-J15,146.3,0.0,5.0,1.0,0.0,0.0,1.0,0.0,8.0,1.0,1.06,0.0,0.0,1.0
JEC-J15,147.4,0.0,5.0,1.0,0.0,0.0,1.0,0.0,8.0,1.0,1.06,0.0,0.0,1.0
JEC-J15,148.5,0.0,5.0,0.0,0.0,0.0,1.0,0.0,8.0,1.0,1.06,0.0,0.0,1.0
JEC-J15,149.6,0.0,5.0,0.0,0.0,0.0,1.0,0.0,8.0,1.0,1.06,0.0,0.0,1.0
JEC-J15,150.7,0.0,5.0,0.0,0.0,0.0,1.0,0.0,8.0,1.0,1.06,0.0,0.0,1.0
JEC-J15,151.8,0.0,5.0,0.0,0.0,0.0,1.0,0.0,8.0,1.0,1.06,0.0,0.0,1.0
JEC-J15,152.9,0.0,5.0,0.0,0.0,0.0,1.0,0.0,8.0,1.0,1.06,0.0,0.0,0.0
JEC-J15,154.0,0.0,5.0,0.0,0.0,0.0,1.0,0.0,8.0,1.0,1.06,0.0,0.0,0.0
JEC-J15,155.1,0.0,5.0,0.0,0.0,0.0,1.0,0.0,8.0,1.0,1.06,0.0,0.0,0.0
JEC-J15,156.2,0.0,5.0,0.0,0.0,0.0,1.0,0.0,8.0,1.0,1.06,0.0,0.0,1.0
JEC-J15,157.3,0.0,5.0,0.0,0.0,0.0,1.0,0.0,8.0,1.0,1.06,0.0,0.0,1.0
JEC-J15,158.4,0.0,5.0,0.0,0.0,0.0,1.0,0.0,8.0,1.0,1.06,0.0,0.0,1.0
JEC-J15,159.5,1.0,5.0,0.0,0.0,0.0,1.0,0.0,8.0,1.0,1.06,0.0,0.0,1.0
JEC-J15,160.6,0.0,5.0,0.0,0.0,0.0,1.0,0.0,7.0,1.0,1.0,0.0,0.0,1.0
JEC-J15,161.7,0.0,5.0,0.0,0.0,0.0,1.0,0.0,8.0,1.0,1.0,0.0,0.0,1.0
JEC-J15,162.8,0.0,5.0,0.0,0.0,0.0,1.0,0.0,8.0,1.0,1.0,0.0,0.0,0.0
JEC-J15,163.9,0.0,5.0,0.0,0.0,0.0,1.0,0.0,8.0,1.0,1.0,0.0,0.0,1.0
JEC-J15,165.0,0.0,5.0,1.0,0.0,0.0,1.0,0.0,8.0,1.0,1.0,0.0,0.0,1.0
JEC-J15,166.1,0.0,5.0,0.0,0.0,0.0,1.0,0.0,8.0,1.0,1.0,0.0,0.0,1.0
JEC-J15,167.2,0.0,5.0,0.0,0.0,0.0,1.0,0.0,8.0,1.0,1.0,0.0,0.0,1.0
JEC-J15,168.3,1.0,5.0,0.0,0.0,0.0,1.0,0.0,8.0,1.0,1.0,0.0,0.0,1.0
JEC-J15,169.4,0.0,5.0,0.0,0.0,0.0,1.0,0.0,8.0,1.0,1.0,0.0,0.0,1.0
JEC-J15,170.5,0.0,5.0,0.0,0.0,0.0,1.0,0.0,8.0,1.0,1.0,0.0,0.0,0.0
JEC-J15,171.6,0.0,5.0,0.0,0.0,0.0,1.0,0.0,8.0,1.0,1.0,0.0,0.0,0.0
JEC-J15,172.7,0.0,5.0,0.0,0.0,0.0,1.0,0.0,8.0,1.0,1.0,0.0,0.0,0.0
JEC-J15,173.8,0.0,5.0,1.0,0.0,0.0,1.0,0.0,8.0,1.0,1.0,0.0,0.0,1.0
JEC-J15,174.9,0.0,5.0,0.0,0.0,0.0,1.0,0.0,8.0,1.0,1.0,0.0,0.0,1.0
JEC-J15,176.0,0.0,5.0,0.0,0.0,0.0,1.0,0.0,8.0,1.0,1.0,0.0,0.0,1.0
JEC-J15,177.1,1.0,5.0,0.0,0.0,0.0,1.0,0.0,8.0,1.0,1.0,0.0,0.0,1.0
JEC-J15,178.2,0.0,5.0,0.0,0.0,0.0,1.0,0.0,8.0,1.0,1.0,0.0,0.0,1.0
JEC-J15,179.3,0.0,5.0,0.0,0.0,0.0,1.0,0.0,8.0,1.0,1.0,0.0,0.0,1.0
JEC-J15,180.4,0.0,5.0,0.0,0.0,0.0,1.0,0.0,8.0,1.0,1.0,0.0,0.0,0.0
JEC-J15,181.5,0.0,5.0,0.0,0.0,0.0,1.0,0.0,8.0,1.0,1.0,0.0,0.0,0.0
JEC-J15,182.6,0.0,5.0,1.0,0.0,0.0,1.0,0.0,8.0,1.0,1.0,0.0,0.0,1.0
JEC-J15,183.7,0.0,5.0,0.0,0.0,0.0,1.0,0.0,8.0,1.0,1.0,0.0,0.0,1.0
JEC-J15,184.8,0.0,5.0,0.0,0.0,0.0,1.0,0.0,8.0,1.0,1.0,0.0,0.0,1.0
JEC-J15,185.9,0.0,5.0,0.0,0.0,0.0,1.0,0.0,8.0,1.0,1.0,0.0,0.0,1.0
JEC-J15,187.0,0.0,5.0,0.0,0.0,0.0,1.0,0.0,8.0,1.0,1.0,0.0,0.0,1.0
JEC-J15,188.1,0.0,5.0,0.0,0.0,0.0,1.0,0.0,8.0,1.0,1.0,0.0,0.0,1.0
JEC-J15,189.2,0.0,5.0,0.0,0.0,0.0,1.0,0.0,8.0,1.0,1.0,0.0,0.0,0.0
JEC-J15,190.3,0.0,5.0,0.0,0.0,0.0,1.0,0.0,8.0,1.0,1.0,0.0,0.0,0.0
JEC-J15,191.4,0.0,5.0,0.0,0.0,0.0,1.0,0.0,8.0,1.0,1.0,0.0,0.0,1.0
JEC-J15,192.5,0.0,5.0,0.0,0.0,0.0,1.0,0.0,8.0,1.0,1.0,0.0,0.0,1.0
JEC-J15,193.6,0.0,5.0,0.0,0.0,0.0,1.0,0.0,8.0,1.0,1.0,0.0,0.0,1.0
JEC-J22,1.1,0.0,5.0,0.0,0.0,0.0,0.0,0.0,4.0,0.0,1.13,0.0,0.0,0.0
JEC-J22,2.2,0.0,5.0,0.0,0.0,0.0,0.0,0.0,4.0,0.0,1.13,0.0,0.0,0.0
JEC-J22,3.3,0.0,5.0,0.0,0.0,0.0,0.0,0.0,4.0,0.0,1.13,0.0,0.0,0.0
JEC-J22,4.4,0.0,5.0,0.0,0.0,0.0,0.0,0.0,4.0,0.0,1.13,0.0,0.0,0.0
JEC-J22,5.5,0.0,5.0,0.0,0.0,0.0,0.0,0.0,4.0,0.0,1.13,0.0,0.0,0.0
JEC-J22,6.6,0.0,5.0,0.0,0.0,0.0,0.0,0.0,4.0,0.0,1.13,0.0,0.0,0.0
JEC-J22,7.7,0.0,5.0,0.0,0.0,0.0,0.0,0.0,4.0,0.0,1.13,0.0,0.0,0.0
JEC-J22,8.8,0.0,5.0,0.0,0.0,0.0,0.0,0.0,4.0,0.0,1.13,0.0,0.0,0.0
JEC-J22,9.9,0.0,5.0,0.0,0.0,0.0,0.0,0.0,4.0,0.0,1.13,0.0,0.0,0.0
JEC-J22,11.0,0.0,5.0,0.0,0.0,0.0,0.0,0.0,4.0,0.0,1.13,0.0,0.0,0.0
JEC-J22,12.1,0.0,5.0,0.0,0.0,0.0,0.0,0.0,4.0,0.0,1.13,0.0,0.0,0.0
JEC-J22,13.2,0.0,5.0,0.0,0.0,0.0,0.0,0.0,4.0,0.0,1.13,0.0,0.0,0.0
JEC-J22,14.3,0.0,5.0,0.0,0.0,0.0,0.0,0.0,4.0,0.0,1.13,0.0,0.0,0.0
JEC-J22,15.4,0.0,5.0,0.0,0.0,0.0,0.0,0.0,4.0,0.0,1.13,0.0,0.0,0.0
JEC-J22,16.5,0.0,5.0,0.0,0.0,0.0,0.0,0.0,4.0,0.0,1.13,0.0,0.0,0.0
JEC-J22,17.6,0.0,5.0,0.0,0.0,0.0,0.0,0.0,4.0,0.0,1.13,0.0,0.0,0.0
JEC-J22,18.7,0.0,5.0,0.0,0.0,0.0,0.0,0.0,4.0,0.0,1.13,0.0,0.0,0.0
JEC-J22,19.8,0.0,5.0,0.0,0.0,0.0,0.0,0.0,4.0,0.0,1.13,0.0,0.0,0.0
JEC-J22,20.9,0.0,5.0,0.0,0.0,0.0,0.0,0.0,4.0,0.0,1.13,0.0,0.0,0.0
JEC-J22,22.0,0.0,5.0,0.0,0.0,0.0,0.0,0.0,4.0,0.0,1.13,0.0,0.0,0.0
JEC-J22,23.1,0.0,5.0,0.0,0.0,0.0,0.0,0.0,4.0,0.0,1.13,0.0,0.0,0.0
JEC-J22,24.2,0.0,5.0,0.0,0.0,0.0,0.0,0.0,4.0,0.0,1.13,0.0,0.0,0.0
JEC-J22,25.3,0.0,5.0,0.0,0.0,0.0,0.0,0.0,4.0,0.0,1.13,0.0,0.0,0.0
JEC-J22,26.4,0.0,5.0,0.0,0.0,0.0,0.0,0.0,4.0,0.0,1.13,0.0,0.0,0.0
JEC-J22,27.5,0.0,5.0,0.0,0.0,0.0,0.0,0.0,4.0,0.0,1.13,0.0,0.0,0.0
JEC-J22,28.6,0.0,5.0,0.0,0.0,0.0,0.0,0.0,4.0,0.0,1.13,0.0,0.0,0.0
JEC-J22,29.7,0.0,5.0,0.0,0.0,0.0,0.0,0.0,4.0,0.0,1.13,0.0,0.0,0.0
JEC-J22,30.8,0.0,5.0,0.0,0.0,0.0,0.0,0.0,4.0,0.0,1.13,0.0,0.0,0.0
JEC-J22,31.9,0.0,5.0,0.0,0.0,0.0,0.0,0.0,4.0,0.0,1.13,0.0,0.0,0.0
JEC-J22,33.0,0.0,5.0,0.0,0.0,0.0,0.0,0.0,4.0,0.0,1.13,0.0,0.0,0.0
JEC-J22,34.1,0.0,5.0,0.0,0.0,0.0,0.0,0.0,4.0,0.0,1.13,0.0,0.0,0.0
JEC-J22,35.2,0.0,5.0,0.0,0.0,0.0,0.0,0.0,4.0,0.0,1.13,0.0,0.0,0.0
JEC-J22,36.3,0.0,5.0,0.0,0.0,0.0,0.0,0.0,4.0,0.0,1.13,0.0,0.0,0.0
JEC-J22,37.4,0.0,5.0,0.0,0.0,0.0,0.0,0.0,4.0,0.0,1.13,0.0,0.0,0.0
JEC-J22,38.5,0.0,5.0,0.0,0.0,0.0,0.0,0.0,4.0,0.0,1.13,0.0,0.0,0.0
JEC-J22,39.6,0.0,5.0,0.0,0.0,0.0,0.0,0.0,4.0,0.0,1.13,0.0,0.0,0.0
JEC-J22,40.7,0.0,5.0,0.0,0.0,0.0,0.0,0.0,4.0,0.0,1.03,0.0,0.0,0.0
JEC-J22,41.8,0.0,5.0,0.0,0.0,0.0,0.0,0.0,4.0,0.0,1.03,0.0,0.0,0.0
JEC-J22,42.9,0.0,5.0,0.0,0.0,0.0,0.0,0.0,4.0,0.0,1.03,0.0,0.0,0.0
JEC-J22,44.0,0.0,5.0,0.0,0.0,0.0,0.0,0.0,4.0,0.0,1.03,0.0,0.0,0.0
JEC-J22,45.1,0.0,5.0,0.0,0.0,0.0,0.0,0.0,4.0,0.0,1.03,0.0,0.0,0.0
JEC-J22,46.2,0.0,5.0,0.0,0.0,0.0,0.0,0.0,4.0,0.0,1.03,0.0,0.0,0.0
JEC-J22,47.3,0.0,5.0,0.0,0.0,0.0,0.0,0.0,4.0,0.0,1.03,0.0,0.0,0.0
JEC-J22,48.4,0.0,5.0,0.0,0.0,0.0,0.0,0.0,4.0,0.0,1.03,0.0,0.0,0.0
JEC-J22,49.5,0.0,5.0,0.0,0.0,0.0,0.0,0.0,4.0,0.0,1.03,0.0,0.0,0.0
JEC-J22,50.6,0.0,5.0,0.0,0.0,0.0,0.0,0.0,4.0,0.0,1.03,0.0,0.0,0.0
JEC-J22,51.7,0.0,5.0,0.0,0.0,0.0,0.0,0.0,4.0,0.0,1.03,0.0,0.0,0.0
JEC-J22,52.8,0.0,5.0,0.0,0.0,0.0,0.0,0.0,4.0,0.0,1.03,0.0,0.0,0.0
JEC-J22,53.9,0.0,5.0,0.0,0.0,0.0,0.0,0.0,4.0,0.0,1.03,0.0,0.0,0.0
JEC-J22,55.0,0.0,5.0,0.0,0.0,0.0,0.0,0.0,3.0,0.0,1.03,0.0,0.0,0.0
JEC-J22,56.1,0.0,5.0,0.0,0.0,0.0,0.0,0.0,3.0,0.0,1.13,0.0,0.0,0.0
JEC-J22,57.2,0.0,5.0,0.0,0.0,0.0,0.0,0.0,3.0,0.0,1.13,0.0,0.0,0.0
JEC-J22,58.3,0.0,5.0,0.0,0.0,0.0,0.0,0.0,3.0,0.0,1.13,0.0,0.0,0.0
JEC-J22,59.4,0.0,5.0,0.0,0.0,0.0,0.0,0.0,3.0,0.0,1.13,0.0,0.0,0.0
JEC-J22,60.5,0.0,5.0,0.0,0.0,0.0,0.0,0.0,3.0,0.0,1.13,0.0,0.0,0.0
JEC-J22,61.6,0.0,5.0,0.0,0.0,0.0,0.0,0.0,3.0,0.0,1.13,0.0,0.0,0.0
JEC-J22,62.7,0.0,5.0,0.0,0.0,0.0,0.0,0.0,3.0,0.0,1.13,0.0,0.0,0.0
JEC-J22,63.8,0.0,5.0,0.0,0.0,0.0,0.0,0.0,3.0,0.0,1.13,0.0,0.0,0.0
JEC-J22,64.9,0.0,5.0,0.0,0.0,0.0,0.0,0.0,3.0,0.0,1.13,0.0,0.0,0.0
JEC-J22,66.0,0.0,5.0,0.0,0.0,0.0,0.0,0.0,3.0,0.0,1.13,0.0,0.0,0.0
JEC-J22,67.1,0.0,5.0,0.0,0.0,0.0,0.0,0.0,3.0,0.0,1.13,0.0,0.0,0.0
JEC-J22,68.2,0.0,5.0,0.0,0.0,0.0,0.0,0.0,3.0,0.0,1.13,0.0,0.0,0.0
JEC-J22,69.3,0.0,5.0,0.0,0.0,0.0,0.0,0.0,3.0,0.0,1.13,0.0,0.0,0.0
JEC-J22,70.4,0.0,5.0,0.0,0.0,0.0,0.0,0.0,3.0,0.0,1.13,0.0,0.0,0.0
JEC-J22,71.5,0.0,5.0,0.0,0.0,0.0,0.0,0.0,3.0,0.0,1.13,0.0,0.0,0.0
JEC-J22,72.6,0.0,5.0,0.0,0.0,0.0,0.0,0.0,3.0,0.0,1.13,0.0,0.0,0.0
JEC-J22,73.7,0.0,5.0,0.0,0.0,0.0,0.0,0.0,3.0,0.0,1.13,0.0,0.0,0.0
JEC-J22,74.8,0.0,5.0,0.0,0.0,0.0,0.0,0.0,3.0,0.0,1.13,0.0,0.0,0.0
JEC-J22,75.9,0.0,5.0,0.0,0.0,0.0,0.0,0.0,3.0,0.0,1.13,0.0,0.0,0.0
JEC-J22,77.0,0.0,5.0,0.0,0.0,0.0,0.0,0.0,3.0,0.0,1.13,0.0,0.0,0.0
JEC-J22,78.1,0.0,5.0,0.0,0.0,0.0,0.0,0.0,3.0,0.0,1.13,0.0,0.0,0.0
JEC-J22,79.2,0.0,5.0,0.0,0.0,0.0,0.0,0.0,3.0,0.0,1.13,0.0,0.0,0.0
JEC-J22,80.3,0.0,5.0,0.0,0.0,0.0,0.0,0.0,3.0,0.0,1.13,0.0,0.0,0.0
JEC-J22,81.4,0.0,5.0,0.0,0.0,0.0,0.0,0.0,3.0,0.0,1.13,0.0,0.0,0.0
JEC-J22,82.5,0.0,5.0,0.0,0.0,0.0,0.0,0.0,3.0,0.0,1.13,0.0,0.0,0.0
JEC-J22,83.6,0.0,5.0,0.0,0.0,0.0,0.0,0.0,2.0,0.0,1.13,0.0,0.0,0.0
JEC-J22,84.7,0.0,5.0,0.0,0.0,0.0,0.0,0.0,2.0,0.0,1.13,0.0,0.0,0.0
JEC-J22,85.8,0.0,5.0,0.0,0.0,0.0,0.0,0.0,2.0,0.0,1.13,0.0,0.0,0.0
JEC-J22,86.9,0.0,5.0,0.0,0.0,0.0,0.0,0.0,2.0,0.0,1.13,0.0,0.0,0.0
JEC-J22,88.0,0.0,5.0,0.0,0.0,0.0,0.0,0.0,2.0,0.0,1.13,0.0,0.0,0.0
JEC-J22,89.1,0.0,5.0,0.0,0.0,0.0,0.0,0.0,1.0,0.0,1.13,0.0,0.0,0.0
JEC-J22,90.2,0.0,5.0,0.0,0.0,0.0,0.0,0.0,1.0,0.0,1.13,0.0,0.0,0.0
JEC-J22,91.3,0.0,5.0,0.0,0.0,0.0,0.0,0.0,1.0,0.0,1.13,0.0,0.0,0.0
JEC-J22,92.4,0.0,5.0,0.0,0.0,0.0,0.0,0.0,1.0,0.0,1.13,0.0,0.0,0.0
JEC-J22,93.5,0.0,5.0,0.0,0.0,0.0,0.0,0.0,1.0,0.0,1.13,0.0,0.0,0.0
JEC-J22,94.6,0.0,5.0,0.0,0.0,0.0,0.0,0.0,1.0,0.0,1.13,0.0,0.0,0.0
JEC-J22,95.7,0.0,5.0,0.0,0.0,0.0,0.0,0.0,1.0,0.0,1.0,0.0,0.0,0.0
JEC-J22,96.8,0.0,5.0,0.0,0.0,0.0,0.0,0.0,1.0,0.0,1.0,0.0,0.0,0.0
JEC-J22,97.9,0.0,5.0,0.0,0.0,0.0,0.0,0.0,1.0,0.0,1.0,0.0,0.0,0.0
JEC-J22,99.0,0.0,5.0,0.0,0.0,0.0,0.0,0.0,1.0,0.0,1.0,0.0,0.0,0.0
JEC-J22,100.1,0.0,5.0,0.0,0.0,0.0,0.0,0.0,0.0,0.0,1.06,0.0,0.0,0.0
JEC-J22,101.2,0.0,5.0,0.0,0.0,0.0,0.0,0.0,0.0,0.0,1.06,0.0,0.0,0.0
JEC-J22,102.3,0.0,5.0,0.0,0.0,0.0,0.0,0.0,0.0,0.0,1.06,0.0,0.0,0.0
JEC-J22,103.4,0.0,5.0,0.0,0.0,0.0,0.0,0.0,0.0,0.0,1.06,0.0,0.0,0.0
JEC-J22,104.5,0.0,5.0,0.0,0.0,0.0,0.0,0.0,0.0,0.0,1.06,0.0,0.0,0.0
JEC-J22,105.6,0.0,5.0,0.0,0.0,0.0,0.0,0.0,0.0,0.0,1.06,0.0,0.0,0.0
JEC-J22,106.7,0.0,5.0,0.0,0.0,0.0,0.0,0.0,0.0,0.0,1.06,0.0,0.0,0.0
JEC-J22,107.8,0.0,5.0,0.0,0.0,0.0,0.0,0.0,0.0,0.0,1.06,0.0,0.0,0.0
JEC-J22,108.9,0.0,5.0,0.0,0.0,0.0,0.0,0.0,0.0,0.0,1.06,0.0,0.0,0.0
JEC-J22,110.0,0.0,5.0,0.0,0.0,0.0,0.0,0.0,0.0,0.0,1.06,0.0,0.0,0.0
JEC-J22,111.1,0.0,5.0,0.0,0.0,0.0,0.0,0.0,0.0,0.0,1.06,0.0,0.0,0.0
JEC-J22,112.2,0.0,5.0,0.0,0.0,0.0,0.0,0.0,1.0,0.0,1.06,0.0,0.0,0.0
JEC-J22,113.3,0.0,5.0,0.0,0.0,0.0,0.0,0.0,1.0,0.0,1.06,0.0,0.0,0.0
JEC-J22,114.4,0.0,5.0,0.0,0.0,0.0,0.0,0.0,1.0,0.0,1.06,0.0,0.0,0.0
JEC-J22,115.5,0.0,5.0,0.0,0.0,0.0,0.0,0.0,1.0,0.0,1.06,0.0,0.0,0.0
JEC-J22,116.6,0.0,5.0,0.0,0.0,0.0,0.0,0.0,1.0,0.0,1.06,0.0,0.0,0.0
JEC-J22,117.7,0.0,5.0,0.0,0.0,0.0,1.0,0.0,1.0,0.0,1.06,0.0,0.0,0.0
JEC-J22,118.8,0.0,5.0,0.0,0.0,0.0,1.0,0.0,1.0,0.0,1.06,0.0,0.0,0.0
JEC-J22,119.9,0.0,5.0,0.0,0.0,0.0,1.0,0.0,1.0,0.0,1.06,0.0,0.0,0.0
JEC-J22,121.0,0.0,5.0,0.0,0.0,0.0,1.0,0.0,1.0,0.0,1.06,0.0,0.0,0.0
JEC-J22,122.1,0.0,5.0,0.0,0.0,0.0,1.0,0.0,1.0,0.0,1.06,0.0,0.0,0.0
JEC-J22,123.2,0.0,5.0,0.0,0.0,0.0,1.0,0.0,1.0,0.0,1.06,0.0,0.0,0.0
JEC-J22,124.3,0.0,5.0,0.0,0.0,0.0,1.0,0.0,1.0,0.0,1.06,0.0,0.0,0.0
JEC-J22,125.4,0.0,5.0,0.0,0.0,0.0,1.0,0.0,1.0,0.0,1.06,0.0,0.0,0.0
JEC-J22,126.5,0.0,5.0,0.0,0.0,0.0,0.0,0.0,1.0,1.0,1.06,0.0,0.0,0.0
JEC-J22,127.6,1.0,5.0,0.0,0.0,0.0,0.0,0.0,1.0,1.0,1.06,0.0,0.0,0.0
JEC-J22,128.7,1.0,5.0,0.0,0.0,0.0,0.0,0.0,1.0,1.0,1.06,0.0,0.0,0.0
JEC-J22,129.8,0.0,5.0,0.0,0.0,0.0,0.0,0.0,1.0,1.0,1.06,0.0,0.0,1.0
JEC-J22,130.9,0.0,5.0,0.0,0.0,0.0,0.0,0.0,1.0,1.0,1.06,0.0,0.0,1.0
JEC-J22,132.0,0.0,5.0,0.0,0.0,0.0,0.0,0.0,1.0,1.0,1.06,0.0,0.0,2.0
JEC-J22,133.1,0.0,5.0,1.0,0.0,0.0,0.0,0.0,1.0,1.0,1.06,0.0,0.0,2.0
JEC-J22,134.2,0.0,5.0,1.0,0.0,0.0,0.0,0.0,1.0,1.0,1.06,0.0,0.0,0.0
JEC-J22,135.3,0.0,5.0,0.0,0.0,0.0,0.0,0.0,1.0,1.0,1.06,0.0,0.0,0.0
JEC-J22,136.4,0.0,5.0,0.0,0.0,0.0,0.0,0.0,1.0,1.0,1.06,0.0,0.0,0.0
JEC-J22,137.5,0.0,5.0,0.0,0.0,0.0,0.0,0.0,1.0,1.0,1.06,0.0,0.0,0.0
JEC-J22,138.6,0.0,5.0,0.0,0.0,0.0,0.0,0.0,1.0,1.0,1.06,0.0,0.0,0.0
JEC-J22,139.7,0.0,5.0,0.0,0.0,0.0,0.0,0.0,1.0,0.0,1.06,0.0,0.0,0.0
JEC-J22,140.8,0.0,5.0,0.0,0.0,0.0,0.0,0.0,1.0,0.0,1.06,0.0,0.0,0.0
JEC-J22,141.9,0.0,5.0,0.0,0.0,0.0,0.0,0.0,1.0,0.0,1.06,0.0,0.0,0.0
JEC-J22,143.0,0.0,5.0,0.0,0.0,0.0,0.0,0.0,1.0,0.0,1.06,0.0,0.0,0.0
JEC-J22,144.1,0.0,5.0,0.0,0.0,0.0,0.0,0.0,1.0,0.0,1.06,0.0,0.0,0.0
JEC-J22,145.2,0.0,5.0,0.0,0.0,0.0,0.0,0.0,1.0,0.0,1.06,0.0,0.0,0.0
JEC-J22,146.3,0.0,5.0,0.0,0.0,0.0,0.0,0.0,1.0,0.0,1.06,0.0,0.0,0.0
JEC-J22,147.4,0.0,5.0,0.0,0.0,0.0,0.0,0.0,1.0,0.0,1.06,0.0,0.0,0.0
JEC-J22,148.5,0.0,5.0,0.0,0.0,0.0,0.0,0.0,1.0,0.0,1.06,0.0,0.0,0.0
JEC-J22,149.6,0.0,5.0,0.0,0.0,0.0,0.0,0.0,1.0,0.0,1.06,0.0,0.0,0.0
JEC-J22,150.7,0.0,5.0,0.0,0.0,0.0,0.0,0.0,1.0,0.0,1.06,0.0,0.0,0.0
JEC-J22,151.8,0.0,5.0,0.0,0.0,0.0,0.0,0.0,1.0,0.0,1.06,0.0,0.0,0.0
JEC-J22,152.9,0.0,5.0,0.0,0.0,0.0,0.0,0.0,0.0,0.0,1.06,0.0,0.0,0.0
JEC-J22,154.0,0.0,5.0,0.0,0.0,0.0,0.0,0.0,0.0,0.0,1.06,0.0,0.0,0.0
JEC-J22,155.1,0.0,5.0,0.0,0.0,0.0,0.0,0.0,0.0,0.0,1.06,0.0,0.0,0.0
JEC-J22,156.2,0.0,5.0,0.0,0.0,0.0,0.0,0.0,0.0,0.0,1.06,0.0,0.0,0.0
JEC-J22,157.3,0.0,5.0,0.0,0.0,0.0,0.0,0.0,0.0,0.0,1.06,0.0,0.0,0.0
JEC-J22,158.4,0.0,5.0,0.0,0.0,0.0,0.0,0.0,0.0,0.0,1.06,0.0,0.0,0.0
JEC-J22,159.5,0.0,5.0,0.0,0.0,0.0,0.0,0.0,0.0,0.0,1.06,0.0,0.0,0.0
JEC-J22,160.6,0.0,5.0,0.0,0.0,0.0,0.0,0.0,0.0,0.0,1.0,0.0,0.0,0.0
JEC-J22,161.7,0.0,5.0,0.0,0.0,0.0,0.0,0.0,0.0,0.0,1.0,0.0,0.0,0.0
JEC-J22,162.8,0.0,5.0,0.0,0.0,0.0,0.0,0.0,0.0,0.0,1.0,0.0,0.0,0.0
JEC-J22,163.9,0.0,5.0,0.0,0.0,0.0,0.0,0.0,0.0,0.0,1.0,0.0,0.0,0.0
JEC-J22,165.0,0.0,5.0,0.0,0.0,0.0,0.0,0.0,0.0,0.0,1.0,0.0,0.0,0.0
JEC-J22,166.1,0.0,5.0,0.0,0.0,0.0,0.0,0.0,0.0,0.0,1.0,0.0,0.0,0.0
JEC-J22,167.2,0.0,5.0,0.0,0.0,0.0,0.0,0.0,0.0,0.0,1.0,0.0,0.0,0.0
JEC-J22,168.3,0.0,5.0,0.0,0.0,0.0,0.0,0.0,0.0,0.0,1.0,0.0,0.0,0.0
JEC-J22,169.4,0.0,5.0,0.0,0.0,0.0,0.0,0.0,0.0,0.0,1.0,0.0,0.0,0.0
JEC-J22,170.5,0.0,5.0,0.0,0.0,0.0,0.0,0.0,0.0,0.0,1.0,0.0,0.0,0.0
JEC-J22,171.6,0.0,5.0,0.0,0.0,0.0,0.0,0.0,0.0,0.0,1.0,0.0,0.0,0.0
JEC-J22,172.7,0.0,5.0,0.0,0.0,0.0,0.0,0.0,0.0,0.0,1.0,0.0,0.0,0.0
JEC-J22,173.8,0.0,5.0,0.0,0.0,0.0,0.0,0.0,0.0,0.0,1.0,0.0,0.0,0.0
JEC-J22,174.9,0.0,5.0,0.0,0.0,0.0,0.0,0.0,0.0,0.0,1.0,0.0,0.0,0.0
JEC-J22,176.0,0.0,5.0,0.0,0.0,0.0,0.0,0.0,0.0,0.0,1.0,0.0,0.0,0.0
JEC-J22,177.1,0.0,5.0,0.0,0.0,0.0,0.0,0.0,0.0,0.0,1.0,0.0,0.0,0.0
JEC-J22,178.2,0.0,5.0,0.0,0.0,0.0,0.0,0.0,0.0,0.0,1.0,0.0,0.0,0.0
JEC-J22,179.3,0.0,5.0,0.0,0.0,0.0,0.0,0.0,0.0,0.0,1.0,0.0,0.0,0.0
JEC-J22,180.4,0.0,5.0,0.0,0.0,0.0,0.0,0.0,0.0,0.0,1.0,0.0,0.0,0.0
JEC-J22,181.5,0.0,5.0,0.0,0.0,0.0,0.0,0.0,0.0,0.0,1.0,0.0,0.0,0.0
JEC-J22,182.6,0.0,5.0,0.0,0.0,0.0,0.0,0.0,0.0,0.0,1.0,0.0,0.0,0.0
JEC-J22,183.7,0.0,5.0,0.0,0.0,0.0,0.0,0.0,0.0,0.0,1.0,0.0,0.0,0.0
JEC-J22,184.8,0.0,5.0,0.0,0.0,0.0,0.0,0.0,0.0,0.0,1.0,0.0,0.0,0.0
JEC-J22,185.9,0.0,5.0,0.0,0.0,0.0,0.0,0.0,0.0,0.0,1.0,0.0,0.0,0.0
JEC-J22,187.0,0.0,5.0,0.0,0.0,0.0,0.0,0.0,0.0,0.0,1.0,0.0,0.0,0.0
JEC-J22,188.1,0.0,5.0,0.0,0.0,0.0,0.0,0.0,0.0,0.0,1.0,0.0,0.0,0.0
JEC-J22,189.2,0.0,5.0,0.0,0.0,0.0,0.0,0.0,0.0,0.0,1.0,0.0,0.0,0.0
JEC-J22,190.3,0.0,5.0,0.0,0.0,0.0,0.0,0.0,0.0,0.0,1.0,0.0,0.0,0.0
JEC-J22,191.4,0.0,5.0,0.0,0.0,0.0,0.0,0.0,0.0,0.0,1.0,0.0,0.0,0.0
JEC-J22,192.5,0.0,5.0,0.0,0.0,0.0,0.0,0.0,0.0,0.0,1.0,0.0,0.0,0.0
JEC-J22,193.6,0.0,5.0,0.0,0.0,0.0,0.0,0.0,0.0,0.0,1.0,0.0,0.0,0.0
JEC-J03,1.1,0.0,5.0,0.0,0.0,0.0,0.0,0.0,3.0,0.0,1.3,0.0,0.0,0.0
JEC-J03,2.2,0.0,5.0,0.0,0.0,0.0,0.0,0.0,3.0,0.0,1.3,0.0,0.0,0.0
JEC-J03,3.3,0.0,5.0,0.0,0.0,0.0,0.0,0.0,3.0,0.0,1.3,0.0,0.0,0.0
JEC-J03,4.4,0.0,5.0,0.0,0.0,0.0,0.0,0.0,3.0,0.0,1.3,0.0,0.0,0.0
JEC-J03,5.5,0.0,5.0,0.0,0.0,0.0,0.0,0.0,3.0,0.0,1.3,0.0,0.0,0.0
JEC-J03,6.6,0.0,5.0,0.0,0.0,0.0,0.0,0.0,3.0,0.0,1.3,0.0,0.0,0.0
JEC-J03,7.7,0.0,5.0,0.0,0.0,0.0,0.0,0.0,3.0,0.0,1.3,0.0,0.0,0.0
JEC-J03,8.8,0.0,5.0,0.0,0.0,0.0,0.0,0.0,4.0,0.0,1.3,0.0,0.0,0.0
JEC-J03,9.9,0.0,5.0,0.0,0.0,0.0,0.0,0.0,4.0,0.0,1.3,0.0,0.0,0.0
JEC-J03,11.0,0.0,5.0,0.0,0.0,0.0,0.0,0.0,4.0,0.0,1.3,0.0,0.0,0.0
JEC-J03,12.1,0.0,5.0,0.0,0.0,0.0,0.0,0.0,5.0,0.0,1.3,0.0,0.0,0.0
JEC-J03,13.2,0.0,5.0,0.0,0.0,0.0,0.0,0.0,5.0,0.0,1.3,0.0,0.0,0.0
JEC-J03,14.3,0.0,5.0,0.0,0.0,0.0,0.0,0.0,5.0,0.0,1.3,0.0,0.0,0.0
JEC-J03,15.4,0.0,5.0,0.0,0.0,0.0,0.0,0.0,5.0,0.0,1.3,0.0,0.0,0.0
JEC-J03,16.5,0.0,5.0,0.0,0.0,0.0,0.0,0.0,5.0,0.0,1.3,0.0,0.0,0.0
JEC-J03,17.6,0.0,5.0,0.0,0.0,0.0,0.0,0.0,5.0,0.0,1.3,0.0,0.0,0.0
JEC-J03,18.7,0.0,5.0,0.0,0.0,0.0,1.0,0.0,5.0,0.0,1.3,0.0,0.0,0.0
JEC-J03,19.8,0.0,5.0,0.0,0.0,0.0,1.0,0.0,5.0,0.0,1.3,0.0,0.0,0.0
JEC-J03,20.9,0.0,5.0,0.0,0.0,0.0,1.0,0.0,5.0,0.0,1.3,0.0,0.0,0.0
JEC-J03,22.0,0.0,5.0,0.0,0.0,0.0,1.0,0.0,6.0,0.0,1.3,0.0,0.0,0.0
JEC-J03,23.1,0.0,5.0,0.0,0.0,0.0,2.0,0.0,6.0,0.0,1.3,0.0,0.0,0.0
JEC-J03,24.2,0.0,5.0,0.0,0.0,0.0,2.0,0.0,6.0,0.0,1.3,0.0,0.0,0.0
JEC-J03,25.3,1.0,5.0,0.0,0.0,0.0,2.0,0.0,6.0,0.0,1.3,0.0,0.0,0.0
JEC-J03,26.4,1.0,5.0,0.0,0.0,0.0,2.0,0.0,6.0,0.0,1.3,0.0,0.0,0.0
JEC-J03,27.5,1.0,5.0,0.0,0.0,0.0,2.0,0.0,6.0,0.0,1.3,0.0,0.0,0.0
JEC-J03,28.6,1.0,5.0,0.0,0.0,0.0,2.0,0.0,6.0,1.0,1.3,0.0,0.0,2.0
JEC-J03,29.7,0.0,5.0,0.0,0.0,0.0,2.0,0.0,6.0,1.0,1.3,0.0,0.0,3.0
JEC-J03,30.8,1.0,5.0,1.0,0.0,0.0,2.0,0.0,6.0,1.0,1.3,0.0,0.0,6.0
JEC-J03,31.9,1.0,5.0,1.0,0.0,0.0,2.0,0.0,6.0,1.0,1.3,0.0,0.0,5.0
JEC-J03,33.0,1.0,5.0,1.0,0.0,0.0,1.0,0.0,5.0,2.0,1.3,0.0,0.0,6.0
JEC-J03,34.1,1.0,5.0,1.0,0.0,0.0,0.0,0.0,5.0,2.0,1.3,0.0,0.0,7.0
JEC-J03,35.2,0.0,5.0,0.0,0.0,0.0,0.0,0.0,5.0,2.0,1.3,0.0,0.0,8.0
JEC-J03,36.3,0.0,5.0,1.0,0.0,0.0,0.0,0.0,5.0,2.0,1.3,0.0,0.0,8.0
JEC-J03,37.4,0.0,5.0,1.0,0.0,0.0,0.0,0.0,5.0,2.0,1.3,0.0,0.0,9.0
JEC-J03,38.5,0.0,5.0,1.0,0.0,0.0,0.0,0.0,5.0,2.0,1.3,0.0,0.0,5.0
JEC-J03,39.6,0.0,5.0,1.0,0.0,0.0,0.0,0.0,5.0,2.0,1.3,0.0,0.0,5.0
JEC-J03,40.7,0.0,5.0,0.0,0.0,0.0,0.0,0.0,5.0,1.0,1.3,0.0,0.0,5.0
JEC-J03,41.8,0.0,5.0,0.0,0.0,0.0,0.0,0.0,5.0,1.0,1.3,0.0,0.0,6.0
JEC-J03,42.9,0.0,5.0,0.0,0.0,0.0,0.0,0.0,5.0,0.0,1.3,0.0,0.0,8.0
JEC-J03,44.0,1.0,5.0,0.0,0.0,0.0,0.0,0.0,5.0,1.0,1.3,0.0,0.0,11.0
JEC-J03,45.1,1.0,5.0,0.0,0.0,0.0,0.0,0.0,5.0,1.0,1.3,0.0,0.0,11.0
JEC-J03,46.2,1.0,5.0,0.0,0.0,0.0,0.0,0.0,5.0,1.0,1.3,0.0,0.0,11.0
JEC-J03,47.3,0.0,5.0,0.0,0.0,0.0,0.0,0.0,5.0,1.0,1.3,0.0,0.0,12.0
JEC-J03,48.4,0.0,5.0,0.0,0.0,0.0,0.0,0.0,5.0,1.0,1.3,0.0,0.0,12.0
JEC-J03,49.5,0.0,5.0,1.0,0.0,0.0,0.0,0.0,5.0,1.0,1.3,0.0,0.0,12.0
JEC-J03,50.6,0.0,5.0,1.0,0.0,0.0,0.0,0.0,5.0,1.0,1.0,0.0,0.0,11.0
JEC-J03,51.7,0.0,5.0,1.0,0.0,0.0,0.0,0.0,5.0,1.0,1.0,0.0,0.0,7.0
JEC-J03,52.8,0.0,5.0,0.0,0.0,0.0,1.0,0.0,5.0,1.0,1.0,0.0,0.0,7.0
JEC-J03,53.9,0.0,5.0,0.0,0.0,0.0,1.0,0.0,5.0,1.0,1.0,0.0,0.0,6.0
JEC-J03,55.0,0.0,5.0,0.0,0.0,0.0,1.0,0.0,5.0,0.0,1.0,0.0,0.0,6.0
JEC-J03,56.1,1.0,5.0,0.0,0.0,0.0,1.0,0.0,4.0,0.0,1.21,0.0,0.0,6.0
JEC-J03,57.2,1.0,5.0,0.0,0.0,0.0,1.0,0.0,4.0,0.0,1.21,0.0,0.0,6.0
JEC-J03,58.3,1.0,5.0,0.0,0.0,0.0,1.0,0.0,4.0,0.0,1.21,0.0,0.0,7.0
JEC-J03,59.4,0.0,5.0,0.0,0.0,0.0,0.0,0.0,4.0,1.0,1.21,0.0,0.0,7.0
JEC-J03,60.5,0.0,5.0,0.0,0.0,0.0,0.0,0.0,4.0,1.0,1.21,0.0,0.0,8.0
JEC-J03,61.6,0.0,5.0,1.0,0.0,0.0,0.0,0.0,4.0,1.0,1.21,0.0,0.0,8.0
JEC-J03,62.7,0.0,5.0,1.0,0.0,0.0,0.0,0.0,4.0,1.0,1.21,0.0,0.0,6.0
JEC-J03,63.8,0.0,5.0,1.0,0.0,0.0,0.0,0.0,4.0,1.0,1.21,0.0,0.0,5.0
JEC-J03,64.9,0.0,5.0,0.0,0.0,0.0,0.0,0.0,3.0,1.0,1.21,0.0,0.0,3.0
JEC-J03,66.0,0.0,5.0,0.0,0.0,0.0,0.0,0.0,3.0,1.0,1.21,0.0,0.0,1.0
JEC-J03,67.1,0.0,5.0,0.0,0.0,0.0,0.0,0.0,3.0,0.0,1.21,0.0,0.0,1.0
JEC-J03,68.2,0.0,5.0,0.0,0.0,0.0,0.0,0.0,3.0,0.0,1.21,0.0,0.0,1.0
JEC-J03,69.3,0.0,5.0,0.0,0.0,0.0,0.0,0.0,3.0,0.0,1.21,0.0,0.0,1.0
JEC-J03,70.4,0.0,5.0,0.0,0.0,0.0,0.0,0.0,3.0,0.0,1.21,0.0,0.0,1.0
JEC-J03,71.5,0.0,5.0,0.0,0.0,0.0,0.0,0.0,3.0,0.0,1.21,0.0,0.0,1.0
JEC-J03,72.6,0.0,5.0,0.0,0.0,0.0,0.0,0.0,3.0,0.0,1.21,0.0,0.0,1.0
JEC-J03,73.7,0.0,5.0,0.0,0.0,0.0,0.0,0.0,3.0,0.0,1.21,0.0,0.0,1.0
JEC-J03,74.8,0.0,5.0,0.0,0.0,0.0,0.0,0.0,3.0,0.0,1.21,0.0,0.0,0.0
JEC-J03,75.9,0.0,5.0,0.0,0.0,0.0,0.0,0.0,3.0,0.0,1.21,0.0,0.0,0.0
JEC-J03,77.0,0.0,5.0,0.0,0.0,0.0,0.0,0.0,2.0,0.0,1.21,0.0,0.0,0.0
JEC-J03,78.1,0.0,5.0,0.0,0.0,0.0,0.0,0.0,2.0,0.0,1.21,0.0,0.0,0.0
JEC-J03,79.2,0.0,5.0,0.0,0.0,0.0,0.0,0.0,2.0,0.0,1.21,0.0,0.0,0.0
JEC-J03,80.3,0.0,5.0,0.0,0.0,0.0,0.0,0.0,2.0,0.0,1.21,0.0,0.0,0.0
JEC-J03,81.4,0.0,5.0,0.0,0.0,0.0,0.0,0.0,2.0,0.0,1.21,0.0,0.0,0.0
JEC-J03,82.5,0.0,5.0,0.0,0.0,0.0,0.0,0.0,2.0,0.0,1.21,0.0,0.0,0.0
JEC-J03,83.6,0.0,5.0,0.0,0.0,0.0,0.0,0.0,1.0,0.0,1.21,0.0,0.0,0.0
JEC-J03,84.7,0.0,5.0,0.0,0.0,0.0,0.0,0.0,1.0,0.0,1.21,0.0,0.0,0.0
JEC-J03,85.8,0.0,5.0,0.0,0.0,0.0,0.0,0.0,1.0,0.0,1.21,0.0,0.0,0.0
JEC-J03,86.9,0.0,5.0,0.0,0.0,0.0,0.0,0.0,1.0,0.0,1.21,0.0,0.0,0.0
JEC-J03,88.0,0.0,5.0,0.0,0.0,0.0,0.0,0.0,1.0,0.0,1.21,0.0,0.0,0.0
JEC-J03,89.1,0.0,5.0,0.0,0.0,0.0,0.0,0.0,1.0,0.0,1.21,0.0,0.0,0.0
JEC-J03,90.2,0.0,5.0,0.0,0.0,0.0,0.0,0.0,1.0,0.0,1.21,0.0,0.0,0.0
JEC-J03,91.3,0.0,5.0,0.0,0.0,0.0,0.0,0.0,1.0,0.0,1.21,0.0,0.0,0.0
JEC-J03,92.4,0.0,5.0,0.0,0.0,0.0,0.0,0.0,1.0,0.0,1.21,0.0,0.0,0.0
JEC-J03,93.5,0.0,5.0,0.0,0.0,0.0,0.0,0.0,1.0,0.0,1.21,0.0,0.0,0.0
JEC-J03,94.6,0.0,5.0,0.0,0.0,0.0,0.0,0.0,1.0,0.0,1.21,0.0,0.0,0.0
JEC-J03,95.7,0.0,5.0,0.0,0.0,0.0,0.0,0.0,1.0,0.0,1.21,0.0,0.0,0.0
JEC-J03,96.8,0.0,5.0,0.0,0.0,0.0,0.0,0.0,1.0,0.0,1.21,0.0,0.0,0.0
JEC-J03,97.9,0.0,5.0,0.0,0.0,0.0,0.0,0.0,1.0,0.0,1.21,0.0,0.0,0.0
JEC-J03,99.0,0.0,5.0,0.0,0.0,0.0,0.0,0.0,1.0,0.0,1.21,0.0,0.0,0.0
JEC-J03,100.1,0.0,5.0,0.0,0.0,0.0,0.0,0.0,2.0,0.0,1.21,0.0,0.0,0.0
JEC-J03,101.2,0.0,5.0,0.0,0.0,0.0,0.0,0.0,2.0,0.0,1.21,0.0,0.0,0.0
JEC-J03,102.3,0.0,5.0,0.0,0.0,0.0,0.0,0.0,2.0,0.0,1.21,0.0,0.0,0.0
JEC-J03,103.4,0.0,5.0,0.0,0.0,0.0,0.0,0.0,2.0,0.0,1.21,0.0,0.0,0.0
JEC-J03,104.5,0.0,5.0,0.0,0.0,0.0,0.0,0.0,2.0,0.0,1.21,0.0,0.0,0.0
JEC-J03,105.6,0.0,5.0,0.0,0.0,0.0,0.0,0.0,2.0,0.0,1.21,0.0,0.0,0.0
JEC-J03,106.7,0.0,5.0,0.0,0.0,0.0,0.0,0.0,2.0,0.0,1.21,0.0,0.0,0.0
JEC-J03,107.8,0.0,5.0,0.0,0.0,0.0,0.0,0.0,2.0,0.0,1.21,0.0,0.0,0.0
JEC-J03,108.9,0.0,5.0,0.0,0.0,0.0,0.0,0.0,2.0,0.0,1.21,0.0,0.0,0.0
JEC-J03,110.0,0.0,5.0,0.0,0.0,0.0,0.0,0.0,2.0,0.0,1.21,0.0,0.0,0.0
JEC-J03,111.1,0.0,5.0,0.0,0.0,0.0,0.0,0.0,2.0,0.0,1.21,0.0,0.0,0.0
JEC-J03,112.2,0.0,5.0,0.0,0.0,0.0,0.0,0.0,3.0,0.0,1.21,0.0,0.0,0.0
JEC-J03,113.3,0.0,5.0,0.0,0.0,0.0,0.0,0.0,3.0,0.0,1.21,0.0,0.0,0.0
JEC-J03,114.4,0.0,5.0,0.0,0.0,0.0,0.0,0.0,3.0,0.0,1.21,0.0,0.0,0.0
JEC-J03,115.5,0.0,5.0,0.0,0.0,0.0,0.0,0.0,3.0,0.0,1.0,0.0,0.0,0.0
JEC-J03,116.6,0.0,5.0,0.0,0.0,0.0,0.0,0.0,3.0,0.0,1.0,0.0,0.0,0.0
JEC-J03,117.7,0.0,5.0,0.0,0.0,0.0,0.0,0.0,3.0,0.0,1.0,0.0,0.0,0.0
JEC-J03,118.8,0.0,5.0,0.0,0.0,0.0,1.0,0.0,4.0,0.0,1.0,0.0,0.0,1.0
JEC-J03,119.9,0.0,5.0,0.0,0.0,0.0,1.0,0.0,4.0,0.0,1.0,0.0,0.0,2.0
JEC-J03,121.0,0.0,5.0,0.0,0.0,0.0,1.0,0.0,4.0,0.0,1.07,0.0,0.0,3.0
JEC-J03,122.1,0.0,5.0,0.0,0.0,0.0,1.0,0.0,4.0,0.0,1.07,0.0,0.0,5.0
JEC-J03,123.2,0.0,5.0,0.0,0.0,0.0,1.0,0.0,4.0,0.0,1.07,0.0,0.0,6.0
JEC-J03,124.3,0.0,5.0,0.0,0.0,0.0,1.0,0.0,4.0,0.0,1.07,0.0,0.0,7.0
JEC-J03,125.4,1.0,5.0,0.0,0.0,0.0,1.0,0.0,4.0,0.0,1.07,0.0,0.0,7.0
JEC-J03,126.5,1.0,5.0,0.0,0.0,0.0,1.0,0.0,4.0,0.0,1.07,0.0,0.0,7.0
JEC-J03,127.6,1.0,5.0,0.0,0.0,0.0,1.0,0.0,4.0,0.0,1.07,0.0,0.0,7.0
JEC-J03,128.7,0.0,5.0,0.0,0.0,0.0,0.0,0.0,4.0,1.0,1.07,0.0,0.0,8.0
JEC-J03,129.8,0.0,5.0,0.0,0.0,0.0,0.0,0.0,4.0,1.0,1.07,0.0,0.0,8.0
JEC-J03,130.9,0.0,5.0,1.0,0.0,0.0,0.0,0.0,4.0,1.0,1.07,0.0,0.0,9.0
JEC-J03,132.0,0.0,5.0,1.0,0.0,0.0,0.0,0.0,4.0,1.0,1.07,0.0,0.0,7.0
JEC-J03,133.1,0.0,5.0,1.0,0.0,0.0,0.0,0.0,4.0,1.0,1.07,0.0,0.0,7.0
JEC-J03,134.2,0.0,5.0,0.0,0.0,0.0,0.0,0.0,4.0,1.0,1.07,0.0,0.0,8.0
JEC-J03,135.3,0.0,5.0,0.0,0.0,0.0,0.0,0.0,4.0,1.0,1.07,0.0,0.0,8.0
JEC-J03,136.4,0.0,5.0,0.0,0.0,0.0,0.0,0.0,4.0,0.0,1.07,0.0,0.0,8.0
JEC-J03,137.5,0.0,5.0,0.0,0.0,0.0,0.0,0.0,4.0,0.0,1.07,0.0,0.0,8.0
JEC-J03,138.6,0.0,5.0,0.0,0.0,0.0,0.0,0.0,4.0,0.0,1.07,0.0,0.0,8.0
JEC-J03,139.7,0.0,5.0,0.0,0.0,0.0,0.0,0.0,4.0,0.0,1.07,0.0,0.0,8.0
JEC-J03,140.8,0.0,5.0,0.0,0.0,0.0,0.0,0.0,4.0,0.0,1.07,0.0,0.0,7.0
JEC-J03,141.9,0.0,5.0,0.0,0.0,0.0,0.0,0.0,4.0,0.0,1.07,0.0,0.0,6.0
JEC-J03,143.0,0.0,5.0,0.0,0.0,0.0,0.0,0.0,4.0,0.0,1.07,0.0,0.0,5.0
JEC-J03,144.1,0.0,5.0,0.0,0.0,0.0,0.0,0.0,4.0,0.0,1.07,0.0,0.0,3.0
JEC-J03,145.2,0.0,5.0,0.0,0.0,0.0,1.0,0.0,3.0,0.0,1.07,0.0,0.0,2.0
JEC-J03,146.3,0.0,5.0,0.0,0.0,0.0,1.0,0.0,3.0,0.0,1.07,0.0,0.0,1.0
JEC-J03,147.4,0.0,5.0,0.0,0.0,0.0,1.0,0.0,3.0,0.0,1.07,0.0,0.0,1.0
JEC-J03,148.5,1.0,5.0,0.0,0.0,0.0,1.0,0.0,3.0,0.0,1.07,0.0,0.0,1.0
JEC-J03,149.6,1.0,5.0,0.0,0.0,0.0,1.0,0.0,3.0,0.0,1.07,0.0,0.0,1.0
JEC-J03,150.7,1.0,5.0,0.0,0.0,0.0,1.0,0.0,3.0,0.0,1.07,0.0,0.0,1.0
JEC-J03,151.8,0.0,5.0,0.0,0.0,0.0,0.0,0.0,3.0,1.0,1.07,0.0,0.0,2.0
JEC-J03,152.9,0.0,5.0,0.0,0.0,0.0,0.0,0.0,3.0,1.0,1.07,0.0,0.0,2.0
JEC-J03,154.0,0.0,5.0,1.0,0.0,0.0,0.0,0.0,3.0,1.0,1.07,0.0,0.0,3.0
JEC-J03,155.1,0.0,5.0,1.0,0.0,0.0,0.0,0.0,3.0,1.0,1.07,0.0,0.0,1.0
JEC-J03,156.2,0.0,5.0,1.0,0.0,0.0,0.0,0.0,3.0,1.0,1.07,0.0,0.0,0.0
JEC-J03,157.3,0.0,5.0,0.0,0.0,0.0,0.0,0.0,3.0,1.0,1.07,0.0,0.0,0.0
JEC-J03,158.4,0.0,5.0,0.0,0.0,0.0,0.0,0.0,3.0,1.0,1.07,0.0,0.0,0.0
JEC-J03,159.5,0.0,5.0,0.0,0.0,0.0,0.0,0.0,3.0,0.0,1.07,0.0,0.0,0.0
JEC-J03,160.6,0.0,5.0,0.0,0.0,0.0,0.0,0.0,3.0,0.0,1.07,0.0,0.0,0.0
JEC-J03,161.7,0.0,5.0,0.0,0.0,0.0,0.0,0.0,3.0,0.0,1.07,0.0,0.0,0.0
JEC-J03,162.8,0.0,5.0,0.0,0.0,0.0,0.0,0.0,3.0,0.0,1.07,0.0,0.0,0.0
JEC-J03,163.9,0.0,5.0,0.0,0.0,0.0,0.0,0.0,3.0,0.0,1.07,0.0,0.0,0.0
JEC-J03,165.0,0.0,5.0,0.0,0.0,0.0,0.0,0.0,3.0,0.0,1.07,0.0,0.0,0.0
JEC-J03,166.1,0.0,5.0,0.0,0.0,0.0,0.0,0.0,3.0,0.0,1.07,0.0,0.0,0.0
JEC-J03,167.2,0.0,5.0,0.0,0.0,0.0,0.0,0.0,3.0,0.0,1.07,0.0,0.0,0.0
JEC-J03,168.3,0.0,5.0,0.0,0.0,0.0,0.0,0.0,3.0,0.0,1.07,0.0,0.0,0.0
JEC-J03,169.4,0.0,5.0,0.0,0.0,0.0,0.0,0.0,2.0,0.0,1.07,0.0,0.0,0.0
JEC-J03,170.5,0.0,5.0,0.0,0.0,0.0,0.0,0.0,2.0,0.0,1.0,0.0,0.0,0.0
JEC-J03,171.6,0.0,5.0,0.0,0.0,0.0,0.0,0.0,2.0,0.0,1.0,0.0,0.0,0.0
JEC-J03,172.7,0.0,5.0,0.0,0.0,0.0,0.0,0.0,2.0,0.0,1.0,0.0,0.0,0.0
JEC-J03,173.8,0.0,5.0,0.0,0.0,0.0,0.0,0.0,2.0,0.0,1.0,0.0,0.0,0.0
JEC-J03,174.9,0.0,5.0,0.0,0.0,0.0,0.0,0.0,2.0,0.0,1.0,0.0,0.0,0.0
JEC-J03,176.0,0.0,5.0,0.0,0.0,0.0,0.0,0.0,2.0,0.0,1.0,0.0,0.0,0.0
JEC-J03,177.1,0.0,5.0,0.0,0.0,0.0,0.0,0.0,2.0,0.0,1.0,0.0,0.0,0.0
JEC-J03,178.2,0.0,5.0,0.0,0.0,0.0,0.0,0.0,2.0,0.0,1.0,0.0,0.0,0.0
JEC-J03,179.3,0.0,5.0,0.0,0.0,0.0,0.0,0.0,2.0,0.0,1.0,0.0,0.0,0.0
JEC-J03,180.4,0.0,5.0,0.0,0.0,0.0,0.0,0.0,2.0,0.0,1.0,0.0,0.0,0.0
JEC-J03,181.5,0.0,5.0,0.0,0.0,0.0,0.0,0.0,2.0,0.0,1.0,0.0,0.0,0.0
JEC-J03,182.6,0.0,5.0,0.0,0.0,0.0,0.0,0.0,2.0,0.0,1.0,0.0,0.0,0.0
JEC-J03,183.7,0.0,5.0,0.0,0.0,0.0,0.0,0.0,1.0,0.0,1.0,0.0,0.0,0.0
JEC-J03,184.8,0.0,5.0,0.0,0.0,0.0,0.0,0.0,1.0,0.0,1.0,0.0,0.0,0.0
JEC-J03,185.9,0.0,5.0,0.0,0.0,0.0,0.0,0.0,1.0,0.0,1.0,0.0,0.0,0.0
JEC-J03,187.0,0.0,5.0,0.0,0.0,0.0,0.0,0.0,1.0,0.0,1.0,0.0,0.0,0.0
JEC-J03,188.1,0.0,5.0,0.0,0.0,0.0,0.0,0.0,1.0,0.0,1.0,0.0,0.0,0.0
JEC-J03,189.2,0.0,5.0,0.0,0.0,0.0,0.0,0.0,1.0,0.0,1.0,0.0,0.0,0.0
JEC-J03,190.3,0.0,5.0,0.0,0.0,0.0,0.0,0.0,1.0,0.0,1.0,0.0,0.0,0.0
JEC-J03,191.4,0.0,5.0,0.0,0.0,0.0,0.0,0.0,1.0,0.0,1.0,0.0,0.0,0.0
JEC-J03,192.5,0.0,5.0,0.0,0.0,0.0,0.0,0.0,1.0,0.0,1.0,0.0,0.0,0.0
JEC-J03,193.6,0.0,5.0,0.0,0.0,0.0,0.0,0.0,1.0,0.0,1.0,0.0,0.0,0.0
JEC-J05,1.1,0.0,5.0,0.0,0.0,0.0,0.0,0.0,4.0,0.0,1.3,0.0,0.0,0.0
JEC-J05,2.2,0.0,5.0,0.0,0.0,0.0,1.0,0.0,4.0,0.0,1.3,0.0,0.0,0.0
JEC-J05,3.3,0.0,5.0,0.0,0.0,0.0,1.0,0.0,5.0,0.0,1.3,0.0,0.0,0.0
JEC-J05,4.4,0.0,5.0,0.0,0.0,0.0,1.0,0.0,5.0,0.0,1.3,0.0,0.0,0.0
JEC-J05,5.5,0.0,5.0,0.0,0.0,0.0,1.0,0.0,5.0,0.0,1.3,0.0,0.0,0.0
JEC-J05,6.6,1.0,5.0,0.0,0.0,0.0,1.0,0.0,5.0,0.0,1.3,0.0,0.0,0.0
JEC-J05,7.7,1.0,5.0,0.0,0.0,0.0,1.0,0.0,5.0,0.0,1.3,0.0,0.0,0.0
JEC-J05,8.8,1.0,5.0,0.0,0.0,0.0,2.0,0.0,6.0,0.0,1.3,0.0,0.0,0.0
JEC-J05,9.9,0.0,5.0,0.0,0.0,0.0,2.0,0.0,6.0,0.0,1.3,0.0,0.0,2.0
JEC-J05,11.0,0.0,5.0,0.0,0.0,0.0,1.0,0.0,6.0,1.0,1.3,0.0,0.0,3.0
JEC-J05,12.1,0.0,5.0,1.0,0.0,0.0,2.0,0.0,6.0,1.0,1.3,0.0,0.0,5.0
JEC-J05,13.2,0.0,5.0,1.0,0.0,0.0,2.0,0.0,6.0,1.0,1.3,0.0,0.0,6.0
JEC-J05,14.3,0.0,5.0,1.0,0.0,0.0,3.0,0.0,6.0,1.0,1.3,0.0,0.0,5.0
JEC-J05,15.4,0.0,5.0,0.0,0.0,0.0,3.0,0.0,6.0,1.0,1.3,0.0,0.0,5.0
JEC-J05,16.5,0.0,5.0,0.0,0.0,0.0,3.0,0.0,6.0,1.0,1.3,0.0,0.0,5.0
JEC-J05,17.6,1.0,5.0,0.0,0.0,0.0,3.0,0.0,6.0,1.0,1.3,0.0,0.0,5.0
JEC-J05,18.7,1.0,5.0,0.0,0.0,0.0,3.0,0.0,6.0,1.0,1.3,0.0,0.0,5.0
JEC-J05,19.8,1.0,5.0,0.0,0.0,0.0,3.0,0.0,6.0,0.0,1.3,0.0,0.0,5.0
JEC-J05,20.9,1.0,5.0,0.0,0.0,0.0,2.0,0.0,6.0,1.0,1.3,0.0,0.0,7.0
JEC-J05,22.0,1.0,5.0,0.0,0.0,0.0,2.0,0.0,6.0,1.0,1.3,0.0,0.0,8.0
JEC-J05,23.1,1.0,5.0,1.0,0.0,0.0,2.0,0.0,6.0,2.0,1.3,0.0,0.0,12.0
JEC-J05,24.2,1.0,5.0,1.0,0.0,0.0,2.0,0.0,6.0,2.0,1.3,0.0,0.0,14.0
JEC-J05,25.3,0.0,5.0,1.0,0.0,0.0,1.0,0.0,6.0,3.0,1.3,0.0,0.0,12.0
JEC-J05,26.4,0.0,5.0,1.0,0.0,0.0,1.0,1.0,6.0,3.0,1.3,0.0,0.0,13.0
JEC-J05,27.5,1.0,5.0,1.0,0.0,0.0,1.0,1.0,6.0,3.0,1.3,0.0,0.0,13.0
JEC-J05,28.6,1.0,5.0,1.0,0.0,0.0,1.0,1.0,6.0,2.0,1.3,0.0,0.0,13.0
JEC-J05,29.7,1.0,5.0,1.0,0.0,0.0,1.0,1.0,6.0,2.0,1.3,0.0,0.0,13.0
JEC-J05,30.8,2.0,5.0,0.0,0.0,0.0,0.0,1.0,6.0,3.0,1.3,0.0,0.0,16.0
JEC-J05,31.9,2.0,5.0,0.0,0.0,0.0,0.0,1.0,6.0,3.0,1.3,0.0,0.0,16.0
JEC-J05,33.0,2.0,5.0,1.0,0.0,0.0,0.0,1.0,6.0,2.0,1.3,0.0,0.0,17.0
JEC-J05,34.1,1.0,5.0,1.0,0.0,0.0,0.0,1.0,6.0,2.0,1.3,0.0,0.0,17.0
JEC-J05,35.2,1.0,5.0,1.0,0.0,0.0,0.0,1.0,6.0,2.0,1.3,0.0,0.0,18.0
JEC-J05,36.3,1.0,5.0,2.0,0.0,0.0,0.0,1.0,6.0,2.0,1.3,0.0,0.0,20.0
JEC-J05,37.4,0.0,5.0,2.0,0.0,0.0,0.0,0.0,6.0,2.0,1.3,0.0,0.0,21.0
JEC-J05,38.5,0.0,5.0,2.0,0.0,0.0,0.0,0.0,6.0,2.0,1.3,0.0,0.0,21.0
JEC-J05,39.6,0.0,5.0,1.0,0.0,0.0,0.0,0.0,6.0,2.0,1.3,0.0,0.0,20.0
JEC-J05,40.7,0.0,5.0,1.0,0.0,0.0,0.0,0.0,6.0,2.0,1.3,0.0,0.0,15.0
JEC-J05,41.8,0.0,5.0,1.0,0.0,0.0,0.0,0.0,6.0,1.0,1.3,0.0,0.0,15.0
JEC-J05,42.9,0.0,5.0,0.0,0.0,0.0,0.0,0.0,6.0,1.0,1.3,0.0,0.0,14.0
JEC-J05,44.0,0.0,5.0,0.0,0.0,0.0,0.0,0.0,6.0,1.0,1.3,0.0,0.0,13.0
JEC-J05,45.1,0.0,5.0,0.0,0.0,0.0,0.0,0.0,6.0,0.0,1.3,0.0,0.0,10.0
JEC-J05,46.2,0.0,5.0,0.0,0.0,0.0,0.0,0.0,6.0,0.0,1.3,0.0,0.0,9.0
JEC-J05,47.3,0.0,5.0,0.0,0.0,0.0,1.0,0.0,6.0,0.0,1.3,0.0,0.0,9.0
JEC-J05,48.4,0.0,5.0,0.0,0.0,0.0,1.0,0.0,6.0,0.0,1.3,0.0,0.0,9.0
JEC-J05,49.5,0.0,5.0,0.0,0.0,0.0,1.0,0.0,6.0,0.0,1.3,0.0,0.0,9.0
JEC-J05,50.6,0.0,5.0,0.0,0.0,0.0,1.0,0.0,6.0,0.0,1.0,0.0,0.0,9.0
JEC-J05,51.7,1.0,5.0,0.0,0.0,0.0,1.0,0.0,6.0,0.0,1.0,0.0,0.0,8.0
JEC-J05,52.8,1.0,5.0,0.0,0.0,0.0,1.0,0.0,6.0,0.0,1.0,0.0,0.0,7.0
JEC-J05,53.9,1.0,5.0,0.0,0.0,0.0,1.0,0.0,6.0,0.0,1.0,0.0,0.0,6.0
JEC-J05,55.0,1.0,5.0,0.0,0.0,0.0,0.0,0.0,6.0,1.0,1.0,0.0,0.0,5.0
JEC-J05,56.1,0.0,5.0,0.0,0.0,0.0,0.0,0.0,6.0,1.0,1.21,0.0,0.0,4.0
JEC-J05,57.2,0.0,5.0,1.0,0.0,0.0,1.0,0.0,6.0,1.0,1.21,0.0,0.0,4.0
JEC-J05,58.3,0.0,5.0,1.0,0.0,0.0,1.0,0.0,6.0,1.0,1.21,0.0,0.0,0.0
JEC-J05,59.4,0.0,5.0,1.0,0.0,0.0,1.0,0.0,6.0,1.0,1.21,0.0,0.0,0.0
JEC-J05,60.5,0.0,5.0,1.0,0.0,0.0,1.0,0.0,6.0,1.0,1.21,0.0,0.0,0.0
JEC-J05,61.6,0.0,5.0,0.0,0.0,0.0,1.0,0.0,6.0,1.0,1.21,0.0,0.0,0.0
JEC-J05,62.7,1.0,5.0,0.0,0.0,0.0,1.0,0.0,5.0,0.0,1.21,0.0,0.0,0.0
JEC-J05,63.8,1.0,5.0,0.0,0.0,0.0,1.0,0.0,5.0,0.0,1.21,0.0,0.0,0.0
JEC-J05,64.9,1.0,5.0,0.0,0.0,0.0,1.0,0.0,5.0,0.0,1.21,0.0,0.0,0.0
JEC-J05,66.0,1.0,5.0,0.0,0.0,0.0,1.0,0.0,4.0,0.0,1.21,0.0,0.0,1.0
JEC-J05,67.1,0.0,5.0,0.0,0.0,0.0,0.0,0.0,4.0,1.0,1.21,0.0,0.0,1.0
JEC-J05,68.2,0.0,5.0,1.0,0.0,0.0,0.0,0.0,4.0,1.0,1.21,0.0,0.0,2.0
JEC-J05,69.3,0.0,5.0,1.0,0.0,0.0,0.0,0.0,4.0,1.0,1.21,0.0,0.0,2.0
JEC-J05,70.4,0.0,5.0,1.0,0.0,0.0,0.0,0.0,4.0,1.0,1.21,0.0,0.0,0.0
JEC-J05,71.5,0.0,5.0,1.0,0.0,0.0,0.0,0.0,4.0,1.0,1.21,0.0,0.0,0.0
JEC-J05,72.6,0.0,5.0,0.0,0.0,0.0,0.0,0.0,4.0,1.0,1.21,0.0,0.0,0.0
JEC-J05,73.7,0.0,5.0,0.0,0.0,0.0,0.0,0.0,4.0,0.0,1.21,0.0,0.0,0.0
JEC-J05,74.8,0.0,5.0,0.0,0.0,0.0,0.0,0.0,4.0,0.0,1.21,0.0,0.0,0.0
JEC-J05,75.9,0.0,5.0,0.0,0.0,0.0,0.0,0.0,4.0,0.0,1.21,0.0,0.0,0.0
JEC-J05,77.0,0.0,5.0,0.0,0.0,0.0,0.0,0.0,4.0,0.0,1.21,0.0,0.0,0.0
JEC-J05,78.1,0.0,5.0,0.0,0.0,0.0,0.0,0.0,4.0,0.0,1.21,0.0,0.0,0.0
JEC-J05,79.2,0.0,5.0,0.0,0.0,0.0,0.0,0.0,4.0,0.0,1.21,0.0,0.0,0.0
JEC-J05,80.3,0.0,5.0,0.0,0.0,0.0,0.0,0.0,4.0,0.0,1.21,0.0,0.0,0.0
JEC-J05,81.4,0.0,5.0,0.0,0.0,0.0,0.0,0.0,4.0,0.0,1.21,0.0,0.0,0.0
JEC-J05,82.5,0.0,5.0,0.0,0.0,0.0,0.0,0.0,4.0,0.0,1.21,0.0,0.0,0.0
JEC-J05,83.6,0.0,5.0,0.0,0.0,0.0,0.0,0.0,3.0,0.0,1.21,0.0,0.0,0.0
JEC-J05,84.7,0.0,5.0,0.0,0.0,0.0,0.0,0.0,3.0,0.0,1.21,0.0,0.0,0.0
JEC-J05,85.8,0.0,5.0,0.0,0.0,0.0,0.0,0.0,3.0,0.0,1.21,0.0,0.0,0.0
JEC-J05,86.9,0.0,5.0,0.0,0.0,0.0,0.0,0.0,4.0,0.0,1.21,0.0,0.0,0.0
JEC-J05,88.0,0.0,5.0,0.0,0.0,0.0,0.0,0.0,4.0,0.0,1.21,0.0,0.0,0.0
JEC-J05,89.1,0.0,5.0,0.0,0.0,0.0,0.0,0.0,4.0,0.0,1.21,0.0,0.0,0.0
JEC-J05,90.2,0.0,5.0,0.0,0.0,0.0,0.0,0.0,3.0,0.0,1.21,0.0,0.0,0.0
JEC-J05,91.3,0.0,5.0,0.0,0.0,0.0,0.0,0.0,3.0,0.0,1.21,0.0,0.0,0.0
JEC-J05,92.4,0.0,5.0,0.0,0.0,0.0,0.0,0.0,3.0,0.0,1.21,0.0,0.0,0.0
JEC-J05,93.5,0.0,5.0,0.0,0.0,0.0,0.0,0.0,3.0,0.0,1.21,0.0,0.0,0.0
JEC-J05,94.6,0.0,5.0,0.0,0.0,0.0,0.0,0.0,3.0,0.0,1.21,0.0,0.0,0.0
JEC-J05,95.7,0.0,5.0,0.0,0.0,0.0,0.0,0.0,3.0,0.0,1.21,0.0,0.0,0.0
JEC-J05,96.8,0.0,5.0,0.0,0.0,0.0,0.0,0.0,3.0,0.0,1.21,0.0,0.0,0.0
JEC-J05,97.9,0.0,5.0,0.0,0.0,0.0,0.0,0.0,3.0,0.0,1.21,0.0,0.0,0.0
JEC-J05,99.0,0.0,5.0,0.0,0.0,0.0,0.0,0.0,3.0,0.0,1.21,0.0,0.0,0.0
JEC-J05,100.1,0.0,5.0,0.0,0.0,0.0,0.0,0.0,3.0,0.0,1.21,0.0,0.0,0.0
JEC-J05,101.2,0.0,5.0,0.0,0.0,0.0,0.0,0.0,3.0,0.0,1.21,0.0,0.0,0.0
JEC-J05,102.3,0.0,5.0,0.0,0.0,0.0,0.0,0.0,3.0,0.0,1.21,0.0,0.0,0.0
JEC-J05,103.4,0.0,5.0,0.0,0.0,0.0,1.0,0.0,3.0,0.0,1.21,0.0,0.0,0.0
JEC-J05,104.5,0.0,5.0,0.0,0.0,0.0,1.0,0.0,3.0,0.0,1.21,0.0,0.0,0.0
JEC-J05,105.6,1.0,5.0,0.0,0.0,0.0,1.0,0.0,3.0,0.0,1.21,0.0,0.0,0.0
JEC-J05,106.7,1.0,5.0,0.0,0.0,0.0,1.0,0.0,4.0,0.0,1.21,0.0,0.0,0.0
JEC-J05,107.8,1.0,5.0,0.0,0.0,0.0,1.0,0.0,4.0,0.0,1.21,0.0,0.0,0.0
JEC-J05,108.9,1.0,5.0,0.0,0.0,0.0,1.0,0.0,4.0,0.0,1.21,0.0,0.0,0.0
JEC-J05,110.0,0.0,5.0,0.0,0.0,0.0,0.0,0.0,4.0,1.0,1.21,0.0,0.0,2.0
JEC-J05,111.1,0.0,5.0,1.0,0.0,0.0,0.0,0.0,4.0,1.0,1.21,0.0,0.0,3.0
JEC-J05,112.2,0.0,5.0,1.0,0.0,0.0,0.0,0.0,4.0,1.0,1.21,0.0,0.0,5.0
JEC-J05,113.3,0.0,5.0,1.0,0.0,0.0,1.0,0.0,5.0,1.0,1.21,0.0,0.0,4.0
JEC-J05,114.4,0.0,5.0,1.0,0.0,0.0,1.0,0.0,5.0,1.0,1.21,0.0,0.0,4.0
JEC-J05,115.5,0.0,5.0,0.0,0.0,0.0,1.0,0.0,5.0,1.0,1.0,0.0,0.0,4.0
JEC-J05,116.6,0.0,5.0,0.0,0.0,0.0,1.0,0.0,5.0,1.0,1.0,0.0,0.0,4.0
JEC-J05,117.7,1.0,5.0,0.0,0.0,0.0,1.0,0.0,5.0,1.0,1.0,0.0,0.0,4.0
JEC-J05,118.8,1.0,5.0,0.0,0.0,0.0,1.0,0.0,5.0,1.0,1.0,0.0,0.0,4.0
JEC-J05,119.9,1.0,5.0,0.0,0.0,0.0,1.0,0.0,5.0,0.0,1.0,0.0,0.0,4.0
JEC-J05,121.0,0.0,5.0,0.0,0.0,0.0,0.0,0.0,5.0,1.0,1.07,0.0,0.0,5.0
JEC-J05,122.1,0.0,5.0,0.0,0.0,0.0,1.0,0.0,5.0,1.0,1.07,0.0,0.0,6.0
JEC-J05,123.2,0.0,5.0,1.0,0.0,0.0,1.0,0.0,5.0,1.0,1.07,0.0,0.0,8.0
JEC-J05,124.3,0.0,5.0,1.0,0.0,0.0,1.0,0.0,5.0,1.0,1.07,0.0,0.0,7.0
JEC-J05,125.4,1.0,5.0,1.0,0.0,0.0,1.0,0.0,5.0,1.0,1.07,0.0,0.0,8.0
JEC-J05,126.5,1.0,5.0,0.0,0.0,0.0,1.0,0.0,5.0,1.0,1.07,0.0,0.0,9.0
JEC-J05,127.6,1.0,5.0,0.0,0.0,0.0,1.0,0.0,5.0,1.0,1.07,0.0,0.0,10.0
JEC-J05,128.7,1.0,5.0,0.0,0.0,0.0,0.0,1.0,5.0,1.0,1.07,0.0,0.0,11.0
JEC-J05,129.8,0.0,5.0,0.0,0.0,0.0,0.0,2.0,5.0,1.0,1.07,0.0,0.0,12.0
JEC-J05,130.9,0.0,5.0,1.0,0.0,0.0,0.0,3.0,5.0,1.0,1.07,0.0,0.0,13.0
JEC-J05,132.0,0.0,5.0,1.0,0.0,0.0,0.0,4.0,5.0,1.0,1.07,0.0,0.0,13.0
JEC-J05,133.1,0.0,5.0,1.0,0.0,0.0,0.0,5.0,5.0,1.0,1.07,0.0,0.0,12.0
JEC-J05,134.2,0.0,5.0,1.0,0.0,0.0,0.0,5.0,5.0,1.0,1.07,0.0,0.0,11.0
JEC-J05,135.3,0.0,5.0,0.0,0.0,0.0,0.0,4.0,5.0,1.0,1.07,0.0,0.0,10.0
JEC-J05,136.4,0.0,5.0,0.0,0.0,0.0,0.0,2.0,5.0,1.0,1.07,0.0,0.0,10.0
JEC-J05,137.5,0.0,5.0,0.0,0.0,0.0,0.0,1.0,5.0,0.0,1.07,0.0,0.0,10.0
JEC-J05,138.6,0.0,5.0,0.0,0.0,0.0,0.0,0.0,5.0,0.0,1.07,0.0,0.0,10.0
JEC-J05,139.7,0.0,5.0,0.0,0.0,0.0,0.0,0.0,5.0,0.0,1.07,0.0,0.0,10.0
JEC-J05,140.8,0.0,5.0,0.0,0.0,0.0,0.0,0.0,5.0,0.0,1.07,0.0,0.0,10.0
JEC-J05,141.9,0.0,5.0,0.0,0.0,0.0,0.0,0.0,5.0,0.0,1.07,0.0,0.0,10.0
JEC-J05,143.0,0.0,5.0,0.0,0.0,0.0,0.0,0.0,5.0,0.0,1.07,0.0,0.0,10.0
JEC-J05,144.1,0.0,5.0,0.0,0.0,0.0,0.0,0.0,5.0,0.0,1.07,0.0,0.0,10.0
JEC-J05,145.2,0.0,5.0,0.0,0.0,0.0,1.0,0.0,5.0,0.0,1.07,0.0,0.0,10.0
JEC-J05,146.3,0.0,5.0,0.0,0.0,0.0,1.0,0.0,5.0,0.0,1.07,0.0,0.0,10.0
JEC-J05,147.4,0.0,5.0,0.0,0.0,0.0,1.0,0.0,5.0,0.0,1.07,0.0,0.0,10.0
JEC-J05,148.5,1.0,5.0,0.0,0.0,0.0,1.0,0.0,5.0,0.0,1.07,0.0,0.0,10.0
JEC-J05,149.6,1.0,5.0,0.0,0.0,0.0,2.0,0.0,5.0,0.0,1.07,0.0,0.0,10.0
JEC-J05,150.7,1.0,5.0,0.0,0.0,0.0,2.0,0.0,5.0,0.0,1.07,0.0,0.0,10.0
JEC-J05,151.8,0.0,5.0,0.0,0.0,0.0,1.0,1.0,5.0,1.0,1.07,0.0,0.0,10.0
JEC-J05,152.9,0.0,5.0,0.0,0.0,0.0,1.0,2.0,5.0,1.0,1.07,0.0,0.0,10.0
JEC-J05,154.0,0.0,5.0,1.0,0.0,0.0,1.0,3.0,5.0,1.0,1.07,0.0,0.0,10.0
JEC-J05,155.1,1.0,5.0,1.0,0.0,0.0,1.0,5.0,5.0,1.0,1.07,0.0,0.0,10.0
JEC-J05,156.2,1.0,5.0,1.0,0.0,0.0,1.0,5.0,5.0,1.0,1.07,0.0,0.0,10.0
JEC-J05,157.3,1.0,5.0,0.0,0.0,0.0,1.0,5.0,5.0,1.0,1.07,0.0,0.0,10.0
JEC-J05,158.4,1.0,5.0,0.0,0.0,0.0,1.0,3.0,5.0,1.0,1.07,0.0,0.0,10.0
JEC-J05,159.5,0.0,5.0,0.0,0.0,0.0,0.0,4.0,5.0,1.0,1.07,0.0,0.0,10.0
JEC-J05,160.6,0.0,5.0,1.0,0.0,0.0,0.0,4.0,5.0,1.0,1.07,0.0,0.0,10.0
JEC-J05,161.7,0.0,5.0,1.0,0.0,0.0,0.0,4.0,5.0,1.0,1.07,0.0,0.0,10.0
JEC-J05,162.8,0.0,5.0,1.0,0.0,0.0,0.0,5.0,5.0,1.0,1.07,0.0,0.0,10.0
JEC-J05,163.9,0.0,5.0,1.0,0.0,0.0,0.0,5.0,5.0,1.0,1.07,0.0,0.0,10.0
JEC-J05,165.0,0.0,5.0,0.0,0.0,0.0,0.0,4.0,5.0,1.0,1.07,0.0,0.0,10.0
JEC-J05,166.1,0.0,5.0,0.0,0.0,0.0,0.0,3.0,5.0,0.0,1.07,0.0,0.0,10.0
JEC-J05,167.2,0.0,5.0,0.0,0.0,0.0,0.0,1.0,5.0,0.0,1.07,0.0,0.0,10.0
JEC-J05,168.3,0.0,5.0,0.0,0.0,0.0,0.0,0.0,5.0,0.0,1.07,0.0,0.0,10.0
JEC-J05,169.4,0.0,5.0,0.0,0.0,0.0,0.0,0.0,5.0,0.0,1.07,0.0,0.0,10.0
JEC-J05,170.5,0.0,5.0,0.0,0.0,0.0,0.0,0.0,5.0,0.0,1.0,0.0,0.0,10.0
JEC-J05,171.6,0.0,5.0,0.0,0.0,0.0,0.0,0.0,5.0,0.0,1.0,0.0,0.0,10.0
JEC-J05,172.7,0.0,5.0,0.0,0.0,0.0,0.0,0.0,5.0,0.0,1.0,0.0,0.0,10.0
JEC-J05,173.8,0.0,5.0,0.0,0.0,0.0,0.0,0.0,5.0,0.0,1.0,0.0,0.0,10.0
JEC-J05,174.9,0.0,5.0,0.0,0.0,0.0,0.0,0.0,5.0,0.0,1.0,0.0,0.0,10.0
JEC-J05,176.0,0.0,5.0,0.0,0.0,0.0,0.0,0.0,4.0,0.0,1.0,0.0,0.0,10.0
JEC-J05,177.1,0.0,5.0,0.0,0.0,0.0,0.0,0.0,4.0,0.0,1.0,0.0,0.0,10.0
JEC-J05,178.2,0.0,5.0,0.0,0.0,0.0,0.0,0.0,4.0,0.0,1.0,0.0,0.0,10.0
JEC-J05,179.3,0.0,5.0,0.0,0.0,0.0,0.0,0.0,4.0,0.0,1.0,0.0,0.0,10.0
JEC-J05,180.4,0.0,5.0,0.0,0.0,0.0,0.0,0.0,4.0,0.0,1.0,0.0,0.0,10.0
JEC-J05,181.5,0.0,5.0,0.0,0.0,0.0,0.0,0.0,4.0,0.0,1.0,0.0,0.0,10.0
JEC-J05,182.6,0.0,5.0,0.0,0.0,0.0,0.0,0.0,4.0,0.0,1.0,0.0,0.0,10.0
JEC-J05,183.7,0.0,5.0,0.0,0.0,0.0,0.0,0.0,4.0,0.0,1.0,0.0,0.0,10.0
JEC-J05,184.8,0.0,5.0,0.0,0.0,0.0,0.0,0.0,4.0,0.0,1.0,0.0,0.0,10.0
JEC-J05,185.9,0.0,5.0,0.0,0.0,0.0,0.0,0.0,4.0,0.0,1.0,0.0,0.0,10.0
JEC-J05,187.0,0.0,5.0,0.0,0.0,0.0,0.0,0.0,4.0,0.0,1.0,0.0,0.0,10.0
JEC-J05,188.1,0.0,5.0,0.0,0.0,0.0,0.0,0.0,4.0,0.0,1.0,0.0,0.0,10.0
JEC-J05,189.2,0.0,5.0,0.0,0.0,0.0,0.0,0.0,4.0,0.0,1.0,0.0,0.0,10.0
JEC-J05,190.3,0.0,5.0,0.0,0.0,0.0,0.0,0.0,3.0,0.0,1.0,0.0,0.0,10.0
JEC-J05,191.4,0.0,5.0,0.0,0.0,0.0,0.0,0.0,3.0,0.0,1.0,0.0,0.0,10.0
JEC-J05,192.5,0.0,5.0,0.0,0.0,0.0,0.0,0.0,4.0,0.0,1.0,0.0,0.0,10.0
JEC-J05,193.6,0.0,5.0,0.0,0.0,0.0,0.0,0.0,4.0,0.0,1.0,0.0,0.0,10.0
JEC-J06,1.1,0.0,5.0,0.0,0.0,0.0,0.0,0.0,4.0,0.0,1.3,0.0,0.0,0.0
JEC-J06,2.2,0.0,5.0,0.0,0.0,0.0,0.0,0.0,4.0,1.0,1.3,0.0,0.0,1.0
JEC-J06,3.3,1.0,5.0,0.0,0.0,0.0,0.0,0.0,4.0,1.0,1.3,0.0,0.0,1.0
JEC-J06,4.4,1.0,5.0,0.0,0.0,0.0,0.0,0.0,4.0,1.0,1.3,0.0,0.0,1.0
JEC-J06,5.5,1.0,5.0,0.0,0.0,0.0,0.0,0.0,4.0,1.0,1.3,0.0,0.0,1.0
JEC-J06,6.6,0.0,5.0,0.0,0.0,0.0,0.0,0.0,4.0,1.0,1.3,0.0,0.0,2.0
JEC-J06,7.7,0.0,5.0,0.0,0.0,0.0,1.0,0.0,4.0,1.0,1.3,0.0,0.0,2.0
JEC-J06,8.8,0.0,5.0,1.0,0.0,0.0,2.0,0.0,4.0,1.0,1.3,0.0,0.0,2.0
JEC-J06,9.9,0.0,5.0,1.0,0.0,0.0,2.0,0.0,4.0,1.0,1.3,0.0,0.0,0.0
JEC-J06,11.0,0.0,5.0,1.0,0.0,0.0,2.0,0.0,4.0,1.0,1.3,0.0,0.0,1.0
JEC-J06,12.1,0.0,5.0,0.0,0.0,0.0,1.0,0.0,4.0,2.0,1.3,0.0,0.0,2.0
JEC-J06,13.2,0.0,5.0,0.0,0.0,0.0,1.0,0.0,4.0,2.0,1.3,0.0,0.0,3.0
JEC-J06,14.3,1.0,5.0,0.0,0.0,0.0,1.0,0.0,4.0,1.0,1.3,0.0,0.0,4.0
JEC-J06,15.4,1.0,5.0,0.0,0.0,0.0,1.0,0.0,4.0,2.0,1.3,0.0,0.0,4.0
JEC-J06,16.5,1.0,5.0,0.0,0.0,0.0,0.0,0.0,4.0,3.0,1.3,0.0,0.0,4.0
JEC-J06,17.6,1.0,5.0,0.0,0.0,0.0,0.0,0.0,4.0,3.0,1.3,0.0,0.0,4.0
JEC-J06,18.7,1.0,5.0,0.0,0.0,0.0,0.0,0.0,4.0,3.0,1.3,0.0,0.0,4.0
JEC-J06,19.8,1.0,5.0,1.0,0.0,0.0,0.0,1.0,4.0,3.0,1.3,0.0,0.0,4.0
JEC-J06,20.9,1.0,5.0,1.0,0.0,0.0,0.0,1.0,4.0,3.0,1.3,0.0,0.0,3.0
JEC-J06,22.0,0.0,5.0,1.0,0.0,0.0,0.0,1.0,4.0,3.0,1.3,0.0,0.0,3.0
JEC-J06,23.1,1.0,5.0,1.0,0.0,0.0,1.0,1.0,4.0,3.0,1.3,0.0,0.0,3.0
JEC-J06,24.2,1.0,5.0,1.0,0.0,0.0,1.0,3.0,4.0,3.0,1.3,0.0,0.0,2.0
JEC-J06,25.3,1.0,5.0,1.0,0.0,0.0,1.0,3.0,5.0,2.0,1.3,0.0,0.0,2.0
JEC-J06,26.4,1.0,5.0,1.0,0.0,0.0,1.0,2.0,5.0,2.0,1.3,0.0,0.0,3.0
JEC-J06,27.5,0.0,5.0,0.0,0.0,0.0,1.0,2.0,5.0,2.0,1.3,0.0,0.0,4.0
JEC-J06,28.6,0.0,5.0,1.0,0.0,0.0,1.0,2.0,5.0,1.0,1.3,0.0,0.0,4.0
JEC-J06,29.7,0.0,5.0,1.0,0.0,0.0,1.0,1.0,6.0,1.0,1.3,0.0,0.0,5.0
JEC-J06,30.8,0.0,5.0,1.0,0.0,0.0,1.0,0.0,6.0,1.0,1.3,0.0,0.0,0.0
JEC-J06,31.9,0.0,5.0,1.0,0.0,0.0,1.0,0.0,6.0,1.0,1.3,0.0,0.0,0.0
JEC-J06,33.0,0.0,5.0,0.0,0.0,0.0,1.0,0.0,6.0,1.0,1.3,0.0,0.0,0.0
JEC-J06,34.1,1.0,5.0,0.0,0.0,0.0,1.0,0.0,6.0,1.0,1.3,0.0,0.0,0.0
JEC-J06,35.2,1.0,5.0,0.0,0.0,0.0,0.0,0.0,5.0,2.0,1.3,0.0,0.0,1.0
JEC-J06,36.3,1.0,5.0,0.0,0.0,0.0,0.0,0.0,5.0,2.0,1.3,0.0,0.0,2.0
JEC-J06,37.4,1.0,5.0,0.0,0.0,0.0,0.0,0.0,5.0,2.0,1.3,0.0,0.0,3.0
JEC-J06,38.5,0.0,5.0,0.0,0.0,0.0,0.0,0.0,5.0,2.0,1.3,0.0,0.0,4.0
JEC-J06,39.6,0.0,5.0,1.0,0.0,0.0,0.0,0.0,5.0,2.0,1.3,0.0,0.0,4.0
JEC-J06,40.7,0.0,5.0,1.0,0.0,0.0,0.0,0.0,5.0,1.0,1.3,0.0,0.0,5.0
JEC-J06,41.8,0.0,5.0,1.0,0.0,0.0,0.0,0.0,5.0,1.0,1.3,0.0,0.0,0.0
JEC-J06,42.9,0.0,5.0,1.0,0.0,0.0,0.0,0.0,5.0,1.0,1.3,0.0,0.0,0.0
JEC-J06,44.0,0.0,5.0,0.0,0.0,0.0,0.0,0.0,5.0,1.0,1.3,0.0,0.0,0.0
JEC-J06,45.1,0.0,5.0,0.0,0.0,0.0,0.0,0.0,5.0,1.0,1.3,0.0,0.0,0.0
JEC-J06,46.2,0.0,5.0,0.0,0.0,0.0,0.0,0.0,5.0,1.0,1.3,0.0,0.0,0.0
JEC-J06,47.3,0.0,5.0,0.0,0.0,0.0,0.0,0.0,6.0,1.0,1.3,0.0,0.0,0.0
JEC-J06,48.4,0.0,5.0,0.0,0.0,0.0,0.0,0.0,6.0,1.0,1.3,0.0,0.0,0.0
JEC-J06,49.5,0.0,5.0,0.0,0.0,0.0,0.0,0.0,6.0,1.0,1.3,0.0,0.0,0.0
JEC-J06,50.6,0.0,5.0,0.0,0.0,0.0,1.0,0.0,6.0,0.0,1.0,0.0,0.0,0.0
JEC-J06,51.7,0.0,5.0,0.0,0.0,0.0,1.0,0.0,6.0,0.0,1.0,0.0,0.0,0.0
JEC-J06,52.8,0.0,5.0,0.0,0.0,0.0,1.0,0.0,6.0,0.0,1.0,0.0,0.0,0.0
JEC-J06,53.9,0.0,5.0,0.0,0.0,0.0,1.0,0.0,6.0,0.0,1.0,0.0,0.0,0.0
JEC-J06,55.0,0.0,5.0,0.0,0.0,0.0,1.0,0.0,6.0,0.0,1.0,0.0,0.0,0.0
JEC-J06,56.1,1.0,5.0,0.0,0.0,0.0,1.0,0.0,6.0,0.0,1.21,0.0,0.0,0.0
JEC-J06,57.2,1.0,5.0,0.0,0.0,0.0,1.0,0.0,6.0,0.0,1.21,0.0,0.0,0.0
JEC-J06,58.3,0.0,5.0,0.0,0.0,0.0,1.0,0.0,6.0,0.0,1.21,0.0,0.0,0.0
JEC-J06,59.4,0.0,5.0,0.0,0.0,0.0,0.0,0.0,6.0,1.0,1.21,0.0,0.0,1.0
JEC-J06,60.5,0.0,5.0,0.0,0.0,0.0,1.0,0.0,6.0,1.0,1.21,0.0,0.0,2.0
JEC-J06,61.6,0.0,5.0,1.0,0.0,0.0,1.0,0.0,6.0,1.0,1.21,0.0,0.0,2.0
JEC-J06,62.7,0.0,5.0,1.0,0.0,0.0,1.0,0.0,6.0,1.0,1.21,0.0,0.0,0.0
JEC-J06,63.8,0.0,5.0,0.0,0.0,0.0,1.0,0.0,6.0,1.0,1.21,0.0,0.0,0.0
JEC-J06,64.9,0.0,5.0,0.0,0.0,0.0,1.0,0.0,5.0,1.0,1.21,0.0,0.0,0.0
JEC-J06,66.0,0.0,5.0,0.0,0.0,0.0,1.0,0.0,4.0,1.0,1.21,0.0,0.0,0.0
JEC-J06,67.1,1.0,5.0,0.0,0.0,0.0,1.0,0.0,4.0,1.0,1.21,0.0,0.0,0.0
JEC-J06,68.2,1.0,5.0,0.0,0.0,0.0,1.0,0.0,4.0,1.0,1.21,0.0,0.0,0.0
JEC-J06,69.3,0.0,5.0,0.0,0.0,0.0,1.0,0.0,4.0,1.0,1.21,0.0,0.0,0.0
JEC-J06,70.4,0.0,5.0,0.0,0.0,0.0,0.0,0.0,4.0,1.0,1.21,0.0,0.0,1.0
JEC-J06,71.5,0.0,5.0,0.0,0.0,0.0,0.0,0.0,4.0,1.0,1.21,0.0,0.0,1.0
JEC-J06,72.6,0.0,5.0,1.0,0.0,0.0,0.0,0.0,4.0,1.0,1.21,0.0,0.0,2.0
JEC-J06,73.7,0.0,5.0,1.0,0.0,0.0,0.0,0.0,4.0,1.0,1.21,0.0,0.0,0.0
JEC-J06,74.8,0.0,5.0,0.0,0.0,0.0,0.0,0.0,4.0,1.0,1.21,0.0,0.0,0.0
JEC-J06,75.9,0.0,5.0,0.0,0.0,0.0,0.0,0.0,4.0,1.0,1.21,0.0,0.0,0.0
JEC-J06,77.0,0.0,5.0,0.0,0.0,0.0,0.0,0.0,4.0,1.0,1.21,0.0,0.0,0.0
JEC-J06,78.1,0.0,5.0,0.0,0.0,0.0,0.0,0.0,4.0,1.0,1.21,0.0,0.0,0.0
JEC-J06,79.2,0.0,5.0,0.0,0.0,0.0,0.0,0.0,4.0,1.0,1.21,0.0,0.0,0.0
JEC-J06,80.3,0.0,5.0,0.0,0.0,0.0,0.0,0.0,5.0,0.0,1.21,0.0,0.0,0.0
JEC-J06,81.4,0.0,5.0,0.0,0.0,0.0,0.0,0.0,5.0,0.0,1.21,0.0,0.0,0.0
JEC-J06,82.5,0.0,5.0,0.0,0.0,0.0,0.0,0.0,5.0,0.0,1.21,0.0,0.0,0.0
JEC-J06,83.6,0.0,5.0,0.0,0.0,0.0,0.0,0.0,5.0,0.0,1.21,0.0,0.0,0.0
JEC-J06,84.7,0.0,5.0,0.0,0.0,0.0,0.0,0.0,5.0,0.0,1.21,0.0,0.0,0.0
JEC-J06,85.8,0.0,5.0,0.0,0.0,0.0,0.0,0.0,4.0,0.0,1.21,0.0,0.0,0.0
JEC-J06,86.9,0.0,5.0,0.0,0.0,0.0,0.0,0.0,4.0,0.0,1.21,0.0,0.0,0.0
JEC-J06,88.0,0.0,5.0,0.0,0.0,0.0,0.0,0.0,4.0,0.0,1.21,0.0,0.0,0.0
JEC-J06,89.1,0.0,5.0,0.0,0.0,0.0,0.0,0.0,4.0,0.0,1.21,0.0,0.0,0.0
JEC-J06,90.2,0.0,5.0,0.0,0.0,0.0,0.0,0.0,4.0,0.0,1.21,0.0,0.0,0.0
JEC-J06,91.3,0.0,5.0,0.0,0.0,0.0,0.0,0.0,4.0,0.0,1.21,0.0,0.0,0.0
JEC-J06,92.4,0.0,5.0,0.0,0.0,0.0,0.0,0.0,3.0,0.0,1.21,0.0,0.0,0.0
JEC-J06,93.5,0.0,5.0,0.0,0.0,0.0,0.0,0.0,3.0,0.0,1.21,0.0,0.0,0.0
JEC-J06,94.6,0.0,5.0,0.0,0.0,0.0,1.0,0.0,3.0,0.0,1.21,0.0,0.0,0.0
JEC-J06,95.7,0.0,5.0,0.0,0.0,0.0,1.0,0.0,3.0,0.0,1.21,0.0,0.0,0.0
JEC-J06,96.8,0.0,5.0,0.0,0.0,0.0,1.0,0.0,3.0,0.0,1.21,0.0,0.0,0.0
JEC-J06,97.9,0.0,5.0,0.0,0.0,0.0,1.0,0.0,3.0,0.0,1.21,0.0,0.0,0.0
JEC-J06,99.0,0.0,5.0,0.0,0.0,0.0,1.0,0.0,3.0,0.0,1.21,0.0,0.0,0.0
JEC-J06,100.1,0.0,5.0,0.0,0.0,0.0,1.0,0.0,3.0,0.0,1.21,0.0,0.0,0.0
JEC-J06,101.2,0.0,5.0,0.0,0.0,0.0,1.0,0.0,4.0,0.0,1.21,0.0,0.0,0.0
JEC-J06,102.3,1.0,5.0,0.0,0.0,0.0,0.0,0.0,4.0,1.0,1.21,0.0,0.0,0.0
JEC-J06,103.4,1.0,5.0,0.0,0.0,0.0,0.0,0.0,4.0,1.0,1.21,0.0,0.0,0.0
JEC-J06,104.5,1.0,5.0,0.0,0.0,0.0,0.0,0.0,4.0,1.0,1.21,0.0,0.0,0.0
JEC-J06,105.6,0.0,5.0,0.0,0.0,0.0,0.0,0.0,4.0,1.0,1.21,0.0,0.0,1.0
JEC-J06,106.7,0.0,5.0,0.0,0.0,0.0,1.0,0.0,5.0,1.0,1.21,0.0,0.0,1.0
JEC-J06,107.8,0.0,5.0,1.0,0.0,0.0,1.0,0.0,5.0,1.0,1.21,0.0,0.0,2.0
JEC-J06,108.9,0.0,5.0,1.0,0.0,0.0,1.0,0.0,5.0,1.0,1.21,0.0,0.0,2.0
JEC-J06,110.0,0.0,5.0,1.0,0.0,0.0,1.0,0.0,5.0,1.0,1.21,0.0,0.0,0.0
JEC-J06,111.1,0.0,5.0,0.0,0.0,0.0,1.0,0.0,4.0,1.0,1.21,0.0,0.0,0.0
JEC-J06,112.2,0.0,5.0,0.0,0.0,0.0,1.0,0.0,4.0,1.0,1.21,0.0,0.0,0.0
JEC-J06,113.3,0.0,5.0,0.0,0.0,0.0,2.0,0.0,4.0,0.0,1.21,0.0,0.0,0.0
JEC-J06,114.4,1.0,5.0,0.0,0.0,0.0,2.0,0.0,4.0,0.0,1.21,0.0,0.0,0.0
JEC-J06,115.5,1.0,5.0,0.0,0.0,0.0,1.0,0.0,4.0,1.0,1.0,0.0,0.0,0.0
JEC-J06,116.6,1.0,5.0,0.0,0.0,0.0,1.0,0.0,3.0,1.0,1.0,0.0,0.0,0.0
JEC-J06,117.7,0.0,5.0,0.0,0.0,0.0,1.0,0.0,3.0,1.0,1.0,0.0,0.0,1.0
JEC-J06,118.8,0.0,5.0,0.0,0.0,0.0,1.0,0.0,3.0,1.0,1.0,0.0,0.0,1.0
JEC-J06,119.9,0.0,5.0,1.0,0.0,0.0,1.0,0.0,3.0,1.0,1.0,0.0,0.0,2.0
JEC-J06,121.0,0.0,5.0,1.0,0.0,0.0,1.0,0.0,3.0,1.0,1.07,0.0,0.0,0.0
JEC-J06,122.1,1.0,5.0,1.0,0.0,0.0,0.0,0.0,3.0,2.0,1.07,0.0,0.0,0.0
JEC-J06,123.2,1.0,5.0,0.0,0.0,0.0,0.0,0.0,3.0,2.0,1.07,0.0,0.0,0.0
JEC-J06,124.3,1.0,5.0,0.0,0.0,0.0,0.0,0.0,3.0,2.0,1.07,0.0,0.0,0.0
JEC-J06,125.4,0.0,5.0,0.0,0.0,0.0,0.0,0.0,3.0,1.0,1.07,0.0,0.0,1.0
JEC-J06,126.5,0.0,5.0,0.0,0.0,0.0,0.0,0.0,3.0,1.0,1.07,0.0,0.0,1.0
JEC-J06,127.6,0.0,5.0,1.0,0.0,0.0,0.0,0.0,3.0,1.0,1.07,0.0,0.0,2.0
JEC-J06,128.7,0.0,5.0,1.0,0.0,0.0,0.0,0.0,3.0,1.0,1.07,0.0,0.0,0.0
JEC-J06,129.8,0.0,5.0,1.0,0.0,0.0,0.0,0.0,3.0,1.0,1.07,0.0,0.0,0.0
JEC-J06,130.9,0.0,5.0,0.0,0.0,0.0,0.0,0.0,3.0,1.0,1.07,0.0,0.0,0.0
JEC-J06,132.0,0.0,5.0,0.0,0.0,0.0,0.0,0.0,3.0,1.0,1.07,0.0,0.0,0.0
JEC-J06,133.1,0.0,5.0,0.0,0.0,0.0,0.0,0.0,3.0,0.0,1.07,0.0,0.0,0.0
JEC-J06,134.2,0.0,5.0,0.0,0.0,0.0,0.0,0.0,4.0,0.0,1.07,0.0,0.0,0.0
JEC-J06,135.3,0.0,5.0,0.0,0.0,0.0,0.0,0.0,4.0,0.0,1.07,0.0,0.0,0.0
JEC-J06,136.4,0.0,5.0,0.0,0.0,0.0,0.0,0.0,4.0,0.0,1.07,0.0,0.0,0.0
JEC-J06,137.5,0.0,5.0,0.0,0.0,0.0,0.0,0.0,4.0,0.0,1.07,0.0,0.0,0.0
JEC-J06,138.6,0.0,5.0,0.0,0.0,0.0,0.0,0.0,4.0,0.0,1.07,0.0,0.0,0.0
JEC-J06,139.7,0.0,5.0,0.0,0.0,0.0,0.0,0.0,4.0,0.0,1.07,0.0,0.0,0.0
JEC-J06,140.8,0.0,5.0,0.0,0.0,0.0,0.0,0.0,4.0,0.0,1.07,0.0,0.0,0.0
JEC-J06,141.9,0.0,5.0,0.0,0.0,0.0,0.0,0.0,4.0,0.0,1.07,0.0,0.0,0.0
JEC-J06,143.0,0.0,5.0,0.0,0.0,0.0,0.0,0.0,4.0,0.0,1.07,0.0,0.0,0.0
JEC-J06,144.1,0.0,5.0,0.0,0.0,0.0,0.0,0.0,4.0,0.0,1.07,0.0,0.0,0.0
JEC-J06,145.2,0.0,5.0,0.0,0.0,0.0,0.0,0.0,4.0,0.0,1.07,0.0,0.0,0.0
JEC-J06,146.3,0.0,5.0,0.0,0.0,0.0,0.0,0.0,4.0,0.0,1.07,0.0,0.0,0.0
JEC-J06,147.4,0.0,5.0,0.0,0.0,0.0,0.0,0.0,4.0,0.0,1.07,0.0,0.0,0.0
JEC-J06,148.5,0.0,5.0,0.0,0.0,0.0,1.0,0.0,4.0,0.0,1.07,0.0,0.0,0.0
JEC-J06,149.6,0.0,5.0,0.0,0.0,0.0,1.0,0.0,4.0,0.0,1.07,0.0,0.0,0.0
JEC-J06,150.7,0.0,5.0,0.0,0.0,0.0,1.0,0.0,4.0,0.0,1.07,0.0,0.0,0.0
JEC-J06,151.8,0.0,5.0,0.0,0.0,0.0,1.0,0.0,4.0,0.0,1.07,0.0,0.0,0.0
JEC-J06,152.9,1.0,5.0,0.0,0.0,0.0,2.0,0.0,4.0,0.0,1.07,0.0,0.0,0.0
JEC-J06,154.0,1.0,5.0,0.0,0.0,0.0,2.0,0.0,4.0,0.0,1.07,0.0,0.0,0.0
JEC-J06,155.1,0.0,5.0,0.0,0.0,0.0,2.0,0.0,4.0,0.0,1.07,0.0,0.0,0.0
JEC-J06,156.2,0.0,5.0,0.0,0.0,0.0,1.0,0.0,4.0,1.0,1.07,0.0,0.0,1.0
JEC-J06,157.3,0.0,5.0,0.0,0.0,0.0,1.0,0.0,4.0,1.0,1.07,0.0,0.0,2.0
JEC-J06,158.4,0.0,5.0,1.0,0.0,0.0,1.0,0.0,4.0,1.0,1.07,0.0,0.0,2.0
JEC-J06,159.5,1.0,5.0,1.0,0.0,0.0,1.0,0.0,4.0,1.0,1.07,0.0,0.0,0.0
JEC-J06,160.6,1.0,5.0,0.0,0.0,0.0,1.0,0.0,4.0,1.0,1.07,0.0,0.0,0.0
JEC-J06,161.7,1.0,5.0,0.0,0.0,0.0,1.0,0.0,4.0,1.0,1.07,0.0,0.0,0.0
JEC-J06,162.8,0.0,5.0,0.0,0.0,0.0,0.0,0.0,4.0,2.0,1.07,0.0,0.0,1.0
JEC-J06,163.9,0.0,5.0,0.0,0.0,0.0,0.0,0.0,4.0,2.0,1.07,0.0,0.0,1.0
JEC-J06,165.0,0.0,5.0,1.0,0.0,0.0,0.0,0.0,4.0,2.0,1.07,0.0,0.0,2.0
JEC-J06,166.1,0.0,5.0,1.0,0.0,0.0,0.0,0.0,4.0,1.0,1.07,0.0,0.0,0.0
JEC-J06,167.2,0.0,5.0,1.0,0.0,0.0,0.0,0.0,4.0,1.0,1.07,0.0,0.0,0.0
JEC-J06,168.3,0.0,5.0,0.0,0.0,0.0,0.0,0.0,4.0,1.0,1.07,0.0,0.0,0.0
JEC-J06,169.4,0.0,5.0,0.0,0.0,0.0,0.0,0.0,4.0,1.0,1.07,0.0,0.0,0.0
JEC-J06,170.5,0.0,5.0,0.0,0.0,0.0,0.0,0.0,4.0,1.0,1.0,0.0,0.0,0.0
JEC-J06,171.6,0.0,5.0,0.0,0.0,0.0,0.0,0.0,4.0,1.0,1.0,0.0,0.0,0.0
JEC-J06,172.7,0.0,5.0,0.0,0.0,0.0,0.0,0.0,4.0,1.0,1.0,0.0,0.0,0.0
JEC-J06,173.8,0.0,5.0,0.0,0.0,0.0,0.0,0.0,4.0,1.0,1.0,0.0,0.0,0.0
JEC-J06,174.9,0.0,5.0,0.0,0.0,0.0,0.0,0.0,4.0,1.0,1.0,0.0,0.0,0.0
JEC-J06,176.0,0.0,5.0,0.0,0.0,0.0,0.0,0.0,4.0,1.0,1.0,0.0,0.0,0.0
JEC-J06,177.1,0.0,5.0,0.0,0.0,0.0,0.0,0.0,4.0,0.0,1.0,0.0,0.0,0.0
JEC-J06,178.2,0.0,5.0,0.0,0.0,0.0,0.0,0.0,3.0,0.0,1.0,0.0,0.0,0.0
JEC-J06,179.3,0.0,5.0,0.0,0.0,0.0,0.0,0.0,3.0,0.0,1.0,0.0,0.0,0.0
JEC-J06,180.4,0.0,5.0,0.0,0.0,0.0,0.0,0.0,3.0,0.0,1.0,0.0,0.0,0.0
JEC-J06,181.5,0.0,5.0,0.0,0.0,0.0,0.0,0.0,3.0,0.0,1.0,0.0,0.0,0.0
JEC-J06,182.6,0.0,5.0,0.0,0.0,0.0,0.0,0.0,3.0,0.0,1.0,0.0,0.0,0.0
JEC-J06,183.7,0.0,5.0,0.0,0.0,0.0,0.0,0.0,3.0,0.0,1.0,0.0,0.0,0.0
JEC-J06,184.8,0.0,5.0,0.0,0.0,0.0,0.0,0.0,3.0,0.0,1.0,0.0,0.0,0.0
JEC-J06,185.9,0.0,5.0,0.0,0.0,0.0,0.0,0.0,3.0,0.0,1.0,0.0,0.0,0.0
JEC-J06,187.0,0.0,5.0,0.0,0.0,0.0,0.0,0.0,4.0,0.0,1.0,0.0,0.0,0.0
JEC-J06,188.1,0.0,5.0,0.0,0.0,0.0,0.0,0.0,4.0,0.0,1.0,0.0,0.0,0.0
JEC-J06,189.2,0.0,5.0,0.0,0.0,0.0,0.0,0.0,4.0,0.0,1.0,0.0,0.0,0.0
JEC-J06,190.3,0.0,5.0,0.0,0.0,0.0,0.0,0.0,4.0,0.0,1.0,0.0,0.0,0.0
JEC-J06,191.4,0.0,5.0,0.0,0.0,0.0,0.0,0.0,4.0,0.0,1.0,0.0,0.0,0.0
JEC-J06,192.5,0.0,5.0,0.0,0.0,0.0,1.0,0.0,3.0,0.0,1.0,0.0,0.0,0.0
JEC-J06,193.6,0.0,5.0,0.0,0.0,0.0,1.0,0.0,3.0,0.0,1.0,0.0,0.0,0.0
JEC-J19,1.1,0.0,5.0,0.0,0.0,0.0,0.0,0.0,3.0,0.0,1.3,0.0,0.0,0.0
JEC-J19,2.2,0.0,5.0,0.0,0.0,0.0,0.0,0.0,3.0,0.0,1.3,0.0,0.0,0.0
JEC-J19,3.3,0.0,5.0,0.0,0.0,0.0,0.0,0.0,3.0,0.0,1.3,0.0,0.0,0.0
JEC-J19,4.4,0.0,5.0,0.0,0.0,0.0,0.0,0.0,3.0,0.0,1.3,0.0,0.0,0.0
JEC-J19,5.5,0.0,5.0,0.0,0.0,0.0,0.0,0.0,3.0,0.0,1.3,0.0,0.0,0.0
JEC-J19,6.6,0.0,5.0,0.0,0.0,0.0,0.0,0.0,3.0,0.0,1.3,0.0,0.0,0.0
JEC-J19,7.7,0.0,5.0,0.0,0.0,0.0,0.0,0.0,3.0,0.0,1.3,0.0,0.0,0.0
JEC-J19,8.8,0.0,5.0,0.0,0.0,0.0,0.0,0.0,4.0,0.0,1.3,0.0,0.0,0.0
JEC-J19,9.9,0.0,5.0,0.0,0.0,0.0,0.0,0.0,5.0,0.0,1.3,0.0,0.0,0.0
JEC-J19,11.0,0.0,5.0,0.0,0.0,0.0,0.0,0.0,5.0,0.0,1.3,0.0,0.0,0.0
JEC-J19,12.1,0.0,5.0,0.0,0.0,0.0,0.0,0.0,5.0,0.0,1.3,0.0,0.0,0.0
JEC-J19,13.2,0.0,5.0,0.0,0.0,0.0,0.0,0.0,5.0,0.0,1.3,0.0,0.0,0.0
JEC-J19,14.3,0.0,5.0,0.0,0.0,0.0,0.0,0.0,5.0,0.0,1.3,0.0,0.0,0.0
JEC-J19,15.4,0.0,5.0,0.0,0.0,0.0,0.0,0.0,6.0,0.0,1.3,0.0,0.0,0.0
JEC-J19,16.5,0.0,5.0,0.0,0.0,0.0,0.0,0.0,6.0,0.0,1.3,0.0,0.0,0.0
JEC-J19,17.6,0.0,5.0,0.0,0.0,0.0,0.0,0.0,6.0,0.0,1.3,0.0,0.0,0.0
JEC-J19,18.7,0.0,5.0,0.0,0.0,0.0,0.0,0.0,7.0,0.0,1.3,0.0,0.0,0.0
JEC-J19,19.8,0.0,5.0,0.0,0.0,0.0,0.0,0.0,7.0,0.0,1.3,0.0,0.0,0.0
JEC-J19,20.9,0.0,5.0,0.0,0.0,0.0,0.0,0.0,7.0,0.0,1.3,0.0,0.0,0.0
JEC-J19,22.0,0.0,5.0,0.0,0.0,0.0,0.0,0.0,8.0,0.0,1.3,0.0,0.0,0.0
JEC-J19,23.1,0.0,5.0,0.0,0.0,0.0,0.0,0.0,8.0,0.0,1.3,0.0,0.0,0.0
JEC-J19,24.2,0.0,5.0,0.0,0.0,0.0,0.0,0.0,8.0,0.0,1.3,0.0,0.0,0.0
JEC-J19,25.3,0.0,5.0,0.0,0.0,0.0,1.0,0.0,8.0,0.0,1.3,0.0,0.0,0.0
JEC-J19,26.4,0.0,5.0,0.0,0.0,0.0,2.0,0.0,9.0,0.0,1.3,0.0,0.0,0.0
JEC-J19,27.5,0.0,5.0,0.0,0.0,0.0,1.0,0.0,9.0,1.0,1.3,0.0,0.0,0.0
JEC-J19,28.6,0.0,5.0,0.0,0.0,0.0,1.0,0.0,9.0,1.0,1.3,0.0,0.0,0.0
JEC-J19,29.7,0.0,5.0,0.0,0.0,0.0,1.0,0.0,9.0,1.0,1.3,0.0,0.0,0.0
JEC-J19,30.8,0.0,5.0,0.0,0.0,0.0,1.0,0.0,9.0,0.0,1.3,0.0,0.0,0.0
JEC-J19,31.9,0.0,5.0,0.0,0.0,0.0,1.0,0.0,9.0,0.0,1.3,0.0,0.0,0.0
JEC-J19,33.0,0.0,5.0,0.0,0.0,0.0,1.0,0.0,9.0,0.0,1.3,0.0,0.0,0.0
JEC-J19,34.1,0.0,5.0,0.0,0.0,0.0,1.0,0.0,9.0,0.0,1.3,0.0,0.0,0.0
JEC-J19,35.2,0.0,5.0,0.0,0.0,0.0,1.0,0.0,9.0,0.0,1.3,0.0,0.0,0.0
JEC-J19,36.3,0.0,5.0,0.0,0.0,0.0,1.0,0.0,9.0,0.0,1.3,0.0,0.0,0.0
JEC-J19,37.4,0.0,5.0,0.0,0.0,0.0,1.0,0.0,9.0,0.0,1.3,0.0,0.0,0.0
JEC-J19,38.5,0.0,5.0,0.0,0.0,0.0,1.0,0.0,8.0,0.0,1.3,0.0,0.0,0.0
JEC-J19,39.6,0.0,5.0,0.0,0.0,0.0,1.0,0.0,8.0,0.0,1.3,0.0,0.0,0.0
JEC-J19,40.7,0.0,5.0,0.0,0.0,0.0,1.0,0.0,8.0,0.0,1.3,0.0,0.0,0.0
JEC-J19,41.8,0.0,5.0,0.0,0.0,0.0,0.0,0.0,8.0,1.0,1.3,0.0,0.0,0.0
JEC-J19,42.9,1.0,5.0,0.0,0.0,0.0,0.0,0.0,9.0,1.0,1.3,0.0,0.0,0.0
JEC-J19,44.0,1.0,5.0,0.0,0.0,0.0,0.0,0.0,9.0,1.0,1.3,0.0,0.0,0.0
JEC-J19,45.1,0.0,5.0,0.0,0.0,0.0,0.0,0.0,9.0,1.0,1.3,0.0,0.0,0.0
JEC-J19,46.2,0.0,5.0,0.0,0.0,0.0,0.0,0.0,9.0,1.0,1.3,0.0,0.0,1.0
JEC-J19,47.3,0.0,5.0,0.0,0.0,0.0,1.0,0.0,10.0,1.0,1.3,0.0,0.0,1.0
JEC-J19,48.4,0.0,5.0,1.0,0.0,0.0,1.0,0.0,10.0,1.0,1.3,0.0,0.0,2.0
JEC-J19,49.5,0.0,5.0,1.0,0.0,0.0,1.0,0.0,10.0,1.0,1.3,0.0,0.0,0.0
JEC-J19,50.6,0.0,5.0,0.0,0.0,0.0,0.0,0.0,10.0,1.0,1.0,0.0,0.0,0.0
JEC-J19,51.7,0.0,5.0,0.0,0.0,0.0,1.0,0.0,10.0,1.0,1.0,0.0,0.0,0.0
JEC-J19,52.8,0.0,5.0,0.0,0.0,0.0,2.0,0.0,10.0,1.0,1.0,0.0,0.0,0.0
JEC-J19,53.9,0.0,5.0,0.0,0.0,0.0,2.0,0.0,10.0,1.0,1.0,0.0,0.0,0.0
JEC-J19,55.0,0.0,5.0,0.0,0.0,0.0,2.0,0.0,10.0,1.0,1.0,0.0,0.0,0.0
JEC-J19,56.1,0.0,5.0,0.0,0.0,0.0,2.0,0.0,10.0,0.0,1.21,0.0,0.0,0.0
JEC-J19,57.2,0.0,5.0,0.0,0.0,0.0,2.0,0.0,10.0,0.0,1.21,0.0,0.0,0.0
JEC-J19,58.3,0.0,5.0,0.0,0.0,0.0,2.0,0.0,10.0,0.0,1.21,0.0,0.0,0.0
JEC-J19,59.4,0.0,5.0,0.0,0.0,0.0,2.0,0.0,10.0,0.0,1.21,0.0,0.0,0.0
JEC-J19,60.5,0.0,5.0,0.0,0.0,0.0,1.0,0.0,10.0,0.0,1.21,0.0,0.0,0.0
JEC-J19,61.6,0.0,5.0,0.0,0.0,0.0,2.0,0.0,10.0,0.0,1.21,0.0,0.0,0.0
JEC-J19,62.7,1.0,5.0,0.0,0.0,0.0,1.0,0.0,10.0,1.0,1.21,0.0,0.0,0.0
JEC-J19,63.8,1.0,5.0,0.0,0.0,0.0,1.0,0.0,10.0,1.0,1.21,0.0,0.0,0.0
JEC-J19,64.9,1.0,5.0,0.0,0.0,0.0,1.0,0.0,10.0,1.0,1.21,0.0,0.0,0.0
JEC-J19,66.0,0.0,5.0,0.0,0.0,0.0,1.0,0.0,10.0,1.0,1.21,0.0,0.0,0.0
JEC-J19,67.1,0.0,5.0,0.0,0.0,0.0,1.0,0.0,10.0,1.0,1.21,0.0,0.0,1.0
JEC-J19,68.2,0.0,5.0,1.0,0.0,0.0,1.0,0.0,9.0,1.0,1.21,0.0,0.0,1.0
JEC-J19,69.3,0.0,5.0,1.0,0.0,0.0,0.0,0.0,9.0,1.0,1.21,0.0,0.0,2.0
JEC-J19,70.4,0.0,5.0,1.0,0.0,0.0,1.0,0.0,9.0,1.0,1.21,0.0,0.0,0.0
JEC-J19,71.5,0.0,5.0,0.0,0.0,0.0,1.0,0.0,9.0,1.0,1.21,0.0,0.0,0.0
JEC-J19,72.6,0.0,5.0,0.0,0.0,0.0,1.0,0.0,9.0,1.0,1.21,0.0,0.0,0.0
JEC-J19,73.7,0.0,5.0,0.0,0.0,0.0,1.0,0.0,9.0,1.0,1.21,0.0,0.0,0.0
JEC-J19,74.8,0.0,5.0,0.0,0.0,0.0,1.0,0.0,9.0,1.0,1.21,0.0,0.0,0.0
JEC-J19,75.9,0.0,5.0,0.0,0.0,0.0,1.0,0.0,10.0,0.0,1.21,0.0,0.0,0.0
JEC-J19,77.0,0.0,5.0,0.0,0.0,0.0,1.0,0.0,10.0,0.0,1.21,0.0,0.0,0.0
JEC-J19,78.1,0.0,5.0,0.0,0.0,0.0,0.0,0.0,10.0,0.0,1.21,0.0,0.0,0.0
JEC-J19,79.2,0.0,5.0,0.0,0.0,0.0,1.0,0.0,10.0,0.0,1.21,0.0,0.0,0.0
JEC-J19,80.3,0.0,5.0,0.0,0.0,0.0,1.0,0.0,10.0,0.0,1.21,0.0,0.0,0.0
JEC-J19,81.4,0.0,5.0,0.0,0.0,0.0,2.0,0.0,10.0,0.0,1.21,0.0,0.0,0.0
JEC-J19,82.5,0.0,5.0,0.0,0.0,0.0,2.0,0.0,10.0,0.0,1.21,0.0,0.0,0.0
JEC-J19,83.6,0.0,5.0,0.0,0.0,0.0,2.0,0.0,10.0,0.0,1.21,0.0,0.0,0.0
JEC-J19,84.7,0.0,5.0,0.0,0.0,0.0,2.0,0.0,10.0,0.0,1.21,0.0,0.0,0.0
JEC-J19,85.8,0.0,5.0,0.0,0.0,0.0,2.0,0.0,10.0,0.0,1.21,0.0,0.0,0.0
JEC-J19,86.9,0.0,5.0,0.0,0.0,0.0,1.0,0.0,10.0,0.0,1.21,0.0,0.0,0.0
JEC-J19,88.0,0.0,5.0,0.0,0.0,0.0,2.0,0.0,10.0,0.0,1.21,0.0,0.0,0.0
JEC-J19,89.1,0.0,5.0,0.0,0.0,0.0,2.0,0.0,10.0,0.0,1.21,0.0,0.0,0.0
JEC-J19,90.2,0.0,5.0,0.0,0.0,0.0,2.0,0.0,9.0,0.0,1.21,0.0,0.0,0.0
JEC-J19,91.3,0.0,5.0,0.0,0.0,0.0,2.0,0.0,9.0,0.0,1.21,0.0,0.0,0.0
JEC-J19,92.4,0.0,5.0,0.0,0.0,0.0,2.0,0.0,9.0,0.0,1.21,0.0,0.0,0.0
JEC-J19,93.5,0.0,5.0,0.0,0.0,0.0,2.0,0.0,9.0,0.0,1.21,0.0,0.0,0.0
JEC-J19,94.6,1.0,5.0,0.0,0.0,0.0,2.0,0.0,8.0,0.0,1.21,0.0,0.0,0.0
JEC-J19,95.7,1.0,5.0,0.0,0.0,0.0,1.0,0.0,8.0,0.0,1.21,0.0,0.0,0.0
JEC-J19,96.8,1.0,5.0,0.0,0.0,0.0,1.0,0.0,8.0,1.0,1.21,0.0,0.0,0.0
JEC-J19,97.9,0.0,5.0,0.0,0.0,0.0,1.0,0.0,8.0,1.0,1.21,0.0,0.0,1.0
JEC-J19,99.0,0.0,5.0,0.0,0.0,0.0,1.0,0.0,8.0,1.0,1.21,0.0,0.0,1.0
JEC-J19,100.1,0.0,5.0,1.0,0.0,0.0,1.0,0.0,8.0,1.0,1.21,0.0,0.0,2.0
JEC-J19,101.2,0.0,5.0,1.0,0.0,0.0,1.0,0.0,9.0,1.0,1.21,0.0,0.0,2.0
JEC-J19,102.3,0.0,5.0,1.0,0.0,0.0,1.0,0.0,9.0,1.0,1.21,0.0,0.0,0.0
JEC-J19,103.4,0.0,5.0,0.0,0.0,0.0,1.0,0.0,9.0,1.0,1.21,0.0,0.0,0.0
JEC-J19,104.5,0.0,5.0,0.0,0.0,0.0,1.0,0.0,9.0,1.0,1.21,0.0,0.0,0.0
JEC-J19,105.6,0.0,5.0,0.0,0.0,0.0,1.0,0.0,9.0,1.0,1.21,0.0,0.0,0.0
JEC-J19,106.7,0.0,5.0,0.0,0.0,0.0,1.0,0.0,9.0,1.0,1.21,0.0,0.0,0.0
JEC-J19,107.8,0.0,5.0,0.0,0.0,0.0,2.0,0.0,9.0,1.0,1.21,0.0,0.0,0.0
JEC-J19,108.9,0.0,5.0,0.0,0.0,0.0,2.0,0.0,9.0,1.0,1.21,0.0,0.0,0.0
JEC-J19,110.0,0.0,5.0,0.0,0.0,0.0,2.0,0.0,9.0,0.0,1.21,0.0,0.0,0.0
JEC-J19,111.1,0.0,5.0,0.0,0.0,0.0,2.0,0.0,10.0,0.0,1.21,0.0,0.0,0.0
JEC-J19,112.2,0.0,5.0,0.0,0.0,0.0,3.0,0.0,10.0,0.0,1.21,0.0,0.0,0.0
JEC-J19,113.3,0.0,5.0,0.0,0.0,0.0,3.0,0.0,10.0,0.0,1.21,0.0,0.0,0.0
JEC-J19,114.4,1.0,5.0,0.0,0.0,0.0,2.0,0.0,10.0,0.0,1.21,0.0,0.0,0.0
JEC-J19,115.5,1.0,5.0,0.0,0.0,0.0,3.0,0.0,10.0,0.0,1.0,0.0,0.0,0.0
JEC-J19,116.6,0.0,5.0,0.0,0.0,0.0,2.0,0.0,10.0,1.0,1.0,0.0,0.0,0.0
JEC-J19,117.7,0.0,5.0,0.0,0.0,0.0,2.0,0.0,10.0,1.0,1.0,0.0,0.0,1.0
JEC-J19,118.8,0.0,5.0,0.0,0.0,0.0,2.0,0.0,10.0,1.0,1.0,0.0,0.0,1.0
JEC-J19,119.9,0.0,5.0,1.0,0.0,0.0,2.0,0.0,10.0,1.0,1.0,0.0,0.0,2.0
JEC-J19,121.0,0.0,5.0,1.0,0.0,0.0,2.0,0.0,10.0,1.0,1.07,0.0,0.0,0.0
JEC-J19,122.1,0.0,5.0,0.0,0.0,0.0,2.0,0.0,10.0,1.0,1.07,0.0,0.0,0.0
JEC-J19,123.2,0.0,5.0,0.0,0.0,0.0,1.0,0.0,10.0,1.0,1.07,0.0,0.0,0.0
JEC-J19,124.3,0.0,5.0,0.0,0.0,0.0,1.0,0.0,10.0,1.0,1.07,0.0,0.0,0.0
JEC-J19,125.4,0.0,5.0,0.0,0.0,0.0,2.0,0.0,10.0,1.0,1.07,0.0,0.0,0.0
JEC-J19,126.5,0.0,5.0,0.0,0.0,0.0,2.0,0.0,10.0,1.0,1.07,0.0,0.0,0.0
JEC-J19,127.6,0.0,5.0,0.0,0.0,0.0,2.0,0.0,10.0,1.0,1.07,0.0,0.0,0.0
JEC-J19,128.7,0.0,5.0,0.0,0.0,0.0,2.0,0.0,10.0,0.0,1.07,0.0,0.0,0.0
JEC-J19,129.8,0.0,5.0,0.0,0.0,0.0,2.0,0.0,10.0,0.0,1.07,0.0,0.0,0.0
JEC-J19,130.9,0.0,5.0,0.0,0.0,0.0,2.0,0.0,10.0,0.0,1.07,0.0,0.0,0.0
JEC-J19,132.0,0.0,5.0,0.0,0.0,0.0,1.0,0.0,10.0,0.0,1.07,0.0,0.0,0.0
JEC-J19,133.1,0.0,5.0,0.0,0.0,0.0,1.0,0.0,10.0,0.0,1.07,0.0,0.0,0.0
JEC-J19,134.2,0.0,5.0,0.0,0.0,0.0,2.0,0.0,10.0,0.0,1.07,0.0,0.0,0.0
JEC-J19,135.3,0.0,5.0,0.0,0.0,0.0,2.0,0.0,10.0,0.0,1.07,0.0,0.0,0.0
JEC-J19,136.4,0.0,5.0,0.0,0.0,0.0,2.0,0.0,10.0,0.0,1.07,0.0,0.0,0.0
JEC-J19,137.5,0.0,5.0,0.0,0.0,0.0,2.0,0.0,10.0,0.0,1.07,0.0,0.0,0.0
JEC-J19,138.6,0.0,5.0,0.0,0.0,0.0,2.0,0.0,10.0,0.0,1.07,0.0,0.0,0.0
JEC-J19,139.7,0.0,5.0,0.0,0.0,0.0,2.0,0.0,10.0,0.0,1.07,0.0,0.0,0.0
JEC-J19,140.8,0.0,5.0,0.0,0.0,0.0,2.0,0.0,10.0,0.0,1.07,0.0,0.0,0.0
JEC-J19,141.9,0.0,5.0,0.0,0.0,0.0,2.0,0.0,10.0,0.0,1.07,0.0,0.0,0.0
JEC-J19,143.0,0.0,5.0,0.0,0.0,0.0,2.0,0.0,10.0,0.0,1.07,0.0,0.0,0.0
JEC-J19,144.1,0.0,5.0,0.0,0.0,0.0,2.0,0.0,10.0,0.0,1.07,0.0,0.0,0.0
JEC-J19,145.2,0.0,5.0,0.0,0.0,0.0,2.0,0.0,10.0,0.0,1.07,0.0,0.0,0.0
JEC-J19,146.3,0.0,5.0,0.0,0.0,0.0,2.0,0.0,10.0,0.0,1.07,0.0,0.0,0.0
JEC-J19,147.4,0.0,5.0,0.0,0.0,0.0,2.0,0.0,10.0,0.0,1.07,0.0,0.0,0.0
JEC-J19,148.5,0.0,5.0,0.0,0.0,0.0,2.0,0.0,10.0,0.0,1.07,0.0,0.0,0.0
JEC-J19,149.6,0.0,5.0,0.0,0.0,0.0,2.0,0.0,10.0,0.0,1.07,0.0,0.0,0.0
JEC-J19,150.7,0.0,5.0,0.0,0.0,0.0,2.0,0.0,10.0,0.0,1.07,0.0,0.0,0.0
JEC-J19,151.8,0.0,5.0,0.0,0.0,0.0,2.0,0.0,10.0,0.0,1.07,0.0,0.0,0.0
JEC-J19,152.9,0.0,5.0,0.0,0.0,0.0,2.0,0.0,10.0,0.0,1.07,0.0,0.0,0.0
JEC-J19,154.0,0.0,5.0,0.0,0.0,0.0,2.0,0.0,10.0,0.0,1.07,0.0,0.0,0.0
JEC-J19,155.1,0.0,5.0,0.0,0.0,0.0,2.0,0.0,10.0,0.0,1.07,0.0,0.0,0.0
JEC-J19,156.2,0.0,5.0,0.0,0.0,0.0,3.0,0.0,10.0,0.0,1.07,0.0,0.0,0.0
JEC-J19,157.3,0.0,5.0,0.0,0.0,0.0,3.0,0.0,10.0,0.0,1.07,0.0,0.0,0.0
JEC-J19,158.4,0.0,5.0,0.0,0.0,0.0,3.0,0.0,10.0,0.0,1.07,0.0,0.0,0.0
JEC-J19,159.5,0.0,5.0,0.0,0.0,0.0,3.0,0.0,10.0,0.0,1.07,0.0,0.0,0.0
JEC-J19,160.6,0.0,5.0,0.0,0.0,0.0,3.0,0.0,10.0,0.0,1.07,0.0,0.0,0.0
JEC-J19,161.7,0.0,5.0,0.0,0.0,0.0,3.0,0.0,10.0,0.0,1.07,0.0,0.0,0.0
JEC-J19,162.8,0.0,5.0,0.0,0.0,0.0,3.0,0.0,10.0,0.0,1.07,0.0,0.0,0.0
JEC-J19,163.9,0.0,5.0,0.0,0.0,0.0,3.0,0.0,10.0,0.0,1.07,0.0,0.0,0.0
JEC-J19,165.0,0.0,5.0,0.0,0.0,0.0,3.0,0.0,10.0,0.0,1.07,0.0,0.0,0.0
JEC-J19,166.1,0.0,5.0,0.0,0.0,0.0,2.0,0.0,10.0,1.0,1.07,0.0,0.0,0.0
JEC-J19,167.2,0.0,5.0,0.0,0.0,0.0,2.0,0.0,10.0,1.0,1.07,0.0,0.0,0.0
JEC-J19,168.3,0.0,5.0,0.0,0.0,0.0,2.0,0.0,10.0,1.0,1.07,0.0,0.0,0.0
JEC-J19,169.4,0.0,5.0,0.0,0.0,0.0,2.0,0.0,10.0,1.0,1.07,0.0,0.0,0.0
JEC-J19,170.5,1.0,5.0,0.0,0.0,0.0,2.0,0.0,10.0,1.0,1.0,0.0,0.0,0.0
JEC-J19,171.6,1.0,5.0,0.0,0.0,0.0,2.0,0.0,10.0,1.0,1.0,0.0,0.0,0.0
JEC-J19,172.7,0.0,5.0,0.0,0.0,0.0,2.0,0.0,10.0,1.0,1.0,0.0,0.0,0.0
JEC-J19,173.8,0.0,5.0,0.0,0.0,0.0,2.0,0.0,10.0,1.0,1.0,0.0,0.0,1.0
JEC-J19,174.9,0.0,5.0,0.0,0.0,0.0,2.0,0.0,10.0,1.0,1.0,0.0,0.0,1.0
JEC-J19,176.0,0.0,5.0,1.0,0.0,0.0,2.0,0.0,9.0,1.0,1.0,0.0,0.0,2.0
JEC-J19,177.1,0.0,5.0,1.0,0.0,0.0,2.0,0.0,9.0,1.0,1.0,0.0,0.0,0.0
JEC-J19,178.2,0.0,5.0,0.0,0.0,0.0,2.0,0.0,9.0,1.0,1.0,0.0,0.0,0.0
JEC-J19,179.3,0.0,5.0,0.0,0.0,0.0,2.0,0.0,9.0,1.0,1.0,0.0,0.0,0.0
JEC-J19,180.4,0.0,5.0,0.0,0.0,0.0,2.0,0.0,9.0,1.0,1.0,0.0,0.0,0.0
JEC-J19,181.5,0.0,5.0,0.0,0.0,0.0,2.0,0.0,9.0,1.0,1.0,0.0,0.0,0.0
JEC-J19,182.6,0.0,5.0,0.0,0.0,0.0,2.0,0.0,9.0,0.0,1.0,0.0,0.0,0.0
JEC-J19,183.7,0.0,5.0,0.0,0.0,0.0,2.0,0.0,9.0,0.0,1.0,0.0,0.0,0.0
JEC-J19,184.8,0.0,5.0,0.0,0.0,0.0,2.0,0.0,9.0,0.0,1.0,0.0,0.0,0.0
JEC-J19,185.9,0.0,5.0,0.0,0.0,0.0,2.0,0.0,9.0,0.0,1.0,0.0,0.0,0.0
JEC-J19,187.0,0.0,5.0,0.0,0.0,0.0,2.0,0.0,9.0,0.0,1.0,0.0,0.0,0.0
JEC-J19,188.1,0.0,5.0,0.0,0.0,0.0,2.0,0.0,9.0,0.0,1.0,0.0,0.0,0.0
JEC-J19,189.2,0.0,5.0,0.0,0.0,0.0,2.0,0.0,9.0,0.0,1.0,0.0,0.0,0.0
JEC-J19,190.3,0.0,5.0,0.0,0.0,0.0,2.0,0.0,9.0,0.0,1.0,0.0,0.0,0.0
JEC-J19,191.4,0.0,5.0,0.0,0.0,0.0,2.0,0.0,9.0,0.0,1.0,0.0,0.0,0.0
JEC-J19,192.5,0.0,5.0,0.0,0.0,0.0,2.0,0.0,9.0,0.0,1.0,0.0,0.0,0.0
JEC-J19,193.6,0.0,5.0,0.0,0.0,0.0,2.0,0.0,9.0,0.0,1.0,0.0,0.0,0.0
JEC-J15,1.1,0.0,5.0,0.0,0.0,0.0,0.0,0.0,1.0,0.0,1.3,0.0,0.0,0.0
JEC-J15,2.2,0.0,5.0,0.0,0.0,0.0,0.0,0.0,1.0,0.0,1.3,0.0,0.0,0.0
JEC-J15,3.3,0.0,5.0,0.0,0.0,0.0,0.0,0.0,2.0,0.0,1.3,0.0,0.0,0.0
JEC-J15,4.4,0.0,5.0,0.0,0.0,0.0,0.0,0.0,2.0,0.0,1.3,0.0,0.0,0.0
JEC-J15,5.5,0.0,5.0,0.0,0.0,0.0,0.0,0.0,2.0,0.0,1.3,0.0,0.0,0.0
JEC-J15,6.6,0.0,5.0,0.0,0.0,0.0,1.0,0.0,2.0,0.0,1.3,0.0,0.0,0.0
JEC-J15,7.7,0.0,5.0,0.0,0.0,0.0,1.0,0.0,2.0,0.0,1.3,0.0,0.0,0.0
JEC-J15,8.8,0.0,5.0,0.0,0.0,0.0,1.0,0.0,3.0,0.0,1.3,0.0,0.0,0.0
JEC-J15,9.9,0.0,5.0,0.0,0.0,0.0,1.0,0.0,3.0,0.0,1.3,0.0,0.0,0.0
JEC-J15,11.0,0.0,5.0,0.0,0.0,0.0,1.0,0.0,3.0,0.0,1.3,0.0,0.0,0.0
JEC-J15,12.1,0.0,5.0,0.0,0.0,0.0,2.0,0.0,4.0,0.0,1.3,0.0,0.0,0.0
JEC-J15,13.2,0.0,5.0,0.0,0.0,0.0,2.0,0.0,4.0,0.0,1.3,0.0,0.0,0.0
JEC-J15,14.3,1.0,5.0,0.0,0.0,0.0,2.0,0.0,5.0,0.0,1.3,0.0,0.0,0.0
JEC-J15,15.4,1.0,5.0,0.0,0.0,0.0,1.0,0.0,5.0,1.0,1.3,0.0,0.0,0.0
JEC-J15,16.5,1.0,5.0,0.0,0.0,0.0,1.0,0.0,5.0,1.0,1.3,0.0,0.0,0.0
JEC-J15,17.6,0.0,5.0,0.0,0.0,0.0,2.0,0.0,5.0,1.0,1.3,0.0,0.0,1.0
JEC-J15,18.7,0.0,5.0,0.0,0.0,0.0,2.0,0.0,6.0,1.0,1.3,0.0,0.0,1.0
JEC-J15,19.8,1.0,5.0,1.0,0.0,0.0,2.0,0.0,6.0,1.0,1.3,0.0,0.0,2.0
JEC-J15,20.9,1.0,5.0,1.0,0.0,0.0,2.0,0.0,6.0,1.0,1.3,0.0,0.0,0.0
JEC-J15,22.0,1.0,5.0,1.0,0.0,0.0,1.0,0.0,6.0,2.0,1.3,0.0,0.0,1.0
JEC-J15,23.1,1.0,5.0,0.0,0.0,0.0,2.0,0.0,6.0,2.0,1.3,0.0,0.0,1.0
JEC-J15,24.2,1.0,5.0,0.0,0.0,0.0,2.0,0.0,6.0,2.0,1.3,0.0,0.0,1.0
JEC-J15,25.3,1.0,5.0,1.0,0.0,0.0,2.0,0.0,6.0,1.0,1.3,0.0,0.0,2.0
JEC-J15,26.4,0.0,5.0,1.0,0.0,0.0,2.0,0.0,6.0,1.0,1.3,0.0,0.0,2.0
JEC-J15,27.5,0.0,5.0,1.0,0.0,0.0,2.0,0.0,7.0,1.0,1.3,0.0,0.0,2.0
JEC-J15,28.6,1.0,5.0,1.0,0.0,0.0,1.0,0.0,7.0,2.0,1.3,0.0,0.0,2.0
JEC-J15,29.7,1.0,5.0,1.0,0.0,0.0,1.0,2.0,6.0,2.0,1.3,0.0,0.0,1.0
JEC-J15,30.8,1.0,5.0,1.0,0.0,0.0,1.0,2.0,6.0,2.0,1.3,0.0,0.0,1.0
JEC-J15,31.9,1.0,5.0,0.0,0.0,0.0,1.0,2.0,6.0,2.0,1.3,0.0,0.0,2.0
JEC-J15,33.0,1.0,5.0,0.0,0.0,0.0,0.0,2.0,6.0,3.0,1.3,0.0,0.0,3.0
JEC-J15,34.1,1.0,5.0,1.0,0.0,0.0,0.0,2.0,6.0,3.0,1.3,0.0,0.0,3.0
JEC-J15,35.2,1.0,5.0,1.0,0.0,0.0,0.0,1.0,6.0,3.0,1.3,0.0,0.0,0.0
JEC-J15,36.3,1.0,5.0,1.0,0.0,0.0,0.0,0.0,6.0,3.0,1.3,0.0,0.0,0.0
JEC-J15,37.4,1.0,5.0,1.0,0.0,0.0,1.0,0.0,6.0,3.0,1.3,0.0,0.0,0.0
JEC-J15,38.5,1.0,5.0,1.0,0.0,0.0,1.0,0.0,6.0,3.0,1.3,0.0,0.0,0.0
JEC-J15,39.6,1.0,5.0,1.0,0.0,0.0,1.0,0.0,6.0,3.0,1.3,0.0,0.0,0.0
JEC-J15,40.7,1.0,5.0,1.0,0.0,0.0,1.0,0.0,6.0,3.0,1.3,0.0,0.0,0.0
JEC-J15,41.8,1.0,5.0,1.0,0.0,0.0,1.0,0.0,6.0,3.0,1.3,0.0,0.0,0.0
JEC-J15,42.9,1.0,5.0,1.0,0.0,0.0,1.0,0.0,6.0,3.0,1.3,0.0,0.0,0.0
JEC-J15,44.0,1.0,5.0,1.0,0.0,0.0,1.0,0.0,6.0,3.0,1.3,0.0,0.0,0.0
JEC-J15,45.1,1.0,5.0,1.0,0.0,0.0,2.0,0.0,7.0,3.0,1.3,0.0,0.0,0.0
JEC-J15,46.2,1.0,5.0,1.0,0.0,0.0,2.0,0.0,7.0,3.0,1.3,0.0,0.0,0.0
JEC-J15,47.3,1.0,5.0,1.0,0.0,0.0,2.0,0.0,7.0,3.0,1.3,0.0,0.0,0.0
JEC-J15,48.4,1.0,5.0,1.0,0.0,0.0,2.0,0.0,7.0,3.0,1.3,0.0,0.0,0.0
JEC-J15,49.5,1.0,5.0,1.0,0.0,0.0,2.0,0.0,7.0,3.0,1.3,0.0,0.0,0.0
JEC-J15,50.6,1.0,5.0,1.0,0.0,0.0,3.0,0.0,7.0,3.0,1.0,0.0,0.0,0.0
JEC-J15,51.7,1.0,5.0,1.0,0.0,0.0,2.0,0.0,8.0,3.0,1.0,0.0,0.0,0.0
JEC-J15,52.8,1.0,5.0,1.0,0.0,0.0,2.0,0.0,8.0,3.0,1.0,0.0,0.0,0.0
JEC-J15,53.9,1.0,5.0,1.0,0.0,0.0,2.0,0.0,8.0,3.0,1.0,0.0,0.0,0.0
JEC-J15,55.0,1.0,5.0,1.0,0.0,0.0,2.0,0.0,8.0,3.0,1.0,0.0,0.0,0.0
JEC-J15,56.1,1.0,5.0,1.0,0.0,0.0,2.0,0.0,8.0,3.0,1.21,0.0,0.0,0.0
JEC-J15,57.2,1.0,5.0,1.0,0.0,0.0,2.0,0.0,8.0,3.0,1.21,0.0,0.0,0.0
JEC-J15,58.3,1.0,5.0,1.0,0.0,0.0,3.0,0.0,8.0,3.0,1.21,0.0,0.0,0.0
JEC-J15,59.4,1.0,5.0,1.0,0.0,0.0,3.0,0.0,8.0,3.0,1.21,0.0,0.0,0.0
JEC-J15,60.5,1.0,5.0,1.0,0.0,0.0,4.0,0.0,8.0,3.0,1.21,0.0,0.0,0.0
JEC-J15,61.6,1.0,5.0,1.0,0.0,0.0,3.0,0.0,8.0,3.0,1.21,0.0,0.0,0.0
JEC-J15,62.7,1.0,5.0,1.0,0.0,0.0,3.0,0.0,8.0,3.0,1.21,0.0,0.0,0.0
JEC-J15,63.8,1.0,5.0,1.0,0.0,0.0,3.0,0.0,8.0,3.0,1.21,0.0,0.0,0.0
JEC-J15,64.9,1.0,5.0,1.0,0.0,0.0,3.0,0.0,8.0,3.0,1.21,0.0,0.0,0.0
JEC-J15,66.0,1.0,5.0,1.0,0.0,0.0,3.0,0.0,8.0,3.0,1.21,0.0,0.0,0.0
JEC-J15,67.1,1.0,5.0,1.0,0.0,0.0,3.0,0.0,8.0,3.0,1.21,0.0,0.0,0.0
JEC-J15,68.2,1.0,5.0,1.0,0.0,0.0,3.0,0.0,8.0,3.0,1.21,0.0,0.0,0.0
JEC-J15,69.3,1.0,5.0,1.0,0.0,0.0,4.0,0.0,8.0,3.0,1.21,0.0,0.0,1.0
JEC-J15,70.4,1.0,5.0,1.0,0.0,0.0,3.0,0.0,8.0,3.0,1.21,0.0,0.0,2.0
JEC-J15,71.5,1.0,5.0,1.0,0.0,0.0,3.0,0.0,8.0,3.0,1.21,0.0,0.0,3.0
JEC-J15,72.6,1.0,5.0,1.0,0.0,0.0,3.0,0.0,8.0,3.0,1.21,0.0,0.0,4.0
JEC-J15,73.7,1.0,5.0,1.0,0.0,0.0,3.0,0.0,8.0,3.0,1.21,0.0,0.0,5.0
JEC-J15,74.8,1.0,5.0,1.0,0.0,0.0,3.0,0.0,8.0,3.0,1.21,0.0,0.0,5.0
JEC-J15,75.9,1.0,5.0,1.0,0.0,0.0,3.0,0.0,8.0,3.0,1.21,0.0,0.0,5.0
JEC-J15,77.0,1.0,5.0,1.0,0.0,0.0,3.0,0.0,8.0,3.0,1.21,0.0,0.0,6.0
JEC-J15,78.1,1.0,5.0,1.0,0.0,0.0,4.0,0.0,8.0,3.0,1.21,0.0,0.0,6.0
JEC-J15,79.2,1.0,5.0,1.0,0.0,0.0,3.0,0.0,8.0,3.0,1.21,0.0,0.0,6.0
JEC-J15,80.3,1.0,5.0,1.0,0.0,0.0,3.0,0.0,8.0,3.0,1.21,0.0,0.0,6.0
JEC-J15,81.4,1.0,5.0,1.0,0.0,0.0,3.0,0.0,8.0,3.0,1.21,0.0,0.0,6.0
JEC-J15,82.5,1.0,5.0,1.0,0.0,0.0,3.0,0.0,8.0,3.0,1.21,0.0,0.0,6.0
JEC-J15,83.6,1.0,5.0,1.0,0.0,0.0,3.0,0.0,8.0,3.0,1.21,0.0,0.0,6.0
JEC-J15,84.7,1.0,5.0,1.0,0.0,0.0,3.0,0.0,8.0,3.0,1.21,0.0,0.0,5.0
JEC-J15,85.8,1.0,5.0,1.0,0.0,0.0,3.0,0.0,8.0,3.0,1.21,0.0,0.0,5.0
JEC-J15,86.9,1.0,5.0,1.0,0.0,0.0,4.0,0.0,7.0,3.0,1.21,0.0,0.0,5.0
JEC-J15,88.0,1.0,5.0,1.0,0.0,0.0,3.0,0.0,7.0,3.0,1.21,0.0,0.0,6.0
JEC-J15,89.1,1.0,5.0,1.0,0.0,0.0,3.0,0.0,7.0,3.0,1.21,0.0,0.0,6.0
JEC-J15,90.2,1.0,5.0,1.0,0.0,0.0,3.0,0.0,7.0,3.0,1.21,0.0,0.0,6.0
JEC-J15,91.3,1.0,5.0,1.0,0.0,0.0,3.0,0.0,7.0,3.0,1.21,0.0,0.0,6.0
JEC-J15,92.4,1.0,5.0,1.0,0.0,0.0,3.0,0.0,8.0,3.0,1.21,0.0,0.0,6.0
JEC-J15,93.5,1.0,5.0,1.0,0.0,0.0,3.0,0.0,8.0,3.0,1.21,0.0,0.0,6.0
JEC-J15,94.6,1.0,5.0,1.0,0.0,0.0,3.0,0.0,8.0,3.0,1.21,0.0,0.0,6.0
JEC-J15,95.7,1.0,5.0,1.0,0.0,0.0,4.0,0.0,8.0,3.0,1.21,0.0,0.0,5.0
JEC-J15,96.8,1.0,5.0,1.0,0.0,0.0,3.0,0.0,8.0,3.0,1.21,0.0,0.0,5.0
JEC-J15,97.9,1.0,5.0,1.0,0.0,0.0,3.0,0.0,8.0,3.0,1.21,0.0,0.0,5.0
JEC-J15,99.0,1.0,5.0,1.0,0.0,0.0,3.0,0.0,8.0,3.0,1.21,0.0,0.0,6.0
JEC-J15,100.1,1.0,5.0,1.0,0.0,0.0,3.0,0.0,8.0,3.0,1.21,0.0,0.0,6.0
JEC-J15,101.2,1.0,5.0,1.0,0.0,0.0,3.0,0.0,8.0,3.0,1.21,0.0,0.0,6.0
JEC-J15,102.3,1.0,5.0,1.0,0.0,0.0,3.0,0.0,8.0,3.0,1.21,0.0,0.0,6.0
JEC-J15,103.4,1.0,5.0,1.0,0.0,0.0,3.0,0.0,8.0,3.0,1.21,0.0,0.0,6.0
JEC-J15,104.5,1.0,5.0,1.0,0.0,0.0,3.0,0.0,8.0,3.0,1.21,0.0,0.0,6.0
JEC-J15,105.6,1.0,5.0,1.0,0.0,0.0,3.0,0.0,8.0,3.0,1.21,0.0,0.0,6.0
JEC-J15,106.7,1.0,5.0,1.0,0.0,0.0,3.0,0.0,8.0,3.0,1.21,0.0,0.0,5.0
JEC-J15,107.8,1.0,5.0,1.0,0.0,0.0,3.0,0.0,8.0,3.0,1.21,0.0,0.0,5.0
JEC-J15,108.9,1.0,5.0,1.0,0.0,0.0,3.0,0.0,8.0,3.0,1.21,0.0,0.0,5.0
JEC-J15,110.0,1.0,5.0,1.0,0.0,0.0,3.0,0.0,8.0,3.0,1.21,0.0,0.0,6.0
JEC-J15,111.1,1.0,5.0,1.0,0.0,0.0,3.0,0.0,8.0,3.0,1.21,0.0,0.0,6.0
JEC-J15,112.2,1.0,5.0,1.0,0.0,0.0,3.0,0.0,8.0,3.0,1.21,0.0,0.0,6.0
JEC-J15,113.3,1.0,5.0,1.0,0.0,0.0,3.0,0.0,8.0,3.0,1.21,0.0,0.0,6.0
JEC-J15,114.4,1.0,5.0,1.0,0.0,0.0,4.0,0.0,8.0,3.0,1.21,0.0,0.0,6.0
JEC-J15,115.5,1.0,5.0,1.0,0.0,0.0,3.0,0.0,8.0,3.0,1.0,0.0,0.0,6.0
JEC-J15,116.6,1.0,5.0,1.0,0.0,0.0,3.0,0.0,8.0,3.0,1.0,0.0,0.0,6.0
JEC-J15,117.7,1.0,5.0,1.0,0.0,0.0,3.0,0.0,8.0,3.0,1.0,0.0,0.0,5.0
JEC-J15,118.8,1.0,5.0,1.0,0.0,0.0,3.0,0.0,9.0,3.0,1.0,0.0,0.0,5.0
JEC-J15,119.9,1.0,5.0,1.0,0.0,0.0,3.0,0.0,9.0,3.0,1.0,0.0,0.0,5.0
JEC-J15,121.0,1.0,5.0,1.0,0.0,0.0,3.0,0.0,9.0,3.0,1.07,0.0,0.0,4.0
JEC-J15,122.1,1.0,5.0,1.0,0.0,0.0,3.0,0.0,9.0,3.0,1.07,0.0,0.0,3.0
JEC-J15,123.2,1.0,5.0,1.0,0.0,0.0,4.0,0.0,9.0,3.0,1.07,0.0,0.0,2.0
JEC-J15,124.3,1.0,5.0,1.0,0.0,0.0,3.0,0.0,9.0,3.0,1.07,0.0,0.0,1.0
JEC-J15,125.4,1.0,5.0,1.0,0.0,0.0,3.0,0.0,9.0,3.0,1.07,0.0,0.0,0.0
JEC-J15,126.5,1.0,5.0,1.0,0.0,0.0,3.0,0.0,9.0,3.0,1.07,0.0,0.0,0.0
JEC-J15,127.6,1.0,5.0,1.0,0.0,0.0,3.0,0.0,9.0,3.0,1.07,0.0,0.0,1.0
JEC-J15,128.7,1.0,5.0,1.0,0.0,0.0,3.0,0.0,9.0,3.0,1.07,0.0,0.0,2.0
JEC-J15,129.8,1.0,5.0,1.0,0.0,0.0,3.0,0.0,9.0,3.0,1.07,0.0,0.0,3.0
JEC-J15,130.9,1.0,5.0,1.0,0.0,0.0,3.0,0.0,8.0,3.0,1.07,0.0,0.0,4.0
JEC-J15,132.0,1.0,5.0,1.0,0.0,0.0,3.0,0.0,8.0,3.0,1.07,0.0,0.0,6.0
JEC-J15,133.1,1.0,5.0,1.0,0.0,0.0,3.0,0.0,8.0,3.0,1.07,0.0,0.0,7.0
JEC-J15,134.2,1.0,5.0,1.0,0.0,0.0,3.0,1.0,8.0,3.0,1.07,0.0,0.0,5.0
JEC-J15,135.3,1.0,5.0,1.0,0.0,0.0,3.0,3.0,8.0,3.0,1.07,0.0,0.0,5.0
JEC-J15,136.4,1.0,5.0,1.0,0.0,0.0,3.0,4.0,8.0,3.0,1.07,0.0,0.0,5.0
JEC-J15,137.5,2.0,5.0,1.0,0.0,0.0,3.0,5.0,8.0,3.0,1.07,0.0,0.0,5.0
JEC-J15,138.6,2.0,5.0,1.0,0.0,0.0,4.0,6.0,8.0,3.0,1.07,0.0,0.0,5.0
JEC-J15,139.7,2.0,5.0,1.0,0.0,0.0,4.0,6.0,8.0,3.0,1.07,0.0,0.0,6.0
JEC-J15,140.8,2.0,5.0,1.0,0.0,0.0,4.0,6.0,8.0,3.0,1.07,0.0,0.0,7.0
JEC-J15,141.9,2.0,5.0,1.0,0.0,0.0,4.0,5.0,8.0,3.0,1.07,0.0,0.0,7.0
JEC-J15,143.0,2.0,5.0,2.0,0.0,0.0,4.0,4.0,8.0,3.0,1.07,0.0,0.0,6.0
JEC-J15,144.1,2.0,5.0,2.0,0.0,0.0,4.0,2.0,8.0,3.0,1.07,0.0,0.0,6.0
JEC-J15,145.2,2.0,5.0,2.0,0.0,0.0,4.0,1.0,8.0,3.0,1.07,0.0,0.0,6.0
JEC-J15,146.3,2.0,5.0,2.0,0.0,0.0,4.0,0.0,8.0,3.0,1.07,0.0,0.0,6.0
JEC-J15,147.4,2.0,5.0,2.0,0.0,0.0,4.0,0.0,8.0,3.0,1.07,0.0,0.0,6.0
JEC-J15,148.5,2.0,5.0,2.0,0.0,0.0,4.0,0.0,8.0,3.0,1.07,0.0,0.0,5.0
JEC-J15,149.6,2.0,5.0,2.0,0.0,0.0,4.0,0.0,8.0,3.0,1.07,0.0,0.0,5.0
JEC-J15,150.7,2.0,5.0,2.0,0.0,0.0,4.0,0.0,8.0,3.0,1.07,0.0,0.0,5.0
JEC-J15,151.8,2.0,5.0,2.0,0.0,0.0,4.0,0.0,8.0,3.0,1.07,0.0,0.0,5.0
JEC-J15,152.9,2.0,5.0,2.0,0.0,0.0,4.0,0.0,8.0,3.0,1.07,0.0,0.0,5.0
JEC-J15,154.0,2.0,5.0,2.0,0.0,0.0,4.0,0.0,8.0,3.0,1.07,0.0,0.0,5.0
JEC-J15,155.1,2.0,5.0,2.0,0.0,0.0,4.0,0.0,8.0,3.0,1.07,0.0,0.0,5.0
JEC-J15,156.2,2.0,5.0,2.0,0.0,0.0,4.0,0.0,8.0,3.0,1.07,0.0,0.0,5.0
JEC-J15,157.3,2.0,5.0,2.0,0.0,0.0,4.0,0.0,8.0,3.0,1.07,0.0,0.0,5.0
JEC-J15,158.4,2.0,5.0,2.0,0.0,0.0,4.0,0.0,8.0,3.0,1.07,0.0,0.0,5.0
JEC-J15,159.5,2.0,5.0,2.0,0.0,0.0,4.0,0.0,8.0,3.0,1.07,0.0,0.0,5.0
JEC-J15,160.6,2.0,5.0,2.0,0.0,0.0,4.0,0.0,8.0,3.0,1.07,0.0,0.0,5.0
JEC-J15,161.7,2.0,5.0,2.0,0.0,0.0,4.0,0.0,8.0,3.0,1.07,0.0,0.0,5.0
JEC-J15,162.8,2.0,5.0,2.0,0.0,0.0,4.0,0.0,8.0,3.0,1.07,0.0,0.0,5.0
JEC-J15,163.9,2.0,5.0,2.0,0.0,0.0,4.0,0.0,8.0,3.0,1.07,0.0,0.0,5.0
JEC-J15,165.0,2.0,5.0,2.0,0.0,0.0,4.0,0.0,8.0,3.0,1.07,0.0,0.0,5.0
JEC-J15,166.1,2.0,5.0,2.0,0.0,0.0,4.0,0.0,8.0,3.0,1.07,0.0,0.0,5.0
JEC-J15,167.2,2.0,5.0,2.0,0.0,0.0,4.0,0.0,8.0,3.0,1.07,0.0,0.0,5.0
JEC-J15,168.3,2.0,5.0,2.0,0.0,0.0,4.0,0.0,8.0,3.0,1.07,0.0,0.0,5.0
JEC-J15,169.4,2.0,5.0,2.0,0.0,0.0,4.0,0.0,8.0,3.0,1.07,0.0,0.0,5.0
JEC-J15,170.5,2.0,5.0,2.0,0.0,0.0,4.0,0.0,9.0,3.0,1.0,0.0,0.0,5.0
JEC-J15,171.6,2.0,5.0,2.0,0.0,0.0,4.0,0.0,9.0,3.0,1.0,0.0,0.0,5.0
JEC-J15,172.7,2.0,5.0,2.0,0.0,0.0,4.0,0.0,9.0,3.0,1.0,0.0,0.0,5.0
JEC-J15,173.8,2.0,5.0,2.0,0.0,0.0,4.0,0.0,9.0,3.0,1.0,0.0,0.0,5.0
JEC-J15,174.9,2.0,5.0,2.0,0.0,0.0,4.0,0.0,9.0,3.0,1.0,0.0,0.0,5.0
JEC-J15,176.0,2.0,5.0,2.0,0.0,0.0,4.0,0.0,9.0,3.0,1.0,0.0,0.0,5.0
JEC-J15,177.1,2.0,5.0,2.0,0.0,0.0,4.0,0.0,9.0,3.0,1.0,0.0,0.0,5.0
JEC-J15,178.2,2.0,5.0,2.0,0.0,0.0,4.0,0.0,9.0,3.0,1.0,0.0,0.0,5.0
JEC-J15,179.3,2.0,5.0,2.0,0.0,0.0,4.0,0.0,9.0,3.0,1.0,0.0,0.0,5.0
JEC-J15,180.4,2.0,5.0,2.0,0.0,0.0,4.0,0.0,9.0,3.0,1.0,0.0,0.0,5.0
JEC-J15,181.5,2.0,5.0,2.0,0.0,0.0,4.0,0.0,9.0,3.0,1.0,0.0,0.0,5.0
JEC-J15,182.6,2.0,5.0,2.0,0.0,0.0,4.0,0.0,9.0,3.0,1.0,0.0,0.0,5.0
JEC-J15,183.7,2.0,5.0,2.0,0.0,0.0,4.0,0.0,9.0,3.0,1.0,0.0,0.0,5.0
JEC-J15,184.8,2.0,5.0,2.0,0.0,0.0,4.0,0.0,9.0,3.0,1.0,0.0,0.0,5.0
JEC-J15,185.9,2.0,5.0,2.0,0.0,0.0,4.0,0.0,9.0,3.0,1.0,0.0,0.0,5.0
JEC-J15,187.0,2.0,5.0,2.0,0.0,0.0,4.0,0.0,9.0,3.0,1.0,0.0,0.0,5.0
JEC-J15,188.1,2.0,5.0,2.0,0.0,0.0,4.0,0.0,9.0,3.0,1.0,0.0,0.0,5.0
JEC-J15,189.2,2.0,5.0,2.0,0.0,0.0,4.0,0.0,9.0,3.0,1.0,0.0,0.0,5.0
JEC-J15,190.3,2.0,5.0,2.0,0.0,0.0,4.0,0.0,9.0,3.0,1.0,0.0,0.0,5.0
JEC-J15,191.4,2.0,5.0,2.0,0.0,0.0,4.0,0.0,9.0,3.0,1.0,0.0,0.0,5.0
JEC-J15,192.5,2.0,5.0,2.0,0.0,0.0,4.0,0.0,9.0,3.0,1.0,0.0,0.0,5.0
JEC-J15,193.6,2.0,5.0,2.0,0.0,0.0,4.0,0.0,8.0,3.0,1.0,0.0,0.0,5.0
JEC-J22,1.1,0.0,5.0,0.0,0.0,0.0,0.0,0.0,4.0,0.0,1.3,0.0,0.0,0.0
JEC-J22,2.2,0.0,5.0,0.0,0.0,0.0,0.0,0.0,4.0,0.0,1.3,0.0,0.0,0.0
JEC-J22,3.3,0.0,5.0,0.0,0.0,0.0,0.0,0.0,4.0,0.0,1.3,0.0,0.0,0.0
JEC-J22,4.4,0.0,5.0,0.0,0.0,0.0,0.0,0.0,4.0,0.0,1.3,0.0,0.0,0.0
JEC-J22,5.5,0.0,5.0,0.0,0.0,0.0,0.0,0.0,4.0,0.0,1.3,0.0,0.0,0.0
JEC-J22,6.6,0.0,5.0,0.0,0.0,0.0,0.0,0.0,4.0,0.0,1.3,0.0,0.0,0.0
JEC-J22,7.7,0.0,5.0,0.0,0.0,0.0,0.0,0.0,4.0,0.0,1.3,0.0,0.0,0.0
JEC-J22,8.8,0.0,5.0,0.0,0.0,0.0,0.0,0.0,4.0,0.0,1.3,0.0,0.0,0.0
JEC-J22,9.9,0.0,5.0,0.0,0.0,0.0,0.0,0.0,4.0,0.0,1.3,0.0,0.0,0.0
JEC-J22,11.0,0.0,5.0,0.0,0.0,0.0,0.0,0.0,4.0,0.0,1.3,0.0,0.0,0.0
JEC-J22,12.1,0.0,5.0,0.0,0.0,0.0,0.0,0.0,4.0,0.0,1.3,0.0,0.0,0.0
JEC-J22,13.2,0.0,5.0,0.0,0.0,0.0,0.0,0.0,4.0,0.0,1.3,0.0,0.0,0.0
JEC-J22,14.3,0.0,5.0,0.0,0.0,0.0,0.0,0.0,4.0,0.0,1.3,0.0,0.0,0.0
JEC-J22,15.4,0.0,5.0,0.0,0.0,0.0,0.0,0.0,4.0,0.0,1.3,0.0,0.0,0.0
JEC-J22,16.5,0.0,5.0,0.0,0.0,0.0,0.0,0.0,4.0,0.0,1.3,0.0,0.0,0.0
JEC-J22,17.6,0.0,5.0,0.0,0.0,0.0,0.0,0.0,4.0,0.0,1.3,0.0,0.0,0.0
JEC-J22,18.7,0.0,5.0,0.0,0.0,0.0,0.0,0.0,4.0,0.0,1.3,0.0,0.0,0.0
JEC-J22,19.8,0.0,5.0,0.0,0.0,0.0,0.0,0.0,3.0,0.0,1.3,0.0,0.0,0.0
JEC-J22,20.9,0.0,5.0,0.0,0.0,0.0,0.0,0.0,3.0,0.0,1.3,0.0,0.0,0.0
JEC-J22,22.0,0.0,5.0,0.0,0.0,0.0,0.0,0.0,3.0,0.0,1.3,0.0,0.0,0.0
JEC-J22,23.1,0.0,5.0,0.0,0.0,0.0,0.0,0.0,3.0,0.0,1.3,0.0,0.0,0.0
JEC-J22,24.2,0.0,5.0,0.0,0.0,0.0,0.0,0.0,3.0,0.0,1.3,0.0,0.0,0.0
JEC-J22,25.3,0.0,5.0,0.0,0.0,0.0,0.0,0.0,3.0,0.0,1.3,0.0,0.0,0.0
JEC-J22,26.4,0.0,5.0,0.0,0.0,0.0,0.0,0.0,2.0,0.0,1.3,0.0,0.0,0.0
JEC-J22,27.5,0.0,5.0,0.0,0.0,0.0,0.0,0.0,2.0,0.0,1.3,0.0,0.0,0.0
JEC-J22,28.6,0.0,5.0,0.0,0.0,0.0,0.0,0.0,2.0,0.0,1.3,0.0,0.0,0.0
JEC-J22,29.7,0.0,5.0,0.0,0.0,0.0,0.0,0.0,2.0,0.0,1.3,0.0,0.0,0.0
JEC-J22,30.8,0.0,5.0,0.0,0.0,0.0,0.0,0.0,2.0,0.0,1.3,0.0,0.0,0.0
JEC-J22,31.9,0.0,5.0,0.0,0.0,0.0,0.0,0.0,2.0,0.0,1.3,0.0,0.0,0.0
JEC-J22,33.0,0.0,5.0,0.0,0.0,0.0,0.0,0.0,1.0,0.0,1.3,0.0,0.0,0.0
JEC-J22,34.1,0.0,5.0,0.0,0.0,0.0,0.0,0.0,1.0,0.0,1.3,0.0,0.0,0.0
JEC-J22,35.2,0.0,5.0,0.0,0.0,0.0,0.0,0.0,1.0,0.0,1.3,0.0,0.0,0.0
JEC-J22,36.3,0.0,5.0,0.0,0.0,0.0,0.0,0.0,1.0,0.0,1.3,0.0,0.0,0.0
JEC-J22,37.4,0.0,5.0,0.0,0.0,0.0,0.0,0.0,0.0,0.0,1.3,0.0,0.0,0.0
JEC-J22,38.5,0.0,5.0,0.0,0.0,0.0,0.0,0.0,0.0,0.0,1.3,0.0,0.0,0.0
JEC-J22,39.6,0.0,5.0,0.0,0.0,0.0,0.0,0.0,0.0,0.0,1.3,0.0,0.0,0.0
JEC-J22,40.7,0.0,5.0,0.0,0.0,0.0,0.0,0.0,0.0,0.0,1.3,0.0,0.0,0.0
JEC-J22,41.8,0.0,5.0,0.0,0.0,0.0,0.0,0.0,0.0,0.0,1.3,0.0,0.0,0.0
JEC-J22,42.9,0.0,5.0,0.0,0.0,0.0,0.0,0.0,0.0,0.0,1.3,0.0,0.0,0.0
JEC-J22,44.0,0.0,5.0,0.0,0.0,0.0,0.0,0.0,0.0,0.0,1.3,0.0,0.0,0.0
JEC-J22,45.1,0.0,5.0,0.0,0.0,0.0,0.0,0.0,0.0,0.0,1.3,0.0,0.0,0.0
JEC-J22,46.2,0.0,5.0,0.0,0.0,0.0,0.0,0.0,0.0,0.0,1.3,0.0,0.0,0.0
JEC-J22,47.3,0.0,5.0,0.0,0.0,0.0,0.0,0.0,1.0,0.0,1.3,0.0,0.0,0.0
JEC-J22,48.4,0.0,5.0,0.0,0.0,0.0,0.0,0.0,1.0,0.0,1.3,0.0,0.0,0.0
JEC-J22,49.5,0.0,5.0,0.0,0.0,0.0,0.0,0.0,1.0,0.0,1.3,0.0,0.0,0.0
JEC-J22,50.6,0.0,5.0,0.0,0.0,0.0,0.0,0.0,1.0,0.0,1.0,0.0,0.0,0.0
JEC-J22,51.7,0.0,5.0,0.0,0.0,0.0,0.0,0.0,1.0,0.0,1.0,0.0,0.0,0.0
JEC-J22,52.8,0.0,5.0,0.0,0.0,0.0,1.0,0.0,1.0,0.0,1.0,0.0,0.0,0.0
JEC-J22,53.9,0.0,5.0,0.0,0.0,0.0,1.0,0.0,1.0,0.0,1.0,0.0,0.0,0.0
JEC-J22,55.0,0.0,5.0,0.0,0.0,0.0,1.0,0.0,1.0,0.0,1.0,0.0,0.0,0.0
JEC-J22,56.1,0.0,5.0,0.0,0.0,0.0,1.0,0.0,1.0,0.0,1.21,0.0,0.0,0.0
JEC-J22,57.2,0.0,5.0,0.0,0.0,0.0,1.0,0.0,1.0,0.0,1.21,0.0,0.0,0.0
JEC-J22,58.3,0.0,5.0,0.0,0.0,0.0,1.0,0.0,1.0,0.0,1.21,0.0,0.0,0.0
JEC-J22,59.4,0.0,5.0,0.0,0.0,0.0,1.0,0.0,1.0,0.0,1.21,0.0,0.0,0.0
JEC-J22,60.5,1.0,5.0,0.0,0.0,0.0,1.0,0.0,1.0,0.0,1.21,0.0,0.0,0.0
JEC-J22,61.6,1.0,5.0,0.0,0.0,0.0,0.0,0.0,1.0,1.0,1.21,0.0,0.0,0.0
JEC-J22,62.7,0.0,5.0,0.0,0.0,0.0,0.0,0.0,1.0,1.0,1.21,0.0,0.0,0.0
JEC-J22,63.8,0.0,5.0,0.0,0.0,0.0,0.0,0.0,1.0,1.0,1.21,0.0,0.0,1.0
JEC-J22,64.9,0.0,5.0,0.0,0.0,0.0,0.0,0.0,1.0,1.0,1.21,0.0,0.0,1.0
JEC-J22,66.0,0.0,5.0,1.0,0.0,0.0,0.0,0.0,1.0,1.0,1.21,0.0,0.0,2.0
JEC-J22,67.1,0.0,5.0,1.0,0.0,0.0,0.0,0.0,2.0,1.0,1.21,0.0,0.0,0.0
JEC-J22,68.2,0.0,5.0,0.0,0.0,0.0,0.0,0.0,2.0,1.0,1.21,0.0,0.0,0.0
JEC-J22,69.3,0.0,5.0,0.0,0.0,0.0,0.0,0.0,2.0,1.0,1.21,0.0,0.0,0.0
JEC-J22,70.4,1.0,5.0,0.0,0.0,0.0,0.0,0.0,2.0,1.0,1.21,0.0,0.0,0.0
JEC-J22,71.5,1.0,5.0,0.0,0.0,0.0,0.0,0.0,2.0,1.0,1.21,0.0,0.0,0.0
JEC-J22,72.6,1.0,5.0,0.0,0.0,0.0,0.0,0.0,2.0,1.0,1.21,0.0,0.0,1.0
JEC-J22,73.7,0.0,5.0,0.0,0.0,0.0,1.0,0.0,2.0,1.0,1.21,0.0,0.0,1.0
JEC-J22,74.8,0.0,5.0,0.0,0.0,0.0,1.0,0.0,2.0,1.0,1.21,0.0,0.0,2.0
JEC-J22,75.9,0.0,5.0,1.0,0.0,0.0,1.0,0.0,2.0,1.0,1.21,0.0,0.0,2.0
JEC-J22,77.0,0.0,5.0,1.0,0.0,0.0,1.0,0.0,2.0,1.0,1.21,0.0,0.0,3.0
JEC-J22,78.1,0.0,5.0,1.0,0.0,0.0,1.0,0.0,2.0,1.0,1.21,0.0,0.0,0.0
JEC-J22,79.2,0.0,5.0,0.0,0.0,0.0,1.0,0.0,2.0,1.0,1.21,0.0,0.0,0.0
JEC-J22,80.3,0.0,5.0,0.0,0.0,0.0,1.0,0.0,3.0,1.0,1.21,0.0,0.0,0.0
JEC-J22,81.4,0.0,5.0,0.0,0.0,0.0,1.0,0.0,3.0,1.0,1.21,0.0,0.0,0.0
JEC-J22,82.5,0.0,5.0,0.0,0.0,0.0,0.0,0.0,3.0,2.0,1.21,0.0,0.0,0.0
JEC-J22,83.6,0.0,5.0,0.0,0.0,0.0,0.0,0.0,3.0,2.0,1.21,0.0,0.0,0.0
JEC-J22,84.7,0.0,5.0,0.0,0.0,0.0,0.0,0.0,3.0,2.0,1.21,0.0,0.0,0.0
JEC-J22,85.8,1.0,5.0,0.0,0.0,0.0,0.0,0.0,3.0,2.0,1.21,0.0,0.0,0.0
JEC-J22,86.9,1.0,5.0,0.0,0.0,0.0,0.0,0.0,3.0,1.0,1.21,0.0,0.0,0.0
JEC-J22,88.0,1.0,5.0,0.0,0.0,0.0,0.0,0.0,3.0,1.0,1.21,0.0,0.0,0.0
JEC-J22,89.1,0.0,5.0,0.0,0.0,0.0,0.0,0.0,3.0,1.0,1.21,0.0,0.0,1.0
JEC-J22,90.2,0.0,5.0,0.0,0.0,0.0,0.0,0.0,3.0,1.0,1.21,0.0,0.0,1.0
JEC-J22,91.3,0.0,5.0,1.0,0.0,0.0,0.0,0.0,3.0,1.0,1.21,0.0,0.0,2.0
JEC-J22,92.4,0.0,5.0,1.0,0.0,0.0,0.0,0.0,3.0,1.0,1.21,0.0,0.0,2.0
JEC-J22,93.5,0.0,5.0,1.0,0.0,0.0,0.0,0.0,3.0,1.0,1.21,0.0,0.0,0.0
JEC-J22,94.6,0.0,5.0,0.0,0.0,0.0,0.0,0.0,3.0,1.0,1.21,0.0,0.0,0.0
JEC-J22,95.7,0.0,5.0,0.0,0.0,0.0,0.0,0.0,3.0,1.0,1.21,0.0,0.0,0.0
JEC-J22,96.8,1.0,5.0,0.0,0.0,0.0,0.0,0.0,3.0,1.0,1.21,0.0,0.0,0.0
JEC-J22,97.9,1.0,5.0,0.0,0.0,0.0,0.0,0.0,3.0,1.0,1.21,0.0,0.0,0.0
JEC-J22,99.0,1.0,5.0,0.0,0.0,0.0,0.0,0.0,3.0,1.0,1.21,0.0,0.0,1.0
JEC-J22,100.1,0.0,5.0,0.0,0.0,0.0,0.0,0.0,3.0,1.0,1.21,0.0,0.0,1.0
JEC-J22,101.2,0.0,5.0,0.0,0.0,0.0,0.0,0.0,3.0,1.0,1.21,0.0,0.0,2.0
JEC-J22,102.3,0.0,5.0,1.0,0.0,0.0,0.0,0.0,3.0,1.0,1.21,0.0,0.0,2.0
JEC-J22,103.4,0.0,5.0,1.0,0.0,0.0,0.0,0.0,2.0,1.0,1.21,0.0,0.0,3.0
JEC-J22,104.5,0.0,5.0,1.0,0.0,0.0,0.0,0.0,2.0,1.0,1.21,0.0,0.0,0.0
JEC-J22,105.6,0.0,5.0,0.0,0.0,0.0,0.0,0.0,2.0,1.0,1.21,0.0,0.0,0.0
JEC-J22,106.7,0.0,5.0,0.0,0.0,0.0,0.0,0.0,2.0,1.0,1.21,0.0,0.0,0.0
JEC-J22,107.8,0.0,5.0,0.0,0.0,0.0,0.0,0.0,2.0,1.0,1.21,0.0,0.0,0.0
JEC-J22,108.9,0.0,5.0,0.0,0.0,0.0,0.0,0.0,2.0,1.0,1.21,0.0,0.0,0.0
JEC-J22,110.0,0.0,5.0,0.0,0.0,0.0,0.0,0.0,2.0,0.0,1.21,0.0,0.0,0.0
JEC-J22,111.1,0.0,5.0,0.0,0.0,0.0,0.0,0.0,2.0,0.0,1.21,0.0,0.0,0.0
JEC-J22,112.2,0.0,5.0,0.0,0.0,0.0,0.0,0.0,2.0,0.0,1.21,0.0,0.0,0.0
JEC-J22,113.3,0.0,5.0,0.0,0.0,0.0,0.0,0.0,2.0,0.0,1.21,0.0,0.0,0.0
JEC-J22,114.4,0.0,5.0,0.0,0.0,0.0,0.0,0.0,2.0,0.0,1.21,0.0,0.0,0.0
JEC-J22,115.5,0.0,5.0,0.0,0.0,0.0,0.0,0.0,2.0,0.0,1.0,0.0,0.0,0.0
JEC-J22,116.6,0.0,5.0,0.0,0.0,0.0,0.0,0.0,2.0,0.0,1.0,0.0,0.0,0.0
JEC-J22,117.7,0.0,5.0,0.0,0.0,0.0,0.0,0.0,2.0,0.0,1.0,0.0,0.0,0.0
JEC-J22,118.8,0.0,5.0,0.0,0.0,0.0,0.0,0.0,1.0,0.0,1.0,0.0,0.0,0.0
JEC-J22,119.9,0.0,5.0,0.0,0.0,0.0,0.0,0.0,1.0,0.0,1.0,0.0,0.0,0.0
JEC-J22,121.0,0.0,5.0,0.0,0.0,0.0,0.0,0.0,1.0,0.0,1.07,0.0,0.0,0.0
JEC-J22,122.1,0.0,5.0,0.0,0.0,0.0,0.0,0.0,1.0,0.0,1.07,0.0,0.0,0.0
JEC-J22,123.2,0.0,5.0,0.0,0.0,0.0,0.0,0.0,0.0,0.0,1.07,0.0,0.0,0.0
JEC-J22,124.3,0.0,5.0,0.0,0.0,0.0,0.0,0.0,0.0,0.0,1.07,0.0,0.0,0.0
JEC-J22,125.4,0.0,5.0,0.0,0.0,0.0,0.0,0.0,0.0,0.0,1.07,0.0,0.0,0.0
JEC-J22,126.5,0.0,5.0,0.0,0.0,0.0,0.0,0.0,0.0,0.0,1.07,0.0,0.0,0.0
JEC-J22,127.6,0.0,5.0,0.0,0.0,0.0,0.0,0.0,0.0,0.0,1.07,0.0,0.0,0.0
JEC-J22,128.7,0.0,5.0,0.0,0.0,0.0,0.0,0.0,0.0,0.0,1.07,0.0,0.0,0.0
JEC-J22,129.8,0.0,5.0,0.0,0.0,0.0,0.0,0.0,0.0,0.0,1.07,0.0,0.0,0.0
JEC-J22,130.9,0.0,5.0,0.0,0.0,0.0,0.0,0.0,0.0,0.0,1.07,0.0,0.0,0.0
JEC-J22,132.0,0.0,5.0,0.0,0.0,0.0,0.0,0.0,0.0,0.0,1.07,0.0,0.0,0.0
JEC-J22,133.1,0.0,5.0,0.0,0.0,0.0,0.0,0.0,0.0,0.0,1.07,0.0,0.0,0.0
JEC-J22,134.2,0.0,5.0,0.0,0.0,0.0,0.0,0.0,0.0,0.0,1.07,0.0,0.0,0.0
JEC-J22,135.3,0.0,5.0,0.0,0.0,0.0,0.0,0.0,0.0,0.0,1.07,0.0,0.0,0.0
JEC-J22,136.4,0.0,5.0,0.0,0.0,0.0,0.0,0.0,0.0,0.0,1.07,0.0,0.0,0.0
JEC-J22,137.5,0.0,5.0,0.0,0.0,0.0,0.0,0.0,0.0,0.0,1.07,0.0,0.0,0.0
JEC-J22,138.6,0.0,5.0,0.0,0.0,0.0,0.0,0.0,0.0,0.0,1.07,0.0,0.0,0.0
JEC-J22,139.7,0.0,5.0,0.0,0.0,0.0,0.0,0.0,0.0,0.0,1.07,0.0,0.0,0.0
JEC-J22,140.8,0.0,5.0,0.0,0.0,0.0,0.0,0.0,0.0,0.0,1.07,0.0,0.0,0.0
JEC-J22,141.9,0.0,5.0,0.0,0.0,0.0,0.0,0.0,0.0,0.0,1.07,0.0,0.0,0.0
JEC-J22,143.0,0.0,5.0,0.0,0.0,0.0,0.0,0.0,0.0,0.0,1.07,0.0,0.0,0.0
JEC-J22,144.1,0.0,5.0,0.0,0.0,0.0,0.0,0.0,0.0,0.0,1.07,0.0,0.0,0.0
JEC-J22,145.2,0.0,5.0,0.0,0.0,0.0,0.0,0.0,0.0,0.0,1.07,0.0,0.0,0.0
JEC-J22,146.3,0.0,5.0,0.0,0.0,0.0,0.0,0.0,0.0,0.0,1.07,0.0,0.0,0.0
JEC-J22,147.4,0.0,5.0,0.0,0.0,0.0,0.0,0.0,0.0,0.0,1.07,0.0,0.0,0.0
JEC-J22,148.5,0.0,5.0,0.0,0.0,0.0,0.0,0.0,0.0,0.0,1.07,0.0,0.0,0.0
JEC-J22,149.6,0.0,5.0,0.0,0.0,0.0,0.0,0.0,0.0,0.0,1.07,0.0,0.0,0.0
JEC-J22,150.7,0.0,5.0,0.0,0.0,0.0,0.0,0.0,0.0,0.0,1.07,0.0,0.0,0.0
JEC-J22,151.8,0.0,5.0,0.0,0.0,0.0,0.0,0.0,0.0,0.0,1.07,0.0,0.0,0.0
JEC-J22,152.9,0.0,5.0,0.0,0.0,0.0,0.0,0.0,0.0,0.0,1.07,0.0,0.0,0.0
JEC-J22,154.0,0.0,5.0,0.0,0.0,0.0,0.0,0.0,0.0,0.0,1.07,0.0,0.0,0.0
JEC-J22,155.1,0.0,5.0,0.0,0.0,0.0,0.0,0.0,0.0,0.0,1.07,0.0,0.0,0.0
JEC-J22,156.2,0.0,5.0,0.0,0.0,0.0,0.0,0.0,0.0,0.0,1.07,0.0,0.0,0.0
JEC-J22,157.3,0.0,5.0,0.0,0.0,0.0,0.0,0.0,0.0,0.0,1.07,0.0,0.0,0.0
JEC-J22,158.4,0.0,5.0,0.0,0.0,0.0,0.0,0.0,0.0,0.0,1.07,0.0,0.0,0.0
JEC-J22,159.5,0.0,5.0,0.0,0.0,0.0,0.0,0.0,0.0,0.0,1.07,0.0,0.0,0.0
JEC-J22,160.6,0.0,5.0,0.0,0.0,0.0,0.0,0.0,0.0,0.0,1.07,0.0,0.0,0.0
JEC-J22,161.7,0.0,5.0,0.0,0.0,0.0,0.0,0.0,0.0,0.0,1.07,0.0,0.0,0.0
JEC-J22,162.8,0.0,5.0,0.0,0.0,0.0,0.0,0.0,0.0,0.0,1.07,0.0,0.0,0.0
JEC-J22,163.9,0.0,5.0,0.0,0.0,0.0,0.0,0.0,0.0,0.0,1.07,0.0,0.0,0.0
JEC-J22,165.0,0.0,5.0,0.0,0.0,0.0,0.0,0.0,0.0,0.0,1.07,0.0,0.0,0.0
JEC-J22,166.1,0.0,5.0,0.0,0.0,0.0,0.0,0.0,1.0,0.0,1.07,0.0,0.0,0.0
JEC-J22,167.2,0.0,5.0,0.0,0.0,0.0,0.0,0.0,1.0,0.0,1.07,0.0,0.0,0.0
JEC-J22,168.3,0.0,5.0,0.0,0.0,0.0,0.0,0.0,1.0,0.0,1.07,0.0,0.0,0.0
JEC-J22,169.4,0.0,5.0,0.0,0.0,0.0,0.0,0.0,1.0,0.0,1.07,0.0,0.0,0.0
JEC-J22,170.5,0.0,5.0,0.0,0.0,0.0,0.0,0.0,1.0,0.0,1.0,0.0,0.0,0.0
JEC-J22,171.6,0.0,5.0,0.0,0.0,0.0,0.0,0.0,1.0,0.0,1.0,0.0,0.0,0.0
JEC-J22,172.7,0.0,5.0,0.0,0.0,0.0,0.0,0.0,1.0,0.0,1.0,0.0,0.0,0.0
JEC-J22,173.8,0.0,5.0,0.0,0.0,0.0,0.0,0.0,1.0,0.0,1.0,0.0,0.0,0.0
JEC-J22,174.9,0.0,5.0,0.0,0.0,0.0,0.0,0.0,2.0,0.0,1.0,0.0,0.0,0.0
JEC-J22,176.0,0.0,5.0,0.0,0.0,0.0,0.0,0.0,2.0,0.0,1.0,0.0,0.0,0.0
JEC-J22,177.1,0.0,5.0,0.0,0.0,0.0,0.0,0.0,2.0,0.0,1.0,0.0,0.0,0.0
JEC-J22,178.2,0.0,5.0,0.0,0.0,0.0,0.0,0.0,2.0,0.0,1.0,0.0,0.0,0.0
JEC-J22,179.3,0.0,5.0,0.0,0.0,0.0,0.0,0.0,2.0,0.0,1.0,0.0,0.0,0.0
JEC-J22,180.4,0.0,5.0,0.0,0.0,0.0,1.0,0.0,2.0,0.0,1.0,0.0,0.0,0.0
JEC-J22,181.5,0.0,5.0,0.0,0.0,0.0,1.0,0.0,2.0,0.0,1.0,0.0,0.0,0.0
JEC-J22,182.6,0.0,5.0,0.0,0.0,0.0,1.0,0.0,2.0,0.0,1.0,0.0,0.0,0.0
JEC-J22,183.7,0.0,5.0,0.0,0.0,0.0,1.0,0.0,2.0,0.0,1.0,0.0,0.0,0.0
JEC-J22,184.8,0.0,5.0,0.0,0.0,0.0,1.0,0.0,2.0,0.0,1.0,0.0,0.0,0.0
JEC-J22,185.9,0.0,5.0,0.0,0.0,0.0,1.0,0.0,2.0,0.0,1.0,0.0,0.0,0.0
JEC-J22,187.0,0.0,5.0,0.0,0.0,0.0,1.0,0.0,2.0,0.0,1.0,0.0,0.0,0.0
JEC-J22,188.1,1.0,5.0,0.0,0.0,0.0,1.0,0.0,2.0,0.0,1.0,0.0,0.0,0.0
JEC-J22,189.2,1.0,5.0,0.0,0.0,0.0,0.0,0.0,2.0,1.0,1.0,0.0,0.0,0.0
JEC-J22,190.3,0.0,5.0,0.0,0.0,0.0,0.0,0.0,2.0,1.0,1.0,0.0,0.0,0.0
JEC-J22,191.4,0.0,5.0,0.0,0.0,0.0,0.0,0.0,2.0,1.0,1.0,0.0,0.0,1.0
JEC-J22,192.5,0.0,5.0,0.0,0.0,0.0,0.0,0.0,2.0,1.0,1.0,0.0,0.0,1.0
JEC-J22,193.6,0.0,5.0,1.0,0.0,0.0,0.0,0.0,2.0,1.0,1.0,0.0,0.0,2.0
JEC-J03,1.1,0.0,5.0,0.0,0.0,0.0,0.0,0.0,3.0,0.0,1.13,0.0,0.0,0.0
JEC-J03,2.2,0.0,5.0,0.0,0.0,0.0,0.0,0.0,3.0,0.0,1.13,0.0,0.0,0.0
JEC-J03,3.3,0.0,5.0,0.0,0.0,0.0,0.0,0.0,3.0,0.0,1.13,0.0,0.0,0.0
JEC-J03,4.4,0.0,5.0,0.0,0.0,0.0,0.0,0.0,3.0,0.0,1.13,0.0,0.0,0.0
JEC-J03,5.5,0.0,5.0,0.0,0.0,0.0,0.0,0.0,3.0,0.0,1.13,0.0,0.0,0.0
JEC-J03,6.6,0.0,5.0,0.0,0.0,0.0,0.0,0.0,3.0,0.0,1.13,0.0,0.0,0.0
JEC-J03,7.7,0.0,5.0,0.0,0.0,0.0,0.0,0.0,3.0,0.0,1.13,0.0,0.0,0.0
JEC-J03,8.8,0.0,5.0,0.0,0.0,0.0,0.0,0.0,3.0,0.0,1.13,0.0,0.0,0.0
JEC-J03,9.9,0.0,5.0,0.0,0.0,0.0,0.0,0.0,4.0,0.0,1.13,0.0,0.0,0.0
JEC-J03,11.0,0.0,5.0,0.0,0.0,0.0,0.0,0.0,4.0,0.0,1.13,0.0,0.0,0.0
JEC-J03,12.1,0.0,5.0,0.0,0.0,0.0,0.0,0.0,4.0,0.0,1.13,0.0,0.0,0.0
JEC-J03,13.2,0.0,5.0,0.0,0.0,0.0,0.0,0.0,4.0,0.0,1.13,0.0,0.0,0.0
JEC-J03,14.3,0.0,5.0,0.0,0.0,0.0,0.0,0.0,4.0,0.0,1.13,0.0,0.0,0.0
JEC-J03,15.4,0.0,5.0,0.0,0.0,0.0,0.0,0.0,4.0,0.0,1.13,0.0,0.0,0.0
JEC-J03,16.5,0.0,5.0,0.0,0.0,0.0,0.0,0.0,4.0,0.0,1.13,0.0,0.0,0.0
JEC-J03,17.6,0.0,5.0,0.0,0.0,0.0,0.0,0.0,4.0,0.0,1.13,0.0,0.0,0.0
JEC-J03,18.7,0.0,5.0,0.0,0.0,0.0,0.0,0.0,4.0,0.0,1.13,0.0,0.0,0.0
JEC-J03,19.8,0.0,5.0,0.0,0.0,0.0,0.0,0.0,4.0,0.0,1.13,0.0,0.0,0.0
JEC-J03,20.9,0.0,5.0,0.0,0.0,0.0,0.0,0.0,4.0,0.0,1.13,0.0,0.0,0.0
JEC-J03,22.0,0.0,5.0,0.0,0.0,0.0,1.0,0.0,4.0,0.0,1.13,0.0,0.0,0.0
JEC-J03,23.1,0.0,5.0,0.0,0.0,0.0,1.0,0.0,5.0,0.0,1.13,0.0,0.0,0.0
JEC-J03,24.2,0.0,5.0,0.0,0.0,0.0,1.0,0.0,5.0,0.0,1.13,0.0,0.0,0.0
JEC-J03,25.3,0.0,5.0,0.0,0.0,0.0,1.0,0.0,5.0,0.0,1.13,0.0,0.0,0.0
JEC-J03,26.4,0.0,5.0,0.0,0.0,0.0,1.0,0.0,5.0,0.0,1.13,0.0,0.0,0.0
JEC-J03,27.5,0.0,5.0,0.0,0.0,0.0,1.0,0.0,5.0,0.0,1.13,0.0,0.0,0.0
JEC-J03,28.6,1.0,5.0,0.0,0.0,0.0,2.0,0.0,5.0,0.0,1.13,0.0,0.0,0.0
JEC-J03,29.7,1.0,5.0,0.0,0.0,0.0,2.0,0.0,5.0,0.0,1.13,0.0,0.0,0.0
JEC-J03,30.8,1.0,5.0,0.0,0.0,0.0,2.0,0.0,6.0,0.0,1.13,0.0,0.0,0.0
JEC-J03,31.9,0.0,5.0,0.0,0.0,0.0,2.0,0.0,6.0,1.0,1.13,0.0,0.0,1.0
JEC-J03,33.0,0.0,5.0,0.0,0.0,0.0,3.0,0.0,5.0,1.0,1.13,0.0,0.0,1.0
JEC-J03,34.1,0.0,5.0,1.0,0.0,0.0,3.0,0.0,5.0,1.0,1.13,0.0,0.0,2.0
JEC-J03,35.2,0.0,5.0,1.0,0.0,0.0,3.0,0.0,5.0,1.0,1.13,0.0,0.0,0.0
JEC-J03,36.3,1.0,5.0,1.0,0.0,0.0,3.0,0.0,5.0,1.0,1.13,0.0,0.0,0.0
JEC-J03,37.4,1.0,5.0,0.0,0.0,0.0,4.0,0.0,6.0,1.0,1.13,0.0,0.0,0.0
JEC-J03,38.5,1.0,5.0,0.0,0.0,0.0,4.0,0.0,6.0,1.0,1.13,0.0,0.0,0.0
JEC-J03,39.6,0.0,5.0,0.0,0.0,0.0,2.0,0.0,6.0,3.0,1.13,0.0,0.0,2.0
JEC-J03,40.7,1.0,5.0,0.0,0.0,0.0,2.0,1.0,6.0,3.0,1.03,0.0,0.0,3.0
JEC-J03,41.8,1.0,5.0,1.0,0.0,0.0,2.0,2.0,6.0,3.0,1.03,0.0,0.0,4.0
JEC-J03,42.9,1.0,5.0,1.0,0.0,0.0,2.0,2.0,6.0,3.0,1.03,0.0,0.0,7.0
JEC-J03,44.0,1.0,5.0,1.0,0.0,0.0,1.0,3.0,6.0,3.0,1.03,0.0,0.0,7.0
JEC-J03,45.1,1.0,5.0,0.0,0.0,0.0,1.0,4.0,6.0,4.0,1.03,0.0,0.0,8.0
JEC-J03,46.2,1.0,5.0,1.0,0.0,0.0,1.0,5.0,6.0,4.0,1.03,0.0,0.0,9.0
JEC-J03,47.3,1.0,5.0,1.0,0.0,0.0,2.0,5.0,6.0,3.0,1.03,0.0,0.0,9.0
JEC-J03,48.4,0.0,5.0,1.0,0.0,0.0,2.0,4.0,6.0,3.0,1.03,0.0,0.0,6.0
JEC-J03,49.5,0.0,5.0,1.0,0.0,0.0,2.0,3.0,6.0,2.0,1.03,0.0,0.0,7.0
JEC-J03,50.6,1.0,5.0,1.0,0.0,0.0,2.0,2.0,6.0,2.0,1.03,0.0,0.0,7.0
JEC-J03,51.7,1.0,5.0,1.0,0.0,0.0,2.0,1.0,6.0,2.0,1.03,0.0,0.0,5.0
JEC-J03,52.8,1.0,5.0,1.0,0.0,0.0,1.0,1.0,6.0,2.0,1.03,0.0,0.0,8.0
JEC-J03,53.9,1.0,5.0,0.0,0.0,0.0,1.0,0.0,6.0,3.0,1.03,0.0,0.0,8.0
JEC-J03,55.0,1.0,5.0,0.0,0.0,0.0,1.0,1.0,6.0,3.0,1.03,0.0,0.0,8.0
JEC-J03,56.1,1.0,5.0,1.0,0.0,0.0,1.0,1.0,6.0,3.0,1.13,0.0,0.0,9.0
JEC-J03,57.2,1.0,5.0,1.0,0.0,0.0,1.0,1.0,7.0,3.0,1.13,0.0,0.0,8.0
JEC-J03,58.3,1.0,5.0,1.0,0.0,0.0,1.0,1.0,7.0,3.0,1.13,0.0,0.0,9.0
JEC-J03,59.4,1.0,5.0,1.0,0.0,0.0,1.0,1.0,7.0,3.0,1.13,0.0,0.0,10.0
JEC-J03,60.5,1.0,5.0,1.0,0.0,0.0,1.0,0.0,7.0,3.0,1.13,0.0,0.0,11.0
JEC-J03,61.6,1.0,5.0,1.0,0.0,0.0,1.0,0.0,7.0,3.0,1.13,0.0,0.0,11.0
JEC-J03,62.7,1.0,5.0,1.0,0.0,0.0,1.0,0.0,7.0,3.0,1.13,0.0,0.0,11.0
JEC-J03,63.8,1.0,5.0,1.0,0.0,0.0,1.0,0.0,7.0,3.0,1.13,0.0,0.0,10.0
JEC-J03,64.9,1.0,5.0,1.0,0.0,0.0,1.0,0.0,7.0,3.0,1.13,0.0,0.0,9.0
JEC-J03,66.0,1.0,5.0,1.0,0.0,0.0,1.0,0.0,7.0,3.0,1.13,0.0,0.0,9.0
JEC-J03,67.1,1.0,5.0,1.0,0.0,0.0,1.0,0.0,7.0,3.0,1.13,0.0,0.0,9.0
JEC-J03,68.2,1.0,5.0,1.0,0.0,0.0,1.0,0.0,7.0,3.0,1.13,0.0,0.0,9.0
JEC-J03,69.3,1.0,5.0,1.0,0.0,0.0,1.0,0.0,7.0,3.0,1.13,0.0,0.0,9.0
JEC-J03,70.4,1.0,5.0,1.0,0.0,0.0,1.0,0.0,7.0,3.0,1.13,0.0,0.0,9.0
JEC-J03,71.5,1.0,5.0,1.0,0.0,0.0,1.0,0.0,7.0,3.0,1.13,0.0,0.0,9.0
JEC-J03,72.6,1.0,5.0,1.0,0.0,0.0,1.0,0.0,7.0,3.0,1.13,0.0,0.0,9.0
JEC-J03,73.7,1.0,5.0,1.0,0.0,0.0,1.0,0.0,7.0,3.0,1.13,0.0,0.0,9.0
JEC-J03,74.8,1.0,5.0,1.0,0.0,0.0,1.0,0.0,7.0,3.0,1.13,0.0,0.0,8.0
JEC-J03,75.9,1.0,5.0,1.0,0.0,0.0,1.0,0.0,7.0,3.0,1.13,0.0,0.0,8.0
JEC-J03,77.0,1.0,5.0,1.0,0.0,0.0,1.0,0.0,7.0,3.0,1.13,0.0,0.0,8.0
JEC-J03,78.1,1.0,5.0,1.0,0.0,0.0,1.0,0.0,7.0,3.0,1.13,0.0,0.0,8.0
JEC-J03,79.2,1.0,5.0,1.0,0.0,0.0,1.0,0.0,7.0,3.0,1.13,0.0,0.0,8.0
JEC-J03,80.3,1.0,5.0,1.0,0.0,0.0,1.0,0.0,7.0,3.0,1.13,0.0,0.0,8.0
JEC-J03,81.4,1.0,5.0,1.0,0.0,0.0,1.0,0.0,7.0,3.0,1.13,0.0,0.0,8.0
JEC-J03,82.5,1.0,5.0,1.0,0.0,0.0,1.0,0.0,7.0,3.0,1.13,0.0,0.0,8.0
JEC-J03,83.6,1.0,5.0,1.0,0.0,0.0,1.0,0.0,7.0,3.0,1.13,0.0,0.0,8.0
JEC-J03,84.7,1.0,5.0,1.0,0.0,0.0,2.0,0.0,7.0,3.0,1.13,0.0,0.0,8.0
JEC-J03,85.8,1.0,5.0,1.0,0.0,0.0,2.0,0.0,7.0,3.0,1.13,0.0,0.0,8.0
JEC-J03,86.9,1.0,5.0,1.0,0.0,0.0,2.0,0.0,7.0,3.0,1.13,0.0,0.0,8.0
JEC-J03,88.0,1.0,5.0,1.0,0.0,0.0,2.0,0.0,8.0,3.0,1.13,0.0,0.0,8.0
JEC-J03,89.1,1.0,5.0,1.0,0.0,0.0,2.0,0.0,8.0,3.0,1.13,0.0,0.0,8.0
JEC-J03,90.2,1.0,5.0,1.0,0.0,0.0,1.0,1.0,8.0,3.0,1.13,0.0,0.0,8.0
JEC-J03,91.3,1.0,5.0,1.0,0.0,0.0,1.0,3.0,9.0,3.0,1.13,0.0,0.0,8.0
JEC-J03,92.4,1.0,5.0,1.0,0.0,0.0,1.0,5.0,9.0,3.0,1.13,0.0,0.0,8.0
JEC-J03,93.5,1.0,5.0,1.0,0.0,0.0,1.0,6.0,9.0,3.0,1.13,0.0,0.0,8.0
JEC-J03,94.6,1.0,5.0,1.0,0.0,0.0,1.0,8.0,9.0,3.0,1.13,0.0,0.0,8.0
JEC-J03,95.7,1.0,5.0,1.0,0.0,0.0,1.0,9.0,9.0,3.0,1.0,0.0,0.0,8.0
JEC-J03,96.8,1.0,5.0,1.0,0.0,0.0,1.0,9.0,9.0,3.0,1.0,0.0,0.0,8.0
JEC-J03,97.9,1.0,5.0,1.0,0.0,0.0,1.0,7.0,9.0,3.0,1.0,0.0,0.0,8.0
JEC-J03,99.0,1.0,5.0,1.0,0.0,0.0,1.0,7.0,9.0,3.0,1.0,0.0,0.0,8.0
JEC-J03,100.1,1.0,5.0,1.0,0.0,0.0,1.0,7.0,9.0,3.0,1.06,0.0,0.0,8.0
JEC-J03,101.2,1.0,5.0,1.0,0.0,0.0,1.0,8.0,9.0,3.0,1.06,0.0,0.0,8.0
JEC-J03,102.3,1.0,5.0,1.0,0.0,0.0,1.0,7.0,10.0,3.0,1.06,0.0,0.0,8.0
JEC-J03,103.4,1.0,5.0,1.0,0.0,0.0,1.0,7.0,10.0,3.0,1.06,0.0,0.0,8.0
JEC-J03,104.5,1.0,5.0,1.0,0.0,0.0,1.0,6.0,10.0,4.0,1.06,0.0,0.0,8.0
JEC-J03,105.6,1.0,5.0,1.0,0.0,0.0,1.0,6.0,10.0,4.0,1.06,0.0,0.0,9.0
JEC-J03,106.7,1.0,5.0,1.0,0.0,0.0,1.0,5.0,10.0,4.0,1.06,0.0,0.0,10.0
JEC-J03,107.8,1.0,5.0,1.0,0.0,0.0,1.0,3.0,10.0,4.0,1.06,0.0,0.0,10.0
JEC-J03,108.9,1.0,5.0,1.0,0.0,0.0,1.0,3.0,10.0,4.0,1.06,0.0,0.0,9.0
JEC-J03,110.0,1.0,5.0,1.0,0.0,0.0,1.0,3.0,10.0,4.0,1.06,0.0,0.0,10.0
JEC-J03,111.1,1.0,5.0,1.0,0.0,0.0,1.0,3.0,10.0,4.0,1.06,0.0,0.0,10.0
JEC-J03,112.2,1.0,5.0,1.0,0.0,0.0,1.0,2.0,9.0,4.0,1.06,0.0,0.0,11.0
JEC-J03,113.3,1.0,5.0,1.0,0.0,0.0,1.0,2.0,9.0,4.0,1.06,0.0,0.0,12.0
JEC-J03,114.4,1.0,5.0,1.0,0.0,0.0,2.0,1.0,9.0,4.0,1.06,0.0,0.0,12.0
JEC-J03,115.5,1.0,5.0,1.0,0.0,0.0,1.0,1.0,9.0,4.0,1.06,0.0,0.0,11.0
JEC-J03,116.6,1.0,5.0,1.0,0.0,0.0,1.0,1.0,9.0,4.0,1.06,0.0,0.0,11.0
JEC-J03,117.7,1.0,5.0,1.0,0.0,0.0,1.0,1.0,9.0,4.0,1.06,0.0,0.0,11.0
JEC-J03,118.8,1.0,5.0,1.0,0.0,0.0,1.0,1.0,9.0,4.0,1.06,0.0,0.0,11.0
JEC-J03,119.9,1.0,5.0,1.0,0.0,0.0,1.0,1.0,9.0,4.0,1.06,0.0,0.0,10.0
JEC-J03,121.0,1.0,5.0,1.0,0.0,0.0,1.0,1.0,9.0,4.0,1.06,0.0,0.0,11.0
JEC-J03,122.1,1.0,5.0,1.0,0.0,0.0,1.0,0.0,9.0,4.0,1.06,0.0,0.0,11.0
JEC-J03,123.2,1.0,5.0,1.0,0.0,0.0,1.0,0.0,9.0,4.0,1.06,0.0,0.0,11.0
JEC-J03,124.3,1.0,5.0,1.0,0.0,0.0,1.0,0.0,9.0,4.0,1.06,0.0,0.0,11.0
JEC-J03,125.4,1.0,5.0,1.0,0.0,0.0,1.0,1.0,9.0,4.0,1.06,0.0,0.0,11.0
JEC-J03,126.5,1.0,5.0,1.0,0.0,0.0,1.0,3.0,9.0,4.0,1.06,0.0,0.0,10.0
JEC-J03,127.6,1.0,5.0,1.0,0.0,0.0,1.0,3.0,9.0,4.0,1.06,0.0,0.0,9.0
JEC-J03,128.7,1.0,5.0,1.0,0.0,0.0,1.0,3.0,9.0,4.0,1.06,0.0,0.0,7.0
JEC-J03,129.8,1.0,5.0,1.0,0.0,0.0,1.0,4.0,9.0,4.0,1.06,0.0,0.0,6.0
JEC-J03,130.9,1.0,5.0,1.0,0.0,0.0,1.0,3.0,9.0,4.0,1.06,0.0,0.0,6.0
JEC-J03,132.0,1.0,5.0,1.0,0.0,0.0,1.0,2.0,9.0,4.0,1.06,0.0,0.0,6.0
JEC-J03,133.1,1.0,5.0,1.0,0.0,0.0,1.0,1.0,9.0,4.0,1.06,0.0,0.0,6.0
JEC-J03,134.2,1.0,5.0,1.0,0.0,0.0,1.0,1.0,9.0,4.0,1.06,0.0,0.0,6.0
JEC-J03,135.3,1.0,5.0,1.0,0.0,0.0,1.0,1.0,8.0,4.0,1.06,0.0,0.0,6.0
JEC-J03,136.4,1.0,5.0,1.0,0.0,0.0,1.0,0.0,8.0,4.0,1.06,0.0,0.0,6.0
JEC-J03,137.5,1.0,5.0,1.0,0.0,0.0,1.0,0.0,8.0,4.0,1.06,0.0,0.0,6.0
JEC-J03,138.6,1.0,5.0,1.0,0.0,0.0,1.0,0.0,8.0,4.0,1.06,0.0,0.0,6.0
JEC-J03,139.7,1.0,5.0,1.0,0.0,0.0,1.0,0.0,8.0,4.0,1.06,0.0,0.0,6.0
JEC-J03,140.8,1.0,5.0,1.0,0.0,0.0,1.0,0.0,8.0,4.0,1.06,0.0,0.0,6.0
JEC-J03,141.9,1.0,5.0,1.0,0.0,0.0,2.0,0.0,8.0,4.0,1.06,0.0,0.0,6.0
JEC-J03,143.0,1.0,5.0,1.0,0.0,0.0,1.0,1.0,8.0,4.0,1.06,0.0,0.0,5.0
JEC-J03,144.1,1.0,5.0,1.0,0.0,0.0,1.0,2.0,8.0,4.0,1.06,0.0,0.0,5.0
JEC-J03,145.2,1.0,5.0,1.0,0.0,0.0,1.0,3.0,8.0,4.0,1.06,0.0,0.0,6.0
JEC-J03,146.3,1.0,5.0,1.0,0.0,0.0,1.0,3.0,8.0,4.0,1.06,0.0,0.0,6.0
JEC-J03,147.4,1.0,5.0,1.0,0.0,0.0,1.0,3.0,8.0,4.0,1.06,0.0,0.0,6.0
JEC-J03,148.5,1.0,5.0,1.0,0.0,0.0,1.0,2.0,8.0,4.0,1.06,0.0,0.0,6.0
JEC-J03,149.6,1.0,5.0,1.0,0.0,0.0,1.0,1.0,8.0,4.0,1.06,0.0,0.0,6.0
JEC-J03,150.7,1.0,5.0,1.0,0.0,0.0,2.0,0.0,8.0,4.0,1.06,0.0,0.0,6.0
JEC-J03,151.8,1.0,5.0,1.0,0.0,0.0,1.0,0.0,8.0,4.0,1.06,0.0,0.0,6.0
JEC-J03,152.9,1.0,5.0,1.0,0.0,0.0,1.0,0.0,8.0,4.0,1.06,0.0,0.0,6.0
JEC-J03,154.0,1.0,5.0,1.0,0.0,0.0,1.0,0.0,8.0,4.0,1.06,0.0,0.0,6.0
JEC-J03,155.1,1.0,5.0,1.0,0.0,0.0,1.0,0.0,8.0,4.0,1.06,0.0,0.0,6.0
JEC-J03,156.2,1.0,5.0,1.0,0.0,0.0,1.0,0.0,8.0,4.0,1.06,0.0,0.0,6.0
JEC-J03,157.3,1.0,5.0,1.0,0.0,0.0,1.0,0.0,8.0,4.0,1.06,0.0,0.0,7.0
JEC-J03,158.4,1.0,5.0,1.0,0.0,0.0,1.0,0.0,8.0,4.0,1.06,0.0,0.0,7.0
JEC-J03,159.5,1.0,5.0,1.0,0.0,0.0,1.0,0.0,8.0,4.0,1.06,0.0,0.0,7.0
JEC-J03,160.6,1.0,5.0,1.0,0.0,0.0,1.0,1.0,8.0,4.0,1.0,0.0,0.0,6.0
JEC-J03,161.7,1.0,5.0,1.0,0.0,0.0,1.0,2.0,8.0,4.0,1.0,0.0,0.0,6.0
JEC-J03,162.8,1.0,5.0,1.0,0.0,0.0,1.0,3.0,8.0,4.0,1.0,0.0,0.0,6.0
JEC-J03,163.9,1.0,5.0,1.0,0.0,0.0,1.0,3.0,8.0,4.0,1.0,0.0,0.0,6.0
JEC-J03,165.0,1.0,5.0,1.0,0.0,0.0,1.0,3.0,8.0,4.0,1.0,0.0,0.0,6.0
JEC-J03,166.1,1.0,5.0,1.0,0.0,0.0,1.0,4.0,8.0,4.0,1.0,0.0,0.0,6.0
JEC-J03,167.2,1.0,5.0,1.0,0.0,0.0,1.0,3.0,8.0,4.0,1.0,0.0,0.0,6.0
JEC-J03,168.3,1.0,5.0,1.0,0.0,0.0,1.0,2.0,8.0,4.0,1.0,0.0,0.0,6.0
JEC-J03,169.4,1.0,5.0,1.0,0.0,0.0,1.0,1.0,8.0,4.0,1.0,0.0,0.0,6.0
JEC-J03,170.5,1.0,5.0,1.0,0.0,0.0,1.0,1.0,8.0,4.0,1.0,0.0,0.0,6.0
JEC-J03,171.6,1.0,5.0,1.0,0.0,0.0,1.0,0.0,9.0,4.0,1.0,0.0,0.0,6.0
JEC-J03,172.7,1.0,5.0,1.0,0.0,0.0,1.0,0.0,9.0,4.0,1.0,0.0,0.0,6.0
JEC-J03,173.8,1.0,5.0,1.0,0.0,0.0,1.0,0.0,9.0,4.0,1.0,0.0,0.0,6.0
JEC-J03,174.9,1.0,5.0,1.0,0.0,0.0,1.0,0.0,9.0,4.0,1.0,0.0,0.0,6.0
JEC-J03,176.0,1.0,5.0,1.0,0.0,0.0,1.0,0.0,9.0,4.0,1.0,0.0,0.0,6.0
JEC-J03,177.1,1.0,5.0,1.0,0.0,0.0,1.0,0.0,10.0,4.0,1.0,0.0,0.0,6.0
JEC-J03,178.2,1.0,5.0,1.0,0.0,0.0,2.0,0.0,10.0,4.0,1.0,0.0,0.0,6.0
JEC-J03,179.3,1.0,5.0,1.0,0.0,0.0,2.0,1.0,10.0,4.0,1.0,0.0,0.0,6.0
JEC-J03,180.4,1.0,5.0,1.0,0.0,0.0,2.0,3.0,10.0,4.0,1.0,0.0,0.0,6.0
JEC-J03,181.5,1.0,5.0,1.0,0.0,0.0,2.0,3.0,10.0,4.0,1.0,0.0,0.0,6.0
JEC-J03,182.6,1.0,5.0,1.0,0.0,0.0,1.0,3.0,10.0,4.0,1.0,0.0,0.0,6.0
JEC-J03,183.7,1.0,5.0,1.0,0.0,0.0,1.0,3.0,10.0,4.0,1.0,0.0,0.0,6.0
JEC-J03,184.8,1.0,5.0,1.0,0.0,0.0,1.0,2.0,10.0,4.0,1.0,0.0,0.0,6.0
JEC-J03,185.9,1.0,5.0,1.0,0.0,0.0,1.0,1.0,10.0,4.0,1.0,0.0,0.0,6.0
JEC-J03,187.0,1.0,5.0,1.0,0.0,0.0,2.0,0.0,10.0,4.0,1.0,0.0,0.0,6.0
JEC-J03,188.1,1.0,5.0,1.0,0.0,0.0,1.0,0.0,10.0,4.0,1.0,0.0,0.0,6.0
JEC-J03,189.2,1.0,5.0,1.0,0.0,0.0,1.0,0.0,10.0,4.0,1.0,0.0,0.0,6.0
JEC-J03,190.3,1.0,5.0,1.0,0.0,0.0,1.0,0.0,10.0,4.0,1.0,0.0,0.0,6.0
JEC-J03,191.4,1.0,5.0,1.0,0.0,0.0,1.0,0.0,10.0,4.0,1.0,0.0,0.0,6.0
JEC-J03,192.5,1.0,5.0,1.0,0.0,0.0,1.0,0.0,10.0,4.0,1.0,0.0,0.0,6.0
JEC-J03,193.6,1.0,5.0,1.0,0.0,0.0,1.0,0.0,10.0,4.0,1.0,0.0,0.0,6.0
JEC-J05,1.1,0.0,5.0,0.0,0.0,0.0,0.0,0.0,4.0,0.0,1.13,0.0,0.0,0.0
JEC-J05,2.2,0.0,5.0,0.0,0.0,0.0,0.0,0.0,4.0,0.0,1.13,0.0,0.0,0.0
JEC-J05,3.3,0.0,5.0,0.0,0.0,0.0,0.0,0.0,4.0,0.0,1.13,0.0,0.0,0.0
JEC-J05,4.4,0.0,5.0,0.0,0.0,0.0,0.0,0.0,4.0,0.0,1.13,0.0,0.0,0.0
JEC-J05,5.5,0.0,5.0,0.0,0.0,0.0,0.0,0.0,4.0,0.0,1.13,0.0,0.0,0.0
JEC-J05,6.6,0.0,5.0,0.0,0.0,0.0,0.0,0.0,4.0,0.0,1.13,0.0,0.0,0.0
JEC-J05,7.7,0.0,5.0,0.0,0.0,0.0,0.0,0.0,4.0,0.0,1.13,0.0,0.0,0.0
JEC-J05,8.8,0.0,5.0,0.0,0.0,0.0,0.0,0.0,4.0,0.0,1.13,0.0,0.0,0.0
JEC-J05,9.9,0.0,5.0,0.0,0.0,0.0,0.0,0.0,4.0,0.0,1.13,0.0,0.0,0.0
JEC-J05,11.0,0.0,5.0,0.0,0.0,0.0,0.0,0.0,4.0,0.0,1.13,0.0,0.0,0.0
JEC-J05,12.1,0.0,5.0,0.0,0.0,0.0,0.0,0.0,4.0,0.0,1.13,0.0,0.0,0.0
JEC-J05,13.2,0.0,5.0,0.0,0.0,0.0,0.0,0.0,4.0,0.0,1.13,0.0,0.0,0.0
JEC-J05,14.3,0.0,5.0,0.0,0.0,0.0,0.0,0.0,4.0,0.0,1.13,0.0,0.0,0.0
JEC-J05,15.4,0.0,5.0,0.0,0.0,0.0,0.0,0.0,4.0,0.0,1.13,0.0,0.0,0.0
JEC-J05,16.5,0.0,5.0,0.0,0.0,0.0,0.0,0.0,4.0,0.0,1.13,0.0,0.0,0.0
JEC-J05,17.6,0.0,5.0,0.0,0.0,0.0,1.0,0.0,4.0,0.0,1.13,0.0,0.0,0.0
JEC-J05,18.7,0.0,5.0,0.0,0.0,0.0,1.0,0.0,4.0,0.0,1.13,0.0,0.0,0.0
JEC-J05,19.8,0.0,5.0,0.0,0.0,0.0,1.0,0.0,4.0,0.0,1.13,0.0,0.0,0.0
JEC-J05,20.9,1.0,5.0,0.0,0.0,0.0,1.0,0.0,4.0,0.0,1.13,0.0,0.0,0.0
JEC-J05,22.0,1.0,5.0,0.0,0.0,0.0,1.0,0.0,4.0,0.0,1.13,0.0,0.0,0.0
JEC-J05,23.1,1.0,5.0,0.0,0.0,0.0,2.0,0.0,4.0,0.0,1.13,0.0,0.0,0.0
JEC-J05,24.2,0.0,5.0,0.0,0.0,0.0,1.0,0.0,4.0,1.0,1.13,0.0,0.0,1.0
JEC-J05,25.3,0.0,5.0,0.0,0.0,0.0,1.0,0.0,4.0,1.0,1.13,0.0,0.0,1.0
JEC-J05,26.4,0.0,5.0,1.0,0.0,0.0,1.0,0.0,4.0,1.0,1.13,0.0,0.0,2.0
JEC-J05,27.5,0.0,5.0,1.0,0.0,0.0,2.0,0.0,4.0,1.0,1.13,0.0,0.0,0.0
JEC-J05,28.6,1.0,5.0,1.0,0.0,0.0,2.0,0.0,4.0,1.0,1.13,0.0,0.0,0.0
JEC-J05,29.7,1.0,5.0,0.0,0.0,0.0,2.0,0.0,4.0,1.0,1.13,0.0,0.0,0.0
JEC-J05,30.8,1.0,5.0,0.0,0.0,0.0,3.0,0.0,4.0,1.0,1.13,0.0,0.0,0.0
JEC-J05,31.9,0.0,5.0,0.0,0.0,0.0,2.0,0.0,4.0,1.0,1.13,0.0,0.0,1.0
JEC-J05,33.0,1.0,5.0,0.0,0.0,0.0,2.0,0.0,4.0,1.0,1.13,0.0,0.0,1.0
JEC-J05,34.1,1.0,5.0,1.0,0.0,0.0,2.0,0.0,4.0,1.0,1.13,0.0,0.0,2.0
JEC-J05,35.2,1.0,5.0,1.0,0.0,0.0,1.0,1.0,5.0,2.0,1.13,0.0,0.0,1.0
JEC-J05,36.3,0.0,5.0,1.0,0.0,0.0,1.0,1.0,5.0,2.0,1.13,0.0,0.0,2.0
JEC-J05,37.4,1.0,5.0,0.0,0.0,0.0,1.0,1.0,5.0,2.0,1.13,0.0,0.0,3.0
JEC-J05,38.5,1.0,5.0,1.0,0.0,0.0,1.0,1.0,5.0,2.0,1.13,0.0,0.0,3.0
JEC-J05,39.6,1.0,5.0,1.0,0.0,0.0,1.0,1.0,5.0,1.0,1.13,0.0,0.0,0.0
JEC-J05,40.7,1.0,5.0,1.0,0.0,0.0,0.0,0.0,5.0,2.0,1.03,0.0,0.0,1.0
JEC-J05,41.8,0.0,5.0,0.0,0.0,0.0,0.0,0.0,5.0,2.0,1.03,0.0,0.0,2.0
JEC-J05,42.9,0.0,5.0,1.0,0.0,0.0,0.0,0.0,5.0,2.0,1.03,0.0,0.0,2.0
JEC-J05,44.0,0.0,5.0,1.0,0.0,0.0,0.0,0.0,5.0,1.0,1.03,0.0,0.0,0.0
JEC-J05,45.1,0.0,5.0,1.0,0.0,0.0,0.0,0.0,5.0,1.0,1.03,0.0,0.0,0.0
JEC-J05,46.2,0.0,5.0,1.0,0.0,0.0,0.0,0.0,5.0,1.0,1.03,0.0,0.0,0.0
JEC-J05,47.3,0.0,5.0,0.0,0.0,0.0,0.0,0.0,6.0,1.0,1.03,0.0,0.0,0.0
JEC-J05,48.4,0.0,5.0,0.0,0.0,0.0,0.0,0.0,6.0,1.0,1.03,0.0,0.0,0.0
JEC-J05,49.5,0.0,5.0,0.0,0.0,0.0,0.0,0.0,6.0,1.0,1.03,0.0,0.0,0.0
JEC-J05,50.6,0.0,5.0,0.0,0.0,0.0,0.0,0.0,6.0,1.0,1.03,0.0,0.0,0.0
JEC-J05,51.7,0.0,5.0,0.0,0.0,0.0,0.0,0.0,6.0,1.0,1.03,0.0,0.0,0.0
JEC-J05,52.8,0.0,5.0,0.0,0.0,0.0,0.0,0.0,6.0,0.0,1.03,0.0,0.0,0.0
JEC-J05,53.9,0.0,5.0,0.0,0.0,0.0,0.0,0.0,6.0,0.0,1.03,0.0,0.0,0.0
JEC-J05,55.0,0.0,5.0,0.0,0.0,0.0,0.0,0.0,6.0,0.0,1.03,0.0,0.0,0.0
JEC-J05,56.1,0.0,5.0,0.0,0.0,0.0,0.0,0.0,6.0,0.0,1.13,0.0,0.0,0.0
JEC-J05,57.2,0.0,5.0,0.0,0.0,0.0,0.0,0.0,6.0,0.0,1.13,0.0,0.0,0.0
JEC-J05,58.3,0.0,5.0,0.0,0.0,0.0,0.0,0.0,6.0,0.0,1.13,0.0,0.0,0.0
JEC-J05,59.4,0.0,5.0,0.0,0.0,0.0,0.0,0.0,6.0,0.0,1.13,0.0,0.0,0.0
JEC-J05,60.5,0.0,5.0,0.0,0.0,0.0,0.0,0.0,6.0,0.0,1.13,0.0,0.0,0.0
JEC-J05,61.6,0.0,5.0,0.0,0.0,0.0,0.0,0.0,7.0,0.0,1.13,0.0,0.0,0.0
JEC-J05,62.7,0.0,5.0,0.0,0.0,0.0,0.0,0.0,7.0,0.0,1.13,0.0,0.0,0.0
JEC-J05,63.8,0.0,5.0,0.0,0.0,0.0,0.0,0.0,7.0,0.0,1.13,0.0,0.0,0.0
JEC-J05,64.9,0.0,5.0,0.0,0.0,0.0,0.0,0.0,7.0,0.0,1.13,0.0,0.0,0.0
JEC-J05,66.0,0.0,5.0,0.0,0.0,0.0,0.0,0.0,7.0,0.0,1.13,0.0,0.0,0.0
JEC-J05,67.1,0.0,5.0,0.0,0.0,0.0,0.0,0.0,7.0,0.0,1.13,0.0,0.0,0.0
JEC-J05,68.2,0.0,5.0,0.0,0.0,0.0,0.0,0.0,7.0,0.0,1.13,0.0,0.0,0.0
JEC-J05,69.3,0.0,5.0,0.0,0.0,0.0,0.0,0.0,7.0,0.0,1.13,0.0,0.0,0.0
JEC-J05,70.4,0.0,5.0,0.0,0.0,0.0,0.0,0.0,7.0,0.0,1.13,0.0,0.0,0.0
JEC-J05,71.5,0.0,5.0,0.0,0.0,0.0,0.0,0.0,7.0,0.0,1.13,0.0,0.0,0.0
JEC-J05,72.6,0.0,5.0,0.0,0.0,0.0,0.0,0.0,7.0,0.0,1.13,0.0,0.0,0.0
JEC-J05,73.7,0.0,5.0,0.0,0.0,0.0,0.0,0.0,7.0,0.0,1.13,0.0,0.0,0.0
JEC-J05,74.8,0.0,5.0,0.0,0.0,0.0,0.0,0.0,8.0,0.0,1.13,0.0,0.0,0.0
JEC-J05,75.9,0.0,5.0,0.0,0.0,0.0,0.0,0.0,8.0,0.0,1.13,0.0,0.0,0.0
JEC-J05,77.0,0.0,5.0,0.0,0.0,0.0,0.0,0.0,8.0,0.0,1.13,0.0,0.0,0.0
JEC-J05,78.1,0.0,5.0,0.0,0.0,0.0,0.0,0.0,8.0,0.0,1.13,0.0,0.0,0.0
JEC-J05,79.2,0.0,5.0,0.0,0.0,0.0,0.0,0.0,8.0,0.0,1.13,0.0,0.0,0.0
JEC-J05,80.3,0.0,5.0,0.0,0.0,0.0,0.0,0.0,8.0,0.0,1.13,0.0,0.0,0.0
JEC-J05,81.4,0.0,5.0,0.0,0.0,0.0,0.0,0.0,8.0,0.0,1.13,0.0,0.0,1.0
JEC-J05,82.5,0.0,5.0,0.0,0.0,0.0,0.0,0.0,8.0,0.0,1.13,0.0,0.0,3.0
JEC-J05,83.6,0.0,5.0,0.0,0.0,0.0,0.0,0.0,8.0,0.0,1.13,0.0,0.0,4.0
JEC-J05,84.7,0.0,5.0,0.0,0.0,0.0,0.0,0.0,8.0,0.0,1.13,0.0,0.0,5.0
JEC-J05,85.8,0.0,5.0,0.0,0.0,0.0,0.0,0.0,8.0,0.0,1.13,0.0,0.0,5.0
JEC-J05,86.9,0.0,5.0,0.0,0.0,0.0,0.0,0.0,8.0,0.0,1.13,0.0,0.0,6.0
JEC-J05,88.0,0.0,5.0,0.0,0.0,0.0,0.0,0.0,8.0,0.0,1.13,0.0,0.0,7.0
JEC-J05,89.1,0.0,5.0,0.0,0.0,0.0,0.0,0.0,8.0,0.0,1.13,0.0,0.0,8.0
JEC-J05,90.2,0.0,5.0,0.0,0.0,0.0,0.0,0.0,8.0,0.0,1.13,0.0,0.0,10.0
JEC-J05,91.3,0.0,5.0,0.0,0.0,0.0,0.0,0.0,8.0,0.0,1.13,0.0,0.0,10.0
JEC-J05,92.4,0.0,5.0,0.0,0.0,0.0,0.0,0.0,8.0,0.0,1.13,0.0,0.0,10.0
JEC-J05,93.5,0.0,5.0,0.0,0.0,0.0,0.0,0.0,8.0,0.0,1.13,0.0,0.0,10.0
JEC-J05,94.6,0.0,5.0,0.0,0.0,0.0,0.0,0.0,8.0,0.0,1.13,0.0,0.0,10.0
JEC-J05,95.7,0.0,5.0,0.0,0.0,0.0,0.0,0.0,8.0,0.0,1.0,0.0,0.0,10.0
JEC-J05,96.8,0.0,5.0,0.0,0.0,0.0,0.0,0.0,8.0,0.0,1.0,0.0,0.0,10.0
JEC-J05,97.9,0.0,5.0,0.0,0.0,0.0,0.0,0.0,8.0,0.0,1.0,0.0,0.0,10.0
JEC-J05,99.0,0.0,5.0,0.0,0.0,0.0,0.0,0.0,8.0,0.0,1.0,0.0,0.0,10.0
JEC-J05,100.1,0.0,5.0,0.0,0.0,0.0,0.0,0.0,8.0,0.0,1.06,0.0,0.0,10.0
JEC-J05,101.2,0.0,5.0,0.0,0.0,0.0,0.0,0.0,8.0,0.0,1.06,0.0,0.0,10.0
JEC-J05,102.3,1.0,5.0,0.0,0.0,0.0,0.0,0.0,9.0,0.0,1.06,0.0,0.0,12.0
JEC-J05,103.4,1.0,5.0,0.0,0.0,0.0,0.0,0.0,9.0,1.0,1.06,0.0,0.0,11.0
JEC-J05,104.5,1.0,5.0,0.0,0.0,0.0,0.0,0.0,9.0,1.0,1.06,0.0,0.0,9.0
JEC-J05,105.6,0.0,5.0,0.0,0.0,0.0,0.0,0.0,9.0,1.0,1.06,0.0,0.0,8.0
JEC-J05,106.7,0.0,5.0,0.0,0.0,0.0,0.0,0.0,9.0,1.0,1.06,0.0,0.0,7.0
JEC-J05,107.8,0.0,5.0,1.0,0.0,0.0,0.0,0.0,9.0,1.0,1.06,0.0,0.0,8.0
JEC-J05,108.9,0.0,5.0,1.0,0.0,0.0,0.0,0.0,9.0,1.0,1.06,0.0,0.0,5.0
JEC-J05,110.0,0.0,5.0,1.0,0.0,0.0,0.0,0.0,9.0,1.0,1.06,0.0,0.0,4.0
JEC-J05,111.1,0.0,5.0,0.0,0.0,0.0,0.0,0.0,9.0,1.0,1.06,0.0,0.0,3.0
JEC-J05,112.2,0.0,5.0,0.0,0.0,0.0,0.0,0.0,8.0,1.0,1.06,0.0,0.0,1.0
JEC-J05,113.3,0.0,5.0,0.0,0.0,0.0,0.0,0.0,8.0,0.0,1.06,0.0,0.0,1.0
JEC-J05,114.4,0.0,5.0,0.0,0.0,0.0,0.0,0.0,8.0,0.0,1.06,0.0,0.0,1.0
JEC-J05,115.5,0.0,5.0,0.0,0.0,0.0,0.0,0.0,8.0,0.0,1.06,0.0,0.0,1.0
JEC-J05,116.6,0.0,5.0,0.0,0.0,0.0,0.0,0.0,8.0,0.0,1.06,0.0,0.0,1.0
JEC-J05,117.7,0.0,5.0,0.0,0.0,0.0,0.0,0.0,8.0,0.0,1.06,0.0,0.0,1.0
JEC-J05,118.8,0.0,5.0,0.0,0.0,0.0,0.0,0.0,8.0,0.0,1.06,0.0,0.0,1.0
JEC-J05,119.9,0.0,5.0,0.0,0.0,0.0,0.0,0.0,8.0,0.0,1.06,0.0,0.0,1.0
JEC-J05,121.0,0.0,5.0,0.0,0.0,0.0,0.0,0.0,8.0,0.0,1.06,0.0,0.0,1.0
JEC-J05,122.1,0.0,5.0,0.0,0.0,0.0,0.0,0.0,8.0,0.0,1.06,0.0,0.0,1.0
JEC-J05,123.2,0.0,5.0,0.0,0.0,0.0,0.0,0.0,8.0,0.0,1.06,0.0,0.0,1.0
JEC-J05,124.3,0.0,5.0,0.0,0.0,0.0,0.0,0.0,9.0,0.0,1.06,0.0,0.0,0.0
JEC-J05,125.4,0.0,5.0,0.0,0.0,0.0,0.0,0.0,9.0,0.0,1.06,0.0,0.0,0.0
JEC-J05,126.5,0.0,5.0,0.0,0.0,0.0,0.0,0.0,9.0,0.0,1.06,0.0,0.0,0.0
JEC-J05,127.6,0.0,5.0,0.0,0.0,0.0,0.0,0.0,9.0,0.0,1.06,0.0,0.0,0.0
JEC-J05,128.7,0.0,5.0,0.0,0.0,0.0,0.0,0.0,9.0,0.0,1.06,0.0,0.0,0.0
JEC-J05,129.8,0.0,5.0,0.0,0.0,0.0,0.0,0.0,9.0,0.0,1.06,0.0,0.0,0.0
JEC-J05,130.9,0.0,5.0,0.0,0.0,0.0,0.0,0.0,9.0,0.0,1.06,0.0,0.0,0.0
JEC-J05,132.0,0.0,5.0,0.0,0.0,0.0,0.0,0.0,9.0,0.0,1.06,0.0,0.0,0.0
JEC-J05,133.1,0.0,5.0,0.0,0.0,0.0,0.0,0.0,8.0,0.0,1.06,0.0,0.0,0.0
JEC-J05,134.2,0.0,5.0,0.0,0.0,0.0,0.0,0.0,8.0,0.0,1.06,0.0,0.0,0.0
JEC-J05,135.3,0.0,5.0,0.0,0.0,0.0,0.0,0.0,8.0,0.0,1.06,0.0,0.0,0.0
JEC-J05,136.4,0.0,5.0,0.0,0.0,0.0,0.0,0.0,8.0,0.0,1.06,0.0,0.0,0.0
JEC-J05,137.5,0.0,5.0,0.0,0.0,0.0,0.0,0.0,8.0,0.0,1.06,0.0,0.0,0.0
JEC-J05,138.6,0.0,5.0,0.0,0.0,0.0,0.0,0.0,8.0,0.0,1.06,0.0,0.0,0.0
JEC-J05,139.7,0.0,5.0,0.0,0.0,0.0,0.0,0.0,8.0,0.0,1.06,0.0,0.0,0.0
JEC-J05,140.8,0.0,5.0,0.0,0.0,0.0,0.0,0.0,8.0,0.0,1.06,0.0,0.0,0.0
JEC-J05,141.9,0.0,5.0,0.0,0.0,0.0,0.0,0.0,7.0,0.0,1.06,0.0,0.0,0.0
JEC-J05,143.0,0.0,5.0,0.0,0.0,0.0,0.0,0.0,7.0,0.0,1.06,0.0,0.0,0.0
JEC-J05,144.1,0.0,5.0,0.0,0.0,0.0,0.0,0.0,7.0,0.0,1.06,0.0,0.0,0.0
JEC-J05,145.2,0.0,5.0,0.0,0.0,0.0,0.0,0.0,7.0,0.0,1.06,0.0,0.0,0.0
JEC-J05,146.3,0.0,5.0,0.0,0.0,0.0,0.0,0.0,7.0,0.0,1.06,0.0,0.0,0.0
JEC-J05,147.4,0.0,5.0,0.0,0.0,0.0,0.0,0.0,7.0,0.0,1.06,0.0,0.0,0.0
JEC-J05,148.5,0.0,5.0,0.0,0.0,0.0,0.0,0.0,7.0,0.0,1.06,0.0,0.0,0.0
JEC-J05,149.6,0.0,5.0,0.0,0.0,0.0,0.0,0.0,7.0,0.0,1.06,0.0,0.0,0.0
JEC-J05,150.7,0.0,5.0,0.0,0.0,0.0,0.0,0.0,7.0,0.0,1.06,0.0,0.0,0.0
JEC-J05,151.8,0.0,5.0,0.0,0.0,0.0,0.0,0.0,7.0,0.0,1.06,0.0,0.0,0.0
JEC-J05,152.9,0.0,5.0,0.0,0.0,0.0,0.0,0.0,7.0,0.0,1.06,0.0,0.0,0.0
JEC-J05,154.0,0.0,5.0,0.0,0.0,0.0,0.0,0.0,7.0,0.0,1.06,0.0,0.0,0.0
JEC-J05,155.1,0.0,5.0,0.0,0.0,0.0,0.0,0.0,7.0,0.0,1.06,0.0,0.0,0.0
JEC-J05,156.2,0.0,5.0,0.0,0.0,0.0,0.0,0.0,7.0,0.0,1.06,0.0,0.0,0.0
JEC-J05,157.3,0.0,5.0,0.0,0.0,0.0,0.0,0.0,7.0,0.0,1.06,0.0,0.0,0.0
JEC-J05,158.4,0.0,5.0,0.0,0.0,0.0,0.0,0.0,7.0,0.0,1.06,0.0,0.0,0.0
JEC-J05,159.5,0.0,5.0,0.0,0.0,0.0,0.0,0.0,7.0,0.0,1.06,0.0,0.0,0.0
JEC-J05,160.6,0.0,5.0,0.0,0.0,0.0,0.0,0.0,7.0,0.0,1.0,0.0,0.0,0.0
JEC-J05,161.7,0.0,5.0,0.0,0.0,0.0,0.0,0.0,7.0,0.0,1.0,0.0,0.0,0.0
JEC-J05,162.8,0.0,5.0,0.0,0.0,0.0,0.0,0.0,7.0,0.0,1.0,0.0,0.0,0.0
JEC-J05,163.9,0.0,5.0,0.0,0.0,0.0,0.0,0.0,7.0,0.0,1.0,0.0,0.0,0.0
JEC-J05,165.0,0.0,5.0,0.0,0.0,0.0,0.0,0.0,7.0,0.0,1.0,0.0,0.0,0.0
JEC-J05,166.1,0.0,5.0,0.0,0.0,0.0,0.0,0.0,8.0,0.0,1.0,0.0,0.0,0.0
JEC-J05,167.2,0.0,5.0,0.0,0.0,0.0,0.0,0.0,8.0,0.0,1.0,0.0,0.0,0.0
JEC-J05,168.3,0.0,5.0,0.0,0.0,0.0,0.0,0.0,8.0,0.0,1.0,0.0,0.0,0.0
JEC-J05,169.4,0.0,5.0,0.0,0.0,0.0,0.0,0.0,8.0,0.0,1.0,0.0,0.0,0.0
JEC-J05,170.5,0.0,5.0,0.0,0.0,0.0,0.0,0.0,9.0,0.0,1.0,0.0,0.0,0.0
JEC-J05,171.6,0.0,5.0,0.0,0.0,0.0,0.0,0.0,9.0,0.0,1.0,0.0,0.0,0.0
JEC-J05,172.7,0.0,5.0,0.0,0.0,0.0,1.0,0.0,9.0,0.0,1.0,0.0,0.0,0.0
JEC-J05,173.8,0.0,5.0,0.0,0.0,0.0,1.0,0.0,9.0,0.0,1.0,0.0,0.0,0.0
JEC-J05,174.9,0.0,5.0,0.0,0.0,0.0,1.0,0.0,9.0,0.0,1.0,0.0,0.0,0.0
JEC-J05,176.0,0.0,5.0,0.0,0.0,0.0,1.0,0.0,9.0,0.0,1.0,0.0,0.0,0.0
JEC-J05,177.1,1.0,5.0,0.0,0.0,0.0,1.0,0.0,9.0,0.0,1.0,0.0,0.0,0.0
JEC-J05,178.2,1.0,5.0,0.0,0.0,0.0,1.0,0.0,9.0,0.0,1.0,0.0,0.0,0.0
JEC-J05,179.3,1.0,5.0,0.0,0.0,0.0,1.0,0.0,9.0,0.0,1.0,0.0,0.0,0.0
JEC-J05,180.4,0.0,5.0,0.0,0.0,0.0,0.0,0.0,9.0,1.0,1.0,0.0,0.0,1.0
JEC-J05,181.5,0.0,5.0,0.0,0.0,0.0,0.0,0.0,9.0,1.0,1.0,0.0,0.0,2.0
JEC-J05,182.6,0.0,5.0,1.0,0.0,0.0,0.0,0.0,9.0,1.0,1.0,0.0,0.0,4.0
JEC-J05,183.7,0.0,5.0,1.0,0.0,0.0,0.0,0.0,9.0,1.0,1.0,0.0,0.0,3.0
JEC-J05,184.8,0.0,5.0,1.0,0.0,0.0,0.0,0.0,9.0,1.0,1.0,0.0,0.0,3.0
JEC-J05,185.9,0.0,5.0,0.0,0.0,0.0,0.0,0.0,9.0,1.0,1.0,0.0,0.0,4.0
JEC-J05,187.0,0.0,5.0,0.0,0.0,0.0,0.0,0.0,9.0,1.0,1.0,0.0,0.0,5.0
JEC-J05,188.1,0.0,5.0,0.0,0.0,0.0,0.0,0.0,8.0,1.0,1.0,0.0,0.0,6.0
JEC-J05,189.2,0.0,5.0,0.0,0.0,0.0,0.0,0.0,8.0,1.0,1.0,0.0,0.0,7.0
JEC-J05,190.3,0.0,5.0,0.0,0.0,0.0,0.0,0.0,8.0,0.0,1.0,0.0,0.0,8.0
JEC-J05,191.4,0.0,5.0,0.0,0.0,0.0,0.0,0.0,8.0,0.0,1.0,0.0,0.0,8.0
JEC-J05,192.5,0.0,5.0,0.0,0.0,0.0,0.0,0.0,8.0,0.0,1.0,0.0,0.0,8.0
JEC-J05,193.6,0.0,5.0,0.0,0.0,0.0,0.0,0.0,8.0,0.0,1.0,0.0,0.0,8.0
JEC-J06,1.1,0.0,5.0,0.0,0.0,0.0,0.0,0.0,4.0,0.0,1.13,0.0,0.0,0.0
JEC-J06,2.2,0.0,5.0,0.0,0.0,0.0,0.0,0.0,4.0,0.0,1.13,0.0,0.0,0.0
JEC-J06,3.3,0.0,5.0,0.0,0.0,0.0,0.0,0.0,4.0,0.0,1.13,0.0,0.0,0.0
JEC-J06,4.4,0.0,5.0,0.0,0.0,0.0,0.0,0.0,4.0,0.0,1.13,0.0,0.0,0.0
JEC-J06,5.5,0.0,5.0,0.0,0.0,0.0,0.0,0.0,4.0,0.0,1.13,0.0,0.0,0.0
JEC-J06,6.6,0.0,5.0,0.0,0.0,0.0,0.0,0.0,4.0,0.0,1.13,0.0,0.0,0.0
JEC-J06,7.7,0.0,5.0,0.0,0.0,0.0,0.0,0.0,4.0,0.0,1.13,0.0,0.0,0.0
JEC-J06,8.8,0.0,5.0,0.0,0.0,0.0,0.0,0.0,4.0,0.0,1.13,0.0,0.0,0.0
JEC-J06,9.9,0.0,5.0,0.0,0.0,0.0,0.0,0.0,4.0,0.0,1.13,0.0,0.0,0.0
JEC-J06,11.0,0.0,5.0,0.0,0.0,0.0,0.0,0.0,4.0,0.0,1.13,0.0,0.0,0.0
JEC-J06,12.1,0.0,5.0,0.0,0.0,0.0,0.0,0.0,4.0,0.0,1.13,0.0,0.0,0.0
JEC-J06,13.2,0.0,5.0,0.0,0.0,0.0,0.0,0.0,4.0,0.0,1.13,0.0,0.0,0.0
JEC-J06,14.3,0.0,5.0,0.0,0.0,0.0,0.0,0.0,4.0,0.0,1.13,0.0,0.0,0.0
JEC-J06,15.4,0.0,5.0,0.0,0.0,0.0,0.0,0.0,4.0,0.0,1.13,0.0,0.0,0.0
JEC-J06,16.5,0.0,5.0,0.0,0.0,0.0,0.0,0.0,4.0,0.0,1.13,0.0,0.0,0.0
JEC-J06,17.6,1.0,5.0,0.0,0.0,0.0,0.0,0.0,4.0,1.0,1.13,0.0,0.0,1.0
JEC-J06,18.7,1.0,5.0,0.0,0.0,0.0,0.0,0.0,4.0,1.0,1.13,0.0,0.0,1.0
JEC-J06,19.8,1.0,5.0,0.0,0.0,0.0,0.0,0.0,4.0,1.0,1.13,0.0,0.0,1.0
JEC-J06,20.9,0.0,5.0,0.0,0.0,0.0,0.0,0.0,4.0,1.0,1.13,0.0,0.0,2.0
JEC-J06,22.0,0.0,5.0,0.0,0.0,0.0,1.0,0.0,4.0,1.0,1.13,0.0,0.0,2.0
JEC-J06,23.1,0.0,5.0,1.0,0.0,0.0,1.0,0.0,4.0,1.0,1.13,0.0,0.0,2.0
JEC-J06,24.2,1.0,5.0,1.0,0.0,0.0,1.0,0.0,4.0,1.0,1.13,0.0,0.0,0.0
JEC-J06,25.3,1.0,5.0,1.0,0.0,0.0,0.0,0.0,4.0,2.0,1.13,0.0,0.0,1.0
JEC-J06,26.4,1.0,5.0,0.0,0.0,0.0,0.0,0.0,4.0,2.0,1.13,0.0,0.0,2.0
JEC-J06,27.5,2.0,5.0,0.0,0.0,0.0,0.0,0.0,4.0,3.0,1.13,0.0,0.0,2.0
JEC-J06,28.6,1.0,5.0,0.0,0.0,0.0,0.0,0.0,4.0,2.0,1.13,0.0,0.0,2.0
JEC-J06,29.7,1.0,5.0,1.0,0.0,0.0,0.0,0.0,4.0,2.0,1.13,0.0,0.0,2.0
JEC-J06,30.8,1.0,5.0,1.0,0.0,0.0,0.0,0.0,4.0,3.0,1.13,0.0,0.0,4.0
JEC-J06,31.9,1.0,5.0,1.0,0.0,0.0,0.0,0.0,4.0,3.0,1.13,0.0,0.0,1.0
JEC-J06,33.0,1.0,5.0,2.0,0.0,0.0,0.0,0.0,4.0,3.0,1.13,0.0,0.0,1.0
JEC-J06,34.1,1.0,5.0,1.0,0.0,0.0,0.0,1.0,4.0,3.0,1.13,0.0,0.0,0.0
JEC-J06,35.2,1.0,5.0,1.0,0.0,0.0,0.0,1.0,4.0,2.0,1.13,0.0,0.0,1.0
JEC-J06,36.3,1.0,5.0,1.0,0.0,0.0,0.0,1.0,4.0,2.0,1.13,0.0,0.0,2.0
JEC-J06,37.4,0.0,5.0,1.0,0.0,0.0,0.0,1.0,5.0,2.0,1.13,0.0,0.0,3.0
JEC-J06,38.5,0.0,5.0,1.0,0.0,0.0,0.0,1.0,5.0,2.0,1.13,0.0,0.0,3.0
JEC-J06,39.6,0.0,5.0,1.0,0.0,0.0,0.0,0.0,5.0,1.0,1.13,0.0,0.0,4.0
JEC-J06,40.7,0.0,5.0,1.0,0.0,0.0,0.0,0.0,5.0,1.0,1.03,0.0,0.0,0.0
JEC-J06,41.8,0.0,5.0,1.0,0.0,0.0,0.0,0.0,5.0,1.0,1.03,0.0,0.0,0.0
JEC-J06,42.9,0.0,5.0,0.0,0.0,0.0,0.0,0.0,5.0,1.0,1.03,0.0,0.0,0.0
JEC-J06,44.0,0.0,5.0,0.0,0.0,0.0,0.0,0.0,5.0,1.0,1.03,0.0,0.0,0.0
JEC-J06,45.1,0.0,5.0,0.0,0.0,0.0,0.0,0.0,5.0,0.0,1.03,0.0,0.0,0.0
JEC-J06,46.2,0.0,5.0,0.0,0.0,0.0,0.0,0.0,5.0,0.0,1.03,0.0,0.0,0.0
JEC-J06,47.3,0.0,5.0,0.0,0.0,0.0,0.0,0.0,5.0,0.0,1.03,0.0,0.0,0.0
JEC-J06,48.4,0.0,5.0,0.0,0.0,0.0,0.0,0.0,5.0,0.0,1.03,0.0,0.0,0.0
JEC-J06,49.5,0.0,5.0,0.0,0.0,0.0,0.0,0.0,5.0,0.0,1.03,0.0,0.0,0.0
JEC-J06,50.6,0.0,5.0,0.0,0.0,0.0,0.0,0.0,5.0,0.0,1.03,0.0,0.0,0.0
JEC-J06,51.7,0.0,5.0,0.0,0.0,0.0,0.0,0.0,5.0,0.0,1.03,0.0,0.0,0.0
JEC-J06,52.8,0.0,5.0,0.0,0.0,0.0,0.0,0.0,5.0,0.0,1.03,0.0,0.0,0.0
JEC-J06,53.9,0.0,5.0,0.0,0.0,0.0,0.0,0.0,5.0,0.0,1.03,0.0,0.0,0.0
JEC-J06,55.0,0.0,5.0,0.0,0.0,0.0,0.0,0.0,4.0,0.0,1.03,0.0,0.0,0.0
JEC-J06,56.1,0.0,5.0,0.0,0.0,0.0,0.0,0.0,4.0,0.0,1.13,0.0,0.0,0.0
JEC-J06,57.2,0.0,5.0,0.0,0.0,0.0,0.0,0.0,4.0,0.0,1.13,0.0,0.0,0.0
JEC-J06,58.3,0.0,5.0,0.0,0.0,0.0,0.0,0.0,4.0,0.0,1.13,0.0,0.0,0.0
JEC-J06,59.4,0.0,5.0,0.0,0.0,0.0,0.0,0.0,4.0,0.0,1.13,0.0,0.0,0.0
JEC-J06,60.5,0.0,5.0,0.0,0.0,0.0,0.0,0.0,4.0,0.0,1.13,0.0,0.0,0.0
JEC-J06,61.6,0.0,5.0,0.0,0.0,0.0,0.0,0.0,4.0,0.0,1.13,0.0,0.0,0.0
JEC-J06,62.7,0.0,5.0,0.0,0.0,0.0,0.0,0.0,4.0,0.0,1.13,0.0,0.0,0.0
JEC-J06,63.8,0.0,5.0,0.0,0.0,0.0,0.0,0.0,4.0,0.0,1.13,0.0,0.0,0.0
JEC-J06,64.9,0.0,5.0,0.0,0.0,0.0,0.0,0.0,4.0,0.0,1.13,0.0,0.0,0.0
JEC-J06,66.0,0.0,5.0,0.0,0.0,0.0,0.0,0.0,4.0,0.0,1.13,0.0,0.0,0.0
JEC-J06,67.1,0.0,5.0,0.0,0.0,0.0,0.0,0.0,4.0,0.0,1.13,0.0,0.0,0.0
JEC-J06,68.2,0.0,5.0,0.0,0.0,0.0,0.0,0.0,4.0,0.0,1.13,0.0,0.0,0.0
JEC-J06,69.3,0.0,5.0,0.0,0.0,0.0,0.0,0.0,4.0,0.0,1.13,0.0,0.0,0.0
JEC-J06,70.4,0.0,5.0,0.0,0.0,0.0,0.0,0.0,4.0,0.0,1.13,0.0,0.0,0.0
JEC-J06,71.5,0.0,5.0,0.0,0.0,0.0,0.0,0.0,4.0,0.0,1.13,0.0,0.0,0.0
JEC-J06,72.6,0.0,5.0,0.0,0.0,0.0,0.0,0.0,4.0,0.0,1.13,0.0,0.0,0.0
JEC-J06,73.7,0.0,5.0,0.0,0.0,0.0,0.0,0.0,4.0,0.0,1.13,0.0,0.0,0.0
JEC-J06,74.8,0.0,5.0,0.0,0.0,0.0,0.0,0.0,4.0,0.0,1.13,0.0,0.0,0.0
JEC-J06,75.9,0.0,5.0,0.0,0.0,0.0,0.0,0.0,4.0,0.0,1.13,0.0,0.0,0.0
JEC-J06,77.0,0.0,5.0,0.0,0.0,0.0,0.0,0.0,5.0,0.0,1.13,0.0,0.0,0.0
JEC-J06,78.1,0.0,5.0,0.0,0.0,0.0,0.0,0.0,5.0,0.0,1.13,0.0,0.0,0.0
JEC-J06,79.2,0.0,5.0,0.0,0.0,0.0,0.0,0.0,5.0,0.0,1.13,0.0,0.0,0.0
JEC-J06,80.3,0.0,5.0,0.0,0.0,0.0,0.0,0.0,5.0,0.0,1.13,0.0,0.0,0.0
JEC-J06,81.4,0.0,5.0,0.0,0.0,0.0,0.0,0.0,5.0,0.0,1.13,0.0,0.0,0.0
JEC-J06,82.5,0.0,5.0,0.0,0.0,0.0,0.0,0.0,5.0,0.0,1.13,0.0,0.0,0.0
JEC-J06,83.6,0.0,5.0,0.0,0.0,0.0,0.0,0.0,5.0,0.0,1.13,0.0,0.0,0.0
JEC-J06,84.7,0.0,5.0,0.0,0.0,0.0,0.0,0.0,5.0,0.0,1.13,0.0,0.0,0.0
JEC-J06,85.8,0.0,5.0,0.0,0.0,0.0,0.0,0.0,5.0,0.0,1.13,0.0,0.0,0.0
JEC-J06,86.9,0.0,5.0,0.0,0.0,0.0,0.0,0.0,5.0,0.0,1.13,0.0,0.0,0.0
JEC-J06,88.0,0.0,5.0,0.0,0.0,0.0,0.0,0.0,5.0,0.0,1.13,0.0,0.0,0.0
JEC-J06,89.1,0.0,5.0,0.0,0.0,0.0,0.0,0.0,5.0,0.0,1.13,0.0,0.0,0.0
JEC-J06,90.2,0.0,5.0,0.0,0.0,0.0,0.0,0.0,6.0,0.0,1.13,0.0,0.0,0.0
JEC-J06,91.3,0.0,5.0,0.0,0.0,0.0,0.0,0.0,6.0,0.0,1.13,0.0,0.0,0.0
JEC-J06,92.4,0.0,5.0,0.0,0.0,0.0,0.0,0.0,6.0,0.0,1.13,0.0,0.0,0.0
JEC-J06,93.5,0.0,5.0,0.0,0.0,0.0,0.0,0.0,6.0,0.0,1.13,0.0,0.0,0.0
JEC-J06,94.6,0.0,5.0,0.0,0.0,0.0,0.0,0.0,6.0,0.0,1.13,0.0,0.0,0.0
JEC-J06,95.7,0.0,5.0,0.0,0.0,0.0,0.0,0.0,6.0,0.0,1.0,0.0,0.0,0.0
JEC-J06,96.8,0.0,5.0,0.0,0.0,0.0,0.0,0.0,6.0,0.0,1.0,0.0,0.0,0.0
JEC-J06,97.9,0.0,5.0,0.0,0.0,0.0,0.0,0.0,6.0,0.0,1.0,0.0,0.0,0.0
JEC-J06,99.0,0.0,5.0,0.0,0.0,0.0,0.0,0.0,6.0,0.0,1.0,0.0,0.0,0.0
JEC-J06,100.1,0.0,5.0,0.0,0.0,0.0,0.0,0.0,6.0,0.0,1.06,0.0,0.0,0.0
JEC-J06,101.2,0.0,5.0,0.0,0.0,0.0,0.0,0.0,6.0,0.0,1.06,0.0,0.0,0.0
JEC-J06,102.3,0.0,5.0,0.0,0.0,0.0,0.0,0.0,6.0,0.0,1.06,0.0,0.0,0.0
JEC-J06,103.4,0.0,5.0,0.0,0.0,0.0,1.0,0.0,6.0,0.0,1.06,0.0,0.0,0.0
JEC-J06,104.5,0.0,5.0,0.0,0.0,0.0,1.0,0.0,6.0,0.0,1.06,0.0,0.0,0.0
JEC-J06,105.6,1.0,5.0,0.0,0.0,0.0,1.0,0.0,6.0,0.0,1.06,0.0,0.0,0.0
JEC-J06,106.7,1.0,5.0,0.0,0.0,0.0,1.0,0.0,6.0,0.0,1.06,0.0,0.0,0.0
JEC-J06,107.8,1.0,5.0,0.0,0.0,0.0,1.0,0.0,6.0,0.0,1.06,0.0,0.0,0.0
JEC-J06,108.9,0.0,5.0,0.0,0.0,0.0,0.0,0.0,6.0,1.0,1.06,0.0,0.0,1.0
JEC-J06,110.0,0.0,5.0,0.0,0.0,0.0,0.0,0.0,6.0,1.0,1.06,0.0,0.0,1.0
JEC-J06,111.1,0.0,5.0,1.0,0.0,0.0,0.0,0.0,6.0,1.0,1.06,0.0,0.0,2.0
JEC-J06,112.2,0.0,5.0,1.0,0.0,0.0,0.0,0.0,6.0,1.0,1.06,0.0,0.0,0.0
JEC-J06,113.3,0.0,5.0,1.0,0.0,0.0,0.0,0.0,6.0,1.0,1.06,0.0,0.0,0.0
JEC-J06,114.4,0.0,5.0,0.0,0.0,0.0,0.0,0.0,6.0,1.0,1.06,0.0,0.0,0.0
JEC-J06,115.5,0.0,5.0,0.0,0.0,0.0,0.0,0.0,6.0,1.0,1.06,0.0,0.0,0.0
JEC-J06,116.6,0.0,5.0,0.0,0.0,0.0,0.0,0.0,6.0,1.0,1.06,0.0,0.0,0.0
JEC-J06,117.7,0.0,5.0,0.0,0.0,0.0,0.0,0.0,6.0,1.0,1.06,0.0,0.0,0.0
JEC-J06,118.8,0.0,5.0,0.0,0.0,0.0,0.0,0.0,6.0,1.0,1.06,0.0,0.0,0.0
JEC-J06,119.9,0.0,5.0,0.0,0.0,0.0,0.0,0.0,6.0,1.0,1.06,0.0,0.0,0.0
JEC-J06,121.0,0.0,5.0,0.0,0.0,0.0,0.0,0.0,6.0,0.0,1.06,0.0,0.0,0.0
JEC-J06,122.1,0.0,5.0,0.0,0.0,0.0,0.0,0.0,6.0,0.0,1.06,0.0,0.0,0.0
JEC-J06,123.2,0.0,5.0,0.0,0.0,0.0,0.0,0.0,6.0,0.0,1.06,0.0,0.0,0.0
JEC-J06,124.3,0.0,5.0,0.0,0.0,0.0,0.0,0.0,7.0,0.0,1.06,0.0,0.0,0.0
JEC-J06,125.4,0.0,5.0,0.0,0.0,0.0,0.0,0.0,7.0,0.0,1.06,0.0,0.0,0.0
JEC-J06,126.5,0.0,5.0,0.0,0.0,0.0,0.0,0.0,7.0,0.0,1.06,0.0,0.0,0.0
JEC-J06,127.6,0.0,5.0,0.0,0.0,0.0,0.0,0.0,7.0,0.0,1.06,0.0,0.0,0.0
JEC-J06,128.7,0.0,5.0,0.0,0.0,0.0,0.0,0.0,7.0,0.0,1.06,0.0,0.0,0.0
JEC-J06,129.8,0.0,5.0,0.0,0.0,0.0,0.0,0.0,7.0,0.0,1.06,0.0,0.0,0.0
JEC-J06,130.9,0.0,5.0,0.0,0.0,0.0,0.0,0.0,7.0,0.0,1.06,0.0,0.0,0.0
JEC-J06,132.0,0.0,5.0,0.0,0.0,0.0,0.0,0.0,7.0,0.0,1.06,0.0,0.0,0.0
JEC-J06,133.1,0.0,5.0,0.0,0.0,0.0,0.0,0.0,7.0,0.0,1.06,0.0,0.0,0.0
JEC-J06,134.2,0.0,5.0,0.0,0.0,0.0,0.0,0.0,7.0,0.0,1.06,0.0,0.0,0.0
JEC-J06,135.3,0.0,5.0,0.0,0.0,0.0,0.0,0.0,6.0,0.0,1.06,0.0,0.0,0.0
JEC-J06,136.4,0.0,5.0,0.0,0.0,0.0,0.0,0.0,6.0,0.0,1.06,0.0,0.0,0.0
JEC-J06,137.5,0.0,5.0,0.0,0.0,0.0,0.0,0.0,6.0,0.0,1.06,0.0,0.0,0.0
JEC-J06,138.6,0.0,5.0,0.0,0.0,0.0,0.0,0.0,6.0,0.0,1.06,0.0,0.0,0.0
JEC-J06,139.7,0.0,5.0,0.0,0.0,0.0,0.0,0.0,6.0,0.0,1.06,0.0,0.0,0.0
JEC-J06,140.8,0.0,5.0,0.0,0.0,0.0,0.0,0.0,6.0,0.0,1.06,0.0,0.0,0.0
JEC-J06,141.9,0.0,5.0,0.0,0.0,0.0,0.0,0.0,6.0,0.0,1.06,0.0,0.0,0.0
JEC-J06,143.0,0.0,5.0,0.0,0.0,0.0,0.0,0.0,6.0,0.0,1.06,0.0,0.0,0.0
JEC-J06,144.1,0.0,5.0,0.0,0.0,0.0,0.0,0.0,5.0,0.0,1.06,0.0,0.0,0.0
JEC-J06,145.2,0.0,5.0,0.0,0.0,0.0,0.0,0.0,5.0,0.0,1.06,0.0,0.0,0.0
JEC-J06,146.3,0.0,5.0,0.0,0.0,0.0,0.0,0.0,5.0,0.0,1.06,0.0,0.0,0.0
JEC-J06,147.4,0.0,5.0,0.0,0.0,0.0,0.0,0.0,5.0,0.0,1.06,0.0,0.0,0.0
JEC-J06,148.5,0.0,5.0,0.0,0.0,0.0,0.0,0.0,5.0,0.0,1.06,0.0,0.0,0.0
JEC-J06,149.6,0.0,5.0,0.0,0.0,0.0,0.0,0.0,5.0,0.0,1.06,0.0,0.0,0.0
JEC-J06,150.7,0.0,5.0,0.0,0.0,0.0,0.0,0.0,5.0,0.0,1.06,0.0,0.0,0.0
JEC-J06,151.8,0.0,5.0,0.0,0.0,0.0,0.0,0.0,5.0,0.0,1.06,0.0,0.0,0.0
JEC-J06,152.9,0.0,5.0,0.0,0.0,0.0,0.0,0.0,5.0,0.0,1.06,0.0,0.0,0.0
JEC-J06,154.0,0.0,5.0,0.0,0.0,0.0,0.0,0.0,5.0,0.0,1.06,0.0,0.0,0.0
JEC-J06,155.1,0.0,5.0,0.0,0.0,0.0,0.0,0.0,5.0,0.0,1.06,0.0,0.0,0.0
JEC-J06,156.2,0.0,5.0,0.0,0.0,0.0,0.0,0.0,5.0,0.0,1.06,0.0,0.0,0.0
JEC-J06,157.3,0.0,5.0,0.0,0.0,0.0,0.0,0.0,5.0,0.0,1.06,0.0,0.0,0.0
JEC-J06,158.4,0.0,5.0,0.0,0.0,0.0,0.0,0.0,5.0,0.0,1.06,0.0,0.0,0.0
JEC-J06,159.5,0.0,5.0,0.0,0.0,0.0,0.0,0.0,5.0,0.0,1.06,0.0,0.0,0.0
JEC-J06,160.6,0.0,5.0,0.0,0.0,0.0,0.0,0.0,6.0,0.0,1.0,0.0,0.0,0.0
JEC-J06,161.7,0.0,5.0,0.0,0.0,0.0,0.0,0.0,6.0,0.0,1.0,0.0,0.0,0.0
JEC-J06,162.8,0.0,5.0,0.0,0.0,0.0,0.0,0.0,6.0,0.0,1.0,0.0,0.0,0.0
JEC-J06,163.9,0.0,5.0,0.0,0.0,0.0,0.0,0.0,6.0,0.0,1.0,0.0,0.0,0.0
JEC-J06,165.0,0.0,5.0,0.0,0.0,0.0,0.0,0.0,6.0,0.0,1.0,0.0,0.0,0.0
JEC-J06,166.1,0.0,5.0,0.0,0.0,0.0,1.0,0.0,6.0,0.0,1.0,0.0,0.0,0.0
JEC-J06,167.2,0.0,5.0,0.0,0.0,0.0,1.0,0.0,6.0,0.0,1.0,0.0,0.0,0.0
JEC-J06,168.3,0.0,5.0,0.0,0.0,0.0,1.0,0.0,7.0,0.0,1.0,0.0,0.0,0.0
JEC-J06,169.4,0.0,5.0,0.0,0.0,0.0,1.0,0.0,7.0,0.0,1.0,0.0,0.0,0.0
JEC-J06,170.5,0.0,5.0,0.0,0.0,0.0,1.0,0.0,7.0,0.0,1.0,0.0,0.0,0.0
JEC-J06,171.6,0.0,5.0,0.0,0.0,0.0,1.0,0.0,7.0,0.0,1.0,0.0,0.0,0.0
JEC-J06,172.7,0.0,5.0,0.0,0.0,0.0,1.0,0.0,7.0,0.0,1.0,0.0,0.0,0.0
JEC-J06,173.8,1.0,5.0,0.0,0.0,0.0,1.0,0.0,7.0,0.0,1.0,0.0,0.0,0.0
JEC-J06,174.9,1.0,5.0,0.0,0.0,0.0,0.0,0.0,7.0,1.0,1.0,0.0,0.0,0.0
JEC-J06,176.0,1.0,5.0,0.0,0.0,0.0,0.0,0.0,7.0,1.0,1.0,0.0,0.0,0.0
JEC-J06,177.1,0.0,5.0,0.0,0.0,0.0,0.0,0.0,7.0,1.0,1.0,0.0,0.0,1.0
JEC-J06,178.2,0.0,5.0,0.0,0.0,0.0,0.0,0.0,7.0,1.0,1.0,0.0,0.0,1.0
JEC-J06,179.3,0.0,5.0,1.0,0.0,0.0,0.0,0.0,7.0,1.0,1.0,0.0,0.0,2.0
JEC-J06,180.4,0.0,5.0,1.0,0.0,0.0,0.0,0.0,7.0,1.0,1.0,0.0,0.0,0.0
JEC-J06,181.5,0.0,5.0,1.0,0.0,0.0,0.0,0.0,7.0,1.0,1.0,0.0,0.0,0.0
JEC-J06,182.6,0.0,5.0,0.0,0.0,0.0,0.0,0.0,7.0,1.0,1.0,0.0,0.0,0.0
JEC-J06,183.7,0.0,5.0,0.0,0.0,0.0,0.0,0.0,7.0,1.0,1.0,0.0,0.0,0.0
JEC-J06,184.8,0.0,5.0,0.0,0.0,0.0,0.0,0.0,7.0,0.0,1.0,0.0,0.0,0.0
JEC-J06,185.9,0.0,5.0,0.0,0.0,0.0,0.0,0.0,7.0,0.0,1.0,0.0,0.0,0.0
JEC-J06,187.0,0.0,5.0,0.0,0.0,0.0,0.0,0.0,7.0,0.0,1.0,0.0,0.0,0.0
JEC-J06,188.1,0.0,5.0,0.0,0.0,0.0,0.0,0.0,6.0,0.0,1.0,0.0,0.0,0.0
JEC-J06,189.2,0.0,5.0,0.0,0.0,0.0,0.0,0.0,6.0,0.0,1.0,0.0,0.0,0.0
JEC-J06,190.3,0.0,5.0,0.0,0.0,0.0,0.0,0.0,6.0,0.0,1.0,0.0,0.0,0.0
JEC-J06,191.4,0.0,5.0,0.0,0.0,0.0,0.0,0.0,6.0,0.0,1.0,0.0,0.0,0.0
JEC-J06,192.5,0.0,5.0,0.0,0.0,0.0,0.0,0.0,6.0,0.0,1.0,0.0,0.0,0.0
JEC-J06,193.6,0.0,5.0,0.0,0.0,0.0,0.0,0.0,6.0,0.0,1.0,0.0,0.0,0.0
JEC-J19,1.1,0.0,5.0,0.0,0.0,0.0,0.0,0.0,3.0,0.0,1.13,0.0,0.0,0.0
JEC-J19,2.2,0.0,5.0,0.0,0.0,0.0,0.0,0.0,3.0,0.0,1.13,0.0,0.0,0.0
JEC-J19,3.3,0.0,5.0,0.0,0.0,0.0,0.0,0.0,3.0,0.0,1.13,0.0,0.0,0.0
JEC-J19,4.4,0.0,5.0,0.0,0.0,0.0,0.0,0.0,3.0,0.0,1.13,0.0,0.0,0.0
JEC-J19,5.5,0.0,5.0,0.0,0.0,0.0,0.0,0.0,3.0,0.0,1.13,0.0,0.0,0.0
JEC-J19,6.6,0.0,5.0,0.0,0.0,0.0,0.0,0.0,3.0,0.0,1.13,0.0,0.0,0.0
JEC-J19,7.7,0.0,5.0,0.0,0.0,0.0,0.0,0.0,3.0,0.0,1.13,0.0,0.0,0.0
JEC-J19,8.8,0.0,5.0,0.0,0.0,0.0,0.0,0.0,3.0,0.0,1.13,0.0,0.0,0.0
JEC-J19,9.9,0.0,5.0,0.0,0.0,0.0,0.0,0.0,3.0,0.0,1.13,0.0,0.0,0.0
JEC-J19,11.0,0.0,5.0,0.0,0.0,0.0,0.0,0.0,3.0,0.0,1.13,0.0,0.0,0.0
JEC-J19,12.1,0.0,5.0,0.0,0.0,0.0,0.0,0.0,3.0,0.0,1.13,0.0,0.0,0.0
JEC-J19,13.2,0.0,5.0,0.0,0.0,0.0,0.0,0.0,3.0,0.0,1.13,0.0,0.0,0.0
JEC-J19,14.3,0.0,5.0,0.0,0.0,0.0,0.0,0.0,3.0,0.0,1.13,0.0,0.0,0.0
JEC-J19,15.4,0.0,5.0,0.0,0.0,0.0,0.0,0.0,3.0,0.0,1.13,0.0,0.0,0.0
JEC-J19,16.5,0.0,5.0,0.0,0.0,0.0,0.0,0.0,3.0,0.0,1.13,0.0,0.0,0.0
JEC-J19,17.6,0.0,5.0,0.0,0.0,0.0,0.0,0.0,3.0,0.0,1.13,0.0,0.0,0.0
JEC-J19,18.7,0.0,5.0,0.0,0.0,0.0,0.0,0.0,3.0,0.0,1.13,0.0,0.0,0.0
JEC-J19,19.8,0.0,5.0,0.0,0.0,0.0,0.0,0.0,3.0,0.0,1.13,0.0,0.0,0.0
JEC-J19,20.9,0.0,5.0,0.0,0.0,0.0,0.0,0.0,3.0,0.0,1.13,0.0,0.0,0.0
JEC-J19,22.0,0.0,5.0,0.0,0.0,0.0,0.0,0.0,3.0,0.0,1.13,0.0,0.0,0.0
JEC-J19,23.1,0.0,5.0,0.0,0.0,0.0,0.0,0.0,4.0,0.0,1.13,0.0,0.0,0.0
JEC-J19,24.2,0.0,5.0,0.0,0.0,0.0,0.0,0.0,4.0,0.0,1.13,0.0,0.0,0.0
JEC-J19,25.3,0.0,5.0,0.0,0.0,0.0,0.0,0.0,4.0,0.0,1.13,0.0,0.0,0.0
JEC-J19,26.4,0.0,5.0,0.0,0.0,0.0,0.0,0.0,4.0,0.0,1.13,0.0,0.0,0.0
JEC-J19,27.5,0.0,5.0,0.0,0.0,0.0,0.0,0.0,4.0,0.0,1.13,0.0,0.0,0.0
JEC-J19,28.6,0.0,5.0,0.0,0.0,0.0,0.0,0.0,4.0,0.0,1.13,0.0,0.0,0.0
JEC-J19,29.7,0.0,5.0,0.0,0.0,0.0,0.0,0.0,4.0,0.0,1.13,0.0,0.0,0.0
JEC-J19,30.8,0.0,5.0,0.0,0.0,0.0,0.0,0.0,4.0,0.0,1.13,0.0,0.0,0.0
JEC-J19,31.9,0.0,5.0,0.0,0.0,0.0,0.0,0.0,4.0,0.0,1.13,0.0,0.0,0.0
JEC-J19,33.0,0.0,5.0,0.0,0.0,0.0,0.0,0.0,4.0,0.0,1.13,0.0,0.0,0.0
JEC-J19,34.1,0.0,5.0,0.0,0.0,0.0,0.0,0.0,4.0,0.0,1.13,0.0,0.0,0.0
JEC-J19,35.2,0.0,5.0,0.0,0.0,0.0,0.0,0.0,4.0,0.0,1.13,0.0,0.0,0.0
JEC-J19,36.3,0.0,5.0,0.0,0.0,0.0,0.0,0.0,4.0,0.0,1.13,0.0,0.0,0.0
JEC-J19,37.4,0.0,5.0,0.0,0.0,0.0,0.0,0.0,4.0,0.0,1.13,0.0,0.0,0.0
JEC-J19,38.5,0.0,5.0,0.0,0.0,0.0,0.0,0.0,4.0,0.0,1.13,0.0,0.0,0.0
JEC-J19,39.6,0.0,5.0,0.0,0.0,0.0,0.0,0.0,4.0,0.0,1.13,0.0,0.0,0.0
JEC-J19,40.7,0.0,5.0,0.0,0.0,0.0,0.0,0.0,4.0,0.0,1.03,0.0,0.0,0.0
JEC-J19,41.8,0.0,5.0,0.0,0.0,0.0,0.0,0.0,5.0,0.0,1.03,0.0,0.0,0.0
JEC-J19,42.9,0.0,5.0,0.0,0.0,0.0,0.0,0.0,4.0,0.0,1.03,0.0,0.0,0.0
JEC-J19,44.0,0.0,5.0,0.0,0.0,0.0,0.0,0.0,4.0,0.0,1.03,0.0,0.0,0.0
JEC-J19,45.1,0.0,5.0,0.0,0.0,0.0,0.0,0.0,4.0,0.0,1.03,0.0,0.0,0.0
JEC-J19,46.2,0.0,5.0,0.0,0.0,0.0,0.0,0.0,4.0,0.0,1.03,0.0,0.0,0.0
JEC-J19,47.3,0.0,5.0,0.0,0.0,0.0,0.0,0.0,4.0,0.0,1.03,0.0,0.0,0.0
JEC-J19,48.4,0.0,5.0,0.0,0.0,0.0,0.0,0.0,4.0,0.0,1.03,0.0,0.0,0.0
JEC-J19,49.5,0.0,5.0,0.0,0.0,0.0,0.0,0.0,4.0,0.0,1.03,0.0,0.0,0.0
JEC-J19,50.6,0.0,5.0,0.0,0.0,0.0,0.0,0.0,4.0,0.0,1.03,0.0,0.0,0.0
JEC-J19,51.7,0.0,5.0,0.0,0.0,0.0,0.0,0.0,5.0,0.0,1.03,0.0,0.0,0.0
JEC-J19,52.8,0.0,5.0,0.0,0.0,0.0,0.0,0.0,5.0,0.0,1.03,0.0,0.0,0.0
JEC-J19,53.9,0.0,5.0,0.0,0.0,0.0,0.0,0.0,5.0,0.0,1.03,0.0,0.0,0.0
JEC-J19,55.0,0.0,5.0,0.0,0.0,0.0,0.0,0.0,5.0,0.0,1.03,0.0,0.0,0.0
JEC-J19,56.1,0.0,5.0,0.0,0.0,0.0,0.0,0.0,4.0,0.0,1.13,0.0,0.0,0.0
JEC-J19,57.2,0.0,5.0,0.0,0.0,0.0,0.0,0.0,4.0,0.0,1.13,0.0,0.0,0.0
JEC-J19,58.3,0.0,5.0,0.0,0.0,0.0,0.0,0.0,4.0,0.0,1.13,0.0,0.0,0.0
JEC-J19,59.4,0.0,5.0,0.0,0.0,0.0,0.0,0.0,3.0,0.0,1.13,0.0,0.0,0.0
JEC-J19,60.5,0.0,5.0,0.0,0.0,0.0,0.0,0.0,3.0,0.0,1.13,0.0,0.0,0.0
JEC-J19,61.6,0.0,5.0,0.0,0.0,0.0,0.0,0.0,3.0,0.0,1.13,0.0,0.0,0.0
JEC-J19,62.7,0.0,5.0,0.0,0.0,0.0,0.0,0.0,3.0,0.0,1.13,0.0,0.0,0.0
JEC-J19,63.8,0.0,5.0,0.0,0.0,0.0,0.0,0.0,3.0,0.0,1.13,0.0,0.0,0.0
JEC-J19,64.9,0.0,5.0,0.0,0.0,0.0,0.0,0.0,3.0,0.0,1.13,0.0,0.0,0.0
JEC-J19,66.0,0.0,5.0,0.0,0.0,0.0,0.0,0.0,3.0,0.0,1.13,0.0,0.0,0.0
JEC-J19,67.1,0.0,5.0,0.0,0.0,0.0,0.0,0.0,4.0,0.0,1.13,0.0,0.0,0.0
JEC-J19,68.2,0.0,5.0,0.0,0.0,0.0,0.0,0.0,4.0,0.0,1.13,0.0,0.0,0.0
JEC-J19,69.3,0.0,5.0,0.0,0.0,0.0,0.0,0.0,4.0,0.0,1.13,0.0,0.0,0.0
JEC-J19,70.4,0.0,5.0,0.0,0.0,0.0,0.0,0.0,4.0,0.0,1.13,0.0,0.0,0.0
JEC-J19,71.5,0.0,5.0,0.0,0.0,0.0,0.0,0.0,5.0,0.0,1.13,0.0,0.0,0.0
JEC-J19,72.6,0.0,5.0,0.0,0.0,0.0,0.0,0.0,5.0,0.0,1.13,0.0,0.0,0.0
JEC-J19,73.7,0.0,5.0,0.0,0.0,0.0,0.0,0.0,5.0,0.0,1.13,0.0,0.0,0.0
JEC-J19,74.8,0.0,5.0,0.0,0.0,0.0,0.0,0.0,5.0,0.0,1.13,0.0,0.0,0.0
JEC-J19,75.9,0.0,5.0,0.0,0.0,0.0,0.0,0.0,5.0,0.0,1.13,0.0,0.0,0.0
JEC-J19,77.0,0.0,5.0,0.0,0.0,0.0,0.0,0.0,5.0,0.0,1.13,0.0,0.0,0.0
JEC-J19,78.1,0.0,5.0,0.0,0.0,0.0,0.0,0.0,5.0,0.0,1.13,0.0,0.0,0.0
JEC-J19,79.2,0.0,5.0,0.0,0.0,0.0,0.0,0.0,6.0,0.0,1.13,0.0,0.0,0.0
JEC-J19,80.3,0.0,5.0,0.0,0.0,0.0,0.0,0.0,6.0,0.0,1.13,0.0,0.0,0.0
JEC-J19,81.4,0.0,5.0,0.0,0.0,0.0,0.0,0.0,6.0,0.0,1.13,0.0,0.0,0.0
JEC-J19,82.5,0.0,5.0,0.0,0.0,0.0,0.0,0.0,6.0,0.0,1.13,0.0,0.0,0.0
JEC-J19,83.6,0.0,5.0,0.0,0.0,0.0,0.0,0.0,6.0,0.0,1.13,0.0,0.0,0.0
JEC-J19,84.7,0.0,5.0,0.0,0.0,0.0,0.0,0.0,6.0,0.0,1.13,0.0,0.0,0.0
JEC-J19,85.8,0.0,5.0,0.0,0.0,0.0,0.0,0.0,6.0,0.0,1.13,0.0,0.0,0.0
JEC-J19,86.9,0.0,5.0,0.0,0.0,0.0,0.0,0.0,6.0,0.0,1.13,0.0,0.0,0.0
JEC-J19,88.0,0.0,5.0,0.0,0.0,0.0,0.0,0.0,6.0,0.0,1.13,0.0,0.0,0.0
JEC-J19,89.1,0.0,5.0,0.0,0.0,0.0,0.0,0.0,6.0,0.0,1.13,0.0,0.0,0.0
JEC-J19,90.2,0.0,5.0,0.0,0.0,0.0,0.0,0.0,6.0,0.0,1.13,0.0,0.0,0.0
JEC-J19,91.3,0.0,5.0,0.0,0.0,0.0,0.0,0.0,6.0,0.0,1.13,0.0,0.0,0.0
JEC-J19,92.4,0.0,5.0,0.0,0.0,0.0,0.0,0.0,6.0,0.0,1.13,0.0,0.0,0.0
JEC-J19,93.5,0.0,5.0,0.0,0.0,0.0,0.0,0.0,6.0,0.0,1.13,0.0,0.0,0.0
JEC-J19,94.6,0.0,5.0,0.0,0.0,0.0,0.0,0.0,6.0,0.0,1.13,0.0,0.0,0.0
JEC-J19,95.7,0.0,5.0,0.0,0.0,0.0,0.0,0.0,6.0,0.0,1.0,0.0,0.0,0.0
JEC-J19,96.8,0.0,5.0,0.0,0.0,0.0,0.0,0.0,6.0,0.0,1.0,0.0,0.0,0.0
JEC-J19,97.9,0.0,5.0,0.0,0.0,0.0,0.0,0.0,6.0,0.0,1.0,0.0,0.0,0.0
JEC-J19,99.0,0.0,5.0,0.0,0.0,0.0,0.0,0.0,6.0,0.0,1.0,0.0,0.0,0.0
JEC-J19,100.1,0.0,5.0,0.0,0.0,0.0,0.0,0.0,6.0,0.0,1.06,0.0,0.0,0.0
JEC-J19,101.2,0.0,5.0,0.0,0.0,0.0,0.0,0.0,6.0,0.0,1.06,0.0,0.0,0.0
JEC-J19,102.3,0.0,5.0,0.0,0.0,0.0,0.0,0.0,6.0,0.0,1.06,0.0,0.0,0.0
JEC-J19,103.4,0.0,5.0,0.0,0.0,0.0,0.0,0.0,6.0,0.0,1.06,0.0,0.0,0.0
JEC-J19,104.5,0.0,5.0,0.0,0.0,0.0,0.0,0.0,6.0,0.0,1.06,0.0,0.0,0.0
JEC-J19,105.6,0.0,5.0,0.0,0.0,0.0,1.0,0.0,6.0,0.0,1.06,0.0,0.0,0.0
JEC-J19,106.7,0.0,5.0,0.0,0.0,0.0,1.0,0.0,6.0,0.0,1.06,0.0,0.0,0.0
JEC-J19,107.8,0.0,5.0,0.0,0.0,0.0,1.0,0.0,6.0,0.0,1.06,0.0,0.0,0.0
JEC-J19,108.9,0.0,5.0,0.0,0.0,0.0,1.0,0.0,6.0,0.0,1.06,0.0,0.0,0.0
JEC-J19,110.0,0.0,5.0,0.0,0.0,0.0,1.0,0.0,6.0,0.0,1.06,0.0,0.0,0.0
JEC-J19,111.1,0.0,5.0,0.0,0.0,0.0,1.0,0.0,6.0,0.0,1.06,0.0,0.0,0.0
JEC-J19,112.2,0.0,5.0,0.0,0.0,0.0,2.0,0.0,6.0,0.0,1.06,0.0,0.0,0.0
JEC-J19,113.3,1.0,5.0,0.0,0.0,0.0,1.0,0.0,6.0,1.0,1.06,0.0,0.0,0.0
JEC-J19,114.4,1.0,5.0,0.0,0.0,0.0,1.0,0.0,6.0,1.0,1.06,0.0,0.0,0.0
JEC-J19,115.5,1.0,5.0,0.0,0.0,0.0,1.0,0.0,6.0,1.0,1.06,0.0,0.0,0.0
JEC-J19,116.6,0.0,5.0,0.0,0.0,0.0,1.0,0.0,6.0,1.0,1.06,0.0,0.0,1.0
JEC-J19,117.7,0.0,5.0,0.0,0.0,0.0,1.0,0.0,6.0,1.0,1.06,0.0,0.0,1.0
JEC-J19,118.8,0.0,5.0,1.0,0.0,0.0,1.0,0.0,6.0,1.0,1.06,0.0,0.0,2.0
JEC-J19,119.9,0.0,5.0,1.0,0.0,0.0,1.0,0.0,6.0,1.0,1.06,0.0,0.0,0.0
JEC-J19,121.0,0.0,5.0,1.0,0.0,0.0,0.0,0.0,6.0,1.0,1.06,0.0,0.0,1.0
JEC-J19,122.1,1.0,5.0,0.0,0.0,0.0,0.0,0.0,6.0,2.0,1.06,0.0,0.0,1.0
JEC-J19,123.2,1.0,5.0,0.0,0.0,0.0,0.0,0.0,6.0,2.0,1.06,0.0,0.0,1.0
JEC-J19,124.3,0.0,5.0,0.0,0.0,0.0,0.0,0.0,6.0,2.0,1.06,0.0,0.0,1.0
JEC-J19,125.4,0.0,5.0,0.0,0.0,0.0,0.0,0.0,6.0,2.0,1.06,0.0,0.0,1.0
JEC-J19,126.5,0.0,5.0,0.0,0.0,0.0,0.0,0.0,6.0,1.0,1.06,0.0,0.0,2.0
JEC-J19,127.6,0.0,5.0,1.0,0.0,0.0,0.0,0.0,6.0,1.0,1.06,0.0,0.0,2.0
JEC-J19,128.7,0.0,5.0,1.0,0.0,0.0,0.0,0.0,6.0,1.0,1.06,0.0,0.0,0.0
JEC-J19,129.8,0.0,5.0,0.0,0.0,0.0,0.0,0.0,6.0,1.0,1.06,0.0,0.0,0.0
JEC-J19,130.9,0.0,5.0,0.0,0.0,0.0,0.0,0.0,6.0,1.0,1.06,0.0,0.0,0.0
JEC-J19,132.0,0.0,5.0,0.0,0.0,0.0,0.0,0.0,6.0,1.0,1.06,0.0,0.0,0.0
JEC-J19,133.1,0.0,5.0,0.0,0.0,0.0,0.0,0.0,6.0,1.0,1.06,0.0,0.0,0.0
JEC-J19,134.2,0.0,5.0,0.0,0.0,0.0,0.0,0.0,6.0,0.0,1.06,0.0,0.0,0.0
JEC-J19,135.3,0.0,5.0,0.0,0.0,0.0,0.0,0.0,6.0,0.0,1.06,0.0,0.0,0.0
JEC-J19,136.4,0.0,5.0,0.0,0.0,0.0,0.0,0.0,6.0,0.0,1.06,0.0,0.0,0.0
JEC-J19,137.5,0.0,5.0,0.0,0.0,0.0,0.0,0.0,6.0,0.0,1.06,0.0,0.0,0.0
JEC-J19,138.6,0.0,5.0,0.0,0.0,0.0,0.0,0.0,5.0,0.0,1.06,0.0,0.0,0.0
JEC-J19,139.7,0.0,5.0,0.0,0.0,0.0,0.0,0.0,5.0,0.0,1.06,0.0,0.0,0.0
JEC-J19,140.8,0.0,5.0,0.0,0.0,0.0,0.0,0.0,5.0,0.0,1.06,0.0,0.0,0.0
JEC-J19,141.9,0.0,5.0,0.0,0.0,0.0,0.0,0.0,5.0,0.0,1.06,0.0,0.0,0.0
JEC-J19,143.0,0.0,5.0,0.0,0.0,0.0,0.0,0.0,5.0,0.0,1.06,0.0,0.0,0.0
JEC-J19,144.1,0.0,5.0,0.0,0.0,0.0,0.0,0.0,5.0,0.0,1.06,0.0,0.0,0.0
JEC-J19,145.2,0.0,5.0,0.0,0.0,0.0,0.0,0.0,5.0,0.0,1.06,0.0,0.0,0.0
JEC-J19,146.3,0.0,5.0,0.0,0.0,0.0,0.0,0.0,5.0,0.0,1.06,0.0,0.0,0.0
JEC-J19,147.4,0.0,5.0,0.0,0.0,0.0,0.0,0.0,4.0,0.0,1.06,0.0,0.0,0.0
JEC-J19,148.5,0.0,5.0,0.0,0.0,0.0,0.0,0.0,4.0,0.0,1.06,0.0,0.0,0.0
JEC-J19,149.6,0.0,5.0,0.0,0.0,0.0,0.0,0.0,4.0,0.0,1.06,0.0,0.0,0.0
JEC-J19,150.7,0.0,5.0,0.0,0.0,0.0,0.0,0.0,4.0,0.0,1.06,0.0,0.0,0.0
JEC-J19,151.8,0.0,5.0,0.0,0.0,0.0,0.0,0.0,4.0,0.0,1.06,0.0,0.0,0.0
JEC-J19,152.9,0.0,5.0,0.0,0.0,0.0,0.0,0.0,4.0,0.0,1.06,0.0,0.0,0.0
JEC-J19,154.0,0.0,5.0,0.0,0.0,0.0,0.0,0.0,4.0,0.0,1.06,0.0,0.0,0.0
JEC-J19,155.1,0.0,5.0,0.0,0.0,0.0,0.0,0.0,4.0,0.0,1.06,0.0,0.0,0.0
JEC-J19,156.2,0.0,5.0,0.0,0.0,0.0,0.0,0.0,4.0,0.0,1.06,0.0,0.0,0.0
JEC-J19,157.3,0.0,5.0,0.0,0.0,0.0,0.0,0.0,4.0,0.0,1.06,0.0,0.0,0.0
JEC-J19,158.4,0.0,5.0,0.0,0.0,0.0,0.0,0.0,4.0,0.0,1.06,0.0,0.0,0.0
JEC-J19,159.5,0.0,5.0,0.0,0.0,0.0,0.0,0.0,5.0,0.0,1.06,0.0,0.0,0.0
JEC-J19,160.6,0.0,5.0,0.0,0.0,0.0,0.0,0.0,5.0,0.0,1.0,0.0,0.0,0.0
JEC-J19,161.7,0.0,5.0,0.0,0.0,0.0,0.0,0.0,5.0,0.0,1.0,0.0,0.0,0.0
JEC-J19,162.8,0.0,5.0,0.0,0.0,0.0,0.0,0.0,5.0,0.0,1.0,0.0,0.0,0.0
JEC-J19,163.9,0.0,5.0,0.0,0.0,0.0,0.0,0.0,5.0,0.0,1.0,0.0,0.0,0.0
JEC-J19,165.0,0.0,5.0,0.0,0.0,0.0,1.0,0.0,5.0,0.0,1.0,0.0,0.0,0.0
JEC-J19,166.1,0.0,5.0,0.0,0.0,0.0,1.0,0.0,5.0,0.0,1.0,0.0,0.0,0.0
JEC-J19,167.2,0.0,5.0,0.0,0.0,0.0,1.0,0.0,5.0,0.0,1.0,0.0,0.0,0.0
JEC-J19,168.3,0.0,5.0,0.0,0.0,0.0,1.0,0.0,5.0,0.0,1.0,0.0,0.0,0.0
JEC-J19,169.4,0.0,5.0,0.0,0.0,0.0,1.0,0.0,5.0,0.0,1.0,0.0,0.0,0.0
JEC-J19,170.5,0.0,5.0,0.0,0.0,0.0,1.0,0.0,6.0,0.0,1.0,0.0,0.0,0.0
JEC-J19,171.6,1.0,5.0,0.0,0.0,0.0,1.0,0.0,6.0,0.0,1.0,0.0,0.0,0.0
JEC-J19,172.7,1.0,5.0,0.0,0.0,0.0,0.0,0.0,6.0,1.0,1.0,0.0,0.0,0.0
JEC-J19,173.8,1.0,5.0,0.0,0.0,0.0,0.0,0.0,6.0,1.0,1.0,0.0,0.0,0.0
JEC-J19,174.9,0.0,5.0,0.0,0.0,0.0,0.0,0.0,6.0,1.0,1.0,0.0,0.0,1.0
JEC-J19,176.0,0.0,5.0,0.0,0.0,0.0,0.0,0.0,6.0,1.0,1.0,0.0,0.0,1.0
JEC-J19,177.1,0.0,5.0,1.0,0.0,0.0,0.0,0.0,6.0,1.0,1.0,0.0,0.0,2.0
JEC-J19,178.2,0.0,5.0,1.0,0.0,0.0,0.0,0.0,6.0,1.0,1.0,0.0,0.0,0.0
JEC-J19,179.3,0.0,5.0,1.0,0.0,0.0,0.0,0.0,6.0,1.0,1.0,0.0,0.0,0.0
JEC-J19,180.4,0.0,5.0,0.0,0.0,0.0,0.0,0.0,6.0,1.0,1.0,0.0,0.0,0.0
JEC-J19,181.5,0.0,5.0,0.0,0.0,0.0,0.0,0.0,6.0,1.0,1.0,0.0,0.0,0.0
JEC-J19,182.6,0.0,5.0,0.0,0.0,0.0,0.0,0.0,6.0,1.0,1.0,0.0,0.0,0.0
JEC-J19,183.7,0.0,5.0,0.0,0.0,0.0,0.0,0.0,6.0,1.0,1.0,0.0,0.0,0.0
JEC-J19,184.8,0.0,5.0,0.0,0.0,0.0,0.0,0.0,6.0,1.0,1.0,0.0,0.0,0.0
JEC-J19,185.9,0.0,5.0,0.0,0.0,0.0,0.0,0.0,6.0,1.0,1.0,0.0,0.0,0.0
JEC-J19,187.0,0.0,5.0,0.0,0.0,0.0,0.0,0.0,6.0,0.0,1.0,0.0,0.0,0.0
JEC-J19,188.1,0.0,5.0,0.0,0.0,0.0,0.0,0.0,6.0,0.0,1.0,0.0,0.0,0.0
JEC-J19,189.2,0.0,5.0,0.0,0.0,0.0,0.0,0.0,6.0,0.0,1.0,0.0,0.0,0.0
JEC-J19,190.3,0.0,5.0,0.0,0.0,0.0,0.0,0.0,6.0,0.0,1.0,0.0,0.0,0.0
JEC-J19,191.4,0.0,5.0,0.0,0.0,0.0,0.0,0.0,6.0,0.0,1.0,0.0,0.0,0.0
JEC-J19,192.5,0.0,5.0,0.0,0.0,0.0,0.0,0.0,6.0,0.0,1.0,0.0,0.0,0.0
JEC-J19,193.6,0.0,5.0,0.0,0.0,0.0,0.0,0.0,6.0,0.0,1.0,0.0,0.0,0.0
JEC-J15,1.1,0.0,5.0,0.0,0.0,0.0,0.0,0.0,1.0,0.0,1.13,0.0,0.0,0.0
JEC-J15,2.2,0.0,5.0,0.0,0.0,0.0,0.0,0.0,1.0,0.0,1.13,0.0,0.0,0.0
JEC-J15,3.3,0.0,5.0,0.0,0.0,0.0,0.0,0.0,1.0,0.0,1.13,0.0,0.0,0.0
JEC-J15,4.4,0.0,5.0,0.0,0.0,0.0,0.0,0.0,1.0,0.0,1.13,0.0,0.0,0.0
JEC-J15,5.5,0.0,5.0,0.0,0.0,0.0,0.0,0.0,1.0,0.0,1.13,0.0,0.0,0.0
JEC-J15,6.6,0.0,5.0,0.0,0.0,0.0,0.0,0.0,1.0,0.0,1.13,0.0,0.0,0.0
JEC-J15,7.7,0.0,5.0,0.0,0.0,0.0,0.0,0.0,1.0,0.0,1.13,0.0,0.0,0.0
JEC-J15,8.8,0.0,5.0,0.0,0.0,0.0,0.0,0.0,1.0,0.0,1.13,0.0,0.0,0.0
JEC-J15,9.9,0.0,5.0,0.0,0.0,0.0,0.0,0.0,1.0,0.0,1.13,0.0,0.0,0.0
JEC-J15,11.0,0.0,5.0,0.0,0.0,0.0,0.0,0.0,1.0,0.0,1.13,0.0,0.0,0.0
JEC-J15,12.1,0.0,5.0,0.0,0.0,0.0,0.0,0.0,1.0,0.0,1.13,0.0,0.0,0.0
JEC-J15,13.2,0.0,5.0,0.0,0.0,0.0,0.0,0.0,1.0,0.0,1.13,0.0,0.0,0.0
JEC-J15,14.3,0.0,5.0,0.0,0.0,0.0,0.0,0.0,1.0,0.0,1.13,0.0,0.0,0.0
JEC-J15,15.4,0.0,5.0,0.0,0.0,0.0,0.0,0.0,1.0,0.0,1.13,0.0,0.0,0.0
JEC-J15,16.5,0.0,5.0,0.0,0.0,0.0,0.0,0.0,1.0,0.0,1.13,0.0,0.0,0.0
JEC-J15,17.6,0.0,5.0,0.0,0.0,0.0,0.0,0.0,1.0,0.0,1.13,0.0,0.0,0.0
JEC-J15,18.7,0.0,5.0,0.0,0.0,0.0,0.0,0.0,1.0,0.0,1.13,0.0,0.0,0.0
JEC-J15,19.8,0.0,5.0,0.0,0.0,0.0,0.0,0.0,1.0,0.0,1.13,0.0,0.0,0.0
JEC-J15,20.9,0.0,5.0,0.0,0.0,0.0,0.0,0.0,1.0,0.0,1.13,0.0,0.0,0.0
JEC-J15,22.0,0.0,5.0,0.0,0.0,0.0,0.0,0.0,1.0,0.0,1.13,0.0,0.0,0.0
JEC-J15,23.1,0.0,5.0,0.0,0.0,0.0,0.0,0.0,1.0,0.0,1.13,0.0,0.0,0.0
JEC-J15,24.2,0.0,5.0,0.0,0.0,0.0,0.0,0.0,1.0,0.0,1.13,0.0,0.0,0.0
JEC-J15,25.3,0.0,5.0,0.0,0.0,0.0,0.0,0.0,1.0,0.0,1.13,0.0,0.0,0.0
JEC-J15,26.4,0.0,5.0,0.0,0.0,0.0,0.0,0.0,1.0,0.0,1.13,0.0,0.0,0.0
JEC-J15,27.5,0.0,5.0,0.0,0.0,0.0,0.0,0.0,1.0,0.0,1.13,0.0,0.0,0.0
JEC-J15,28.6,0.0,5.0,0.0,0.0,0.0,0.0,0.0,1.0,0.0,1.13,0.0,0.0,0.0
JEC-J15,29.7,0.0,5.0,0.0,0.0,0.0,0.0,0.0,1.0,0.0,1.13,0.0,0.0,0.0
JEC-J15,30.8,0.0,5.0,0.0,0.0,0.0,0.0,0.0,1.0,0.0,1.13,0.0,0.0,0.0
JEC-J15,31.9,0.0,5.0,0.0,0.0,0.0,0.0,0.0,1.0,0.0,1.13,0.0,0.0,0.0
JEC-J15,33.0,0.0,5.0,0.0,0.0,0.0,0.0,0.0,1.0,0.0,1.13,0.0,0.0,0.0
JEC-J15,34.1,0.0,5.0,0.0,0.0,0.0,0.0,0.0,1.0,0.0,1.13,0.0,0.0,0.0
JEC-J15,35.2,0.0,5.0,0.0,0.0,0.0,0.0,0.0,1.0,0.0,1.13,0.0,0.0,0.0
JEC-J15,36.3,0.0,5.0,0.0,0.0,0.0,0.0,0.0,1.0,0.0,1.13,0.0,0.0,0.0
JEC-J15,37.4,0.0,5.0,0.0,0.0,0.0,0.0,0.0,1.0,0.0,1.13,0.0,0.0,0.0
JEC-J15,38.5,0.0,5.0,0.0,0.0,0.0,0.0,0.0,1.0,0.0,1.13,0.0,0.0,0.0
JEC-J15,39.6,0.0,5.0,0.0,0.0,0.0,0.0,0.0,1.0,0.0,1.13,0.0,0.0,0.0
JEC-J15,40.7,0.0,5.0,0.0,0.0,0.0,0.0,0.0,1.0,0.0,1.03,0.0,0.0,0.0
JEC-J15,41.8,0.0,5.0,0.0,0.0,0.0,0.0,0.0,1.0,0.0,1.03,0.0,0.0,0.0
JEC-J15,42.9,0.0,5.0,0.0,0.0,0.0,0.0,0.0,1.0,0.0,1.03,0.0,0.0,0.0
JEC-J15,44.0,0.0,5.0,0.0,0.0,0.0,0.0,0.0,1.0,0.0,1.03,0.0,0.0,0.0
JEC-J15,45.1,0.0,5.0,0.0,0.0,0.0,0.0,0.0,2.0,0.0,1.03,0.0,0.0,0.0
JEC-J15,46.2,0.0,5.0,0.0,0.0,0.0,0.0,0.0,2.0,0.0,1.03,0.0,0.0,0.0
JEC-J15,47.3,0.0,5.0,0.0,0.0,0.0,0.0,0.0,2.0,0.0,1.03,0.0,0.0,0.0
JEC-J15,48.4,0.0,5.0,0.0,0.0,0.0,0.0,0.0,2.0,0.0,1.03,0.0,0.0,0.0
JEC-J15,49.5,0.0,5.0,0.0,0.0,0.0,1.0,0.0,2.0,0.0,1.03,0.0,0.0,0.0
JEC-J15,50.6,0.0,5.0,0.0,0.0,0.0,1.0,0.0,2.0,0.0,1.03,0.0,0.0,0.0
JEC-J15,51.7,0.0,5.0,0.0,0.0,0.0,1.0,0.0,2.0,0.0,1.03,0.0,0.0,0.0
JEC-J15,52.8,0.0,5.0,0.0,0.0,0.0,1.0,0.0,2.0,0.0,1.03,0.0,0.0,0.0
JEC-J15,53.9,0.0,5.0,0.0,0.0,0.0,1.0,0.0,2.0,0.0,1.03,0.0,0.0,0.0
JEC-J15,55.0,0.0,5.0,0.0,0.0,0.0,1.0,0.0,2.0,0.0,1.03,0.0,0.0,0.0
JEC-J15,56.1,1.0,5.0,0.0,0.0,0.0,1.0,0.0,2.0,0.0,1.13,0.0,0.0,0.0
JEC-J15,57.2,1.0,5.0,0.0,0.0,0.0,0.0,0.0,2.0,1.0,1.13,0.0,0.0,0.0
JEC-J15,58.3,1.0,5.0,0.0,0.0,0.0,0.0,0.0,2.0,1.0,1.13,0.0,0.0,1.0
JEC-J15,59.4,0.0,5.0,0.0,0.0,0.0,0.0,0.0,2.0,1.0,1.13,0.0,0.0,1.0
JEC-J15,60.5,0.0,5.0,0.0,0.0,0.0,0.0,0.0,2.0,1.0,1.13,0.0,0.0,2.0
JEC-J15,61.6,0.0,5.0,1.0,0.0,0.0,0.0,0.0,3.0,1.0,1.13,0.0,0.0,2.0
JEC-J15,62.7,0.0,5.0,1.0,0.0,0.0,0.0,0.0,3.0,1.0,1.13,0.0,0.0,0.0
JEC-J15,63.8,0.0,5.0,1.0,0.0,0.0,0.0,0.0,4.0,1.0,1.13,0.0,0.0,0.0
JEC-J15,64.9,0.0,5.0,0.0,0.0,0.0,1.0,0.0,4.0,1.0,1.13,0.0,0.0,0.0
JEC-J15,66.0,0.0,5.0,0.0,0.0,0.0,1.0,0.0,4.0,1.0,1.13,0.0,0.0,0.0
JEC-J15,67.1,0.0,5.0,0.0,0.0,0.0,1.0,0.0,4.0,0.0,1.13,0.0,0.0,0.0
JEC-J15,68.2,0.0,5.0,0.0,0.0,0.0,2.0,0.0,4.0,0.0,1.13,0.0,0.0,0.0
JEC-J15,69.3,0.0,5.0,0.0,0.0,0.0,2.0,0.0,4.0,0.0,1.13,0.0,0.0,0.0
JEC-J15,70.4,0.0,5.0,0.0,0.0,0.0,2.0,0.0,4.0,0.0,1.13,0.0,0.0,0.0
JEC-J15,71.5,0.0,5.0,0.0,0.0,0.0,2.0,0.0,4.0,0.0,1.13,0.0,0.0,0.0
JEC-J15,72.6,0.0,5.0,0.0,0.0,0.0,3.0,0.0,4.0,0.0,1.13,0.0,0.0,0.0
JEC-J15,73.7,1.0,5.0,0.0,0.0,0.0,3.0,0.0,4.0,0.0,1.13,0.0,0.0,0.0
JEC-J15,74.8,1.0,5.0,0.0,0.0,0.0,3.0,0.0,4.0,0.0,1.13,0.0,0.0,0.0
JEC-J15,75.9,1.0,5.0,0.0,0.0,0.0,2.0,0.0,4.0,1.0,1.13,0.0,0.0,0.0
JEC-J15,77.0,1.0,5.0,0.0,0.0,0.0,2.0,0.0,4.0,1.0,1.13,0.0,0.0,1.0
JEC-J15,78.1,0.0,5.0,0.0,0.0,0.0,2.0,0.0,4.0,1.0,1.13,0.0,0.0,1.0
JEC-J15,79.2,0.0,5.0,1.0,0.0,0.0,2.0,0.0,4.0,1.0,1.13,0.0,0.0,2.0
JEC-J15,80.3,0.0,5.0,1.0,0.0,0.0,1.0,0.0,4.0,2.0,1.13,0.0,0.0,2.0
JEC-J15,81.4,0.0,5.0,1.0,0.0,0.0,1.0,0.0,4.0,2.0,1.13,0.0,0.0,0.0
JEC-J15,82.5,1.0,5.0,1.0,0.0,0.0,1.0,0.0,4.0,2.0,1.13,0.0,0.0,0.0
JEC-J15,83.6,1.0,5.0,0.0,0.0,0.0,1.0,0.0,4.0,2.0,1.13,0.0,0.0,0.0
JEC-J15,84.7,1.0,5.0,0.0,0.0,0.0,1.0,0.0,4.0,1.0,1.13,0.0,0.0,0.0
JEC-J15,85.8,0.0,5.0,0.0,0.0,0.0,1.0,0.0,4.0,1.0,1.13,0.0,0.0,1.0
JEC-J15,86.9,0.0,5.0,0.0,0.0,0.0,1.0,0.0,4.0,1.0,1.13,0.0,0.0,1.0
JEC-J15,88.0,0.0,5.0,1.0,0.0,0.0,0.0,0.0,4.0,2.0,1.13,0.0,0.0,2.0
JEC-J15,89.1,1.0,5.0,1.0,0.0,0.0,0.0,0.0,4.0,2.0,1.13,0.0,0.0,0.0
JEC-J15,90.2,1.0,5.0,1.0,0.0,0.0,0.0,0.0,3.0,2.0,1.13,0.0,0.0,0.0
JEC-J15,91.3,1.0,5.0,0.0,0.0,0.0,0.0,0.0,3.0,2.0,1.13,0.0,0.0,0.0
JEC-J15,92.4,1.0,5.0,0.0,0.0,0.0,0.0,0.0,3.0,2.0,1.13,0.0,0.0,0.0
JEC-J15,93.5,0.0,5.0,0.0,0.0,0.0,0.0,0.0,3.0,1.0,1.13,0.0,0.0,1.0
JEC-J15,94.6,0.0,5.0,1.0,0.0,0.0,0.0,0.0,3.0,1.0,1.13,0.0,0.0,1.0
JEC-J15,95.7,0.0,5.0,1.0,0.0,0.0,0.0,0.0,3.0,1.0,1.0,0.0,0.0,2.0
JEC-J15,96.8,0.0,5.0,1.0,0.0,0.0,0.0,0.0,3.0,1.0,1.0,0.0,0.0,0.0
JEC-J15,97.9,0.0,5.0,1.0,0.0,0.0,0.0,0.0,3.0,1.0,1.0,0.0,0.0,0.0
JEC-J15,99.0,0.0,5.0,0.0,0.0,0.0,0.0,0.0,3.0,1.0,1.0,0.0,0.0,0.0
JEC-J15,100.1,0.0,5.0,0.0,0.0,0.0,0.0,0.0,3.0,1.0,1.06,0.0,0.0,0.0
JEC-J15,101.2,0.0,5.0,0.0,0.0,0.0,0.0,0.0,3.0,0.0,1.06,0.0,0.0,0.0
JEC-J15,102.3,0.0,5.0,0.0,0.0,0.0,0.0,0.0,3.0,0.0,1.06,0.0,0.0,0.0
JEC-J15,103.4,0.0,5.0,0.0,0.0,0.0,0.0,0.0,3.0,0.0,1.06,0.0,0.0,0.0
JEC-J15,104.5,0.0,5.0,0.0,0.0,0.0,0.0,0.0,3.0,0.0,1.06,0.0,0.0,0.0
JEC-J15,105.6,0.0,5.0,0.0,0.0,0.0,0.0,0.0,3.0,0.0,1.06,0.0,0.0,0.0
JEC-J15,106.7,0.0,5.0,0.0,0.0,0.0,0.0,0.0,3.0,0.0,1.06,0.0,0.0,0.0
JEC-J15,107.8,0.0,5.0,0.0,0.0,0.0,1.0,0.0,3.0,0.0,1.06,0.0,0.0,0.0
JEC-J15,108.9,0.0,5.0,0.0,0.0,0.0,1.0,0.0,3.0,0.0,1.06,0.0,0.0,0.0
JEC-J15,110.0,0.0,5.0,0.0,0.0,0.0,1.0,0.0,2.0,0.0,1.06,0.0,0.0,0.0
JEC-J15,111.1,0.0,5.0,0.0,0.0,0.0,1.0,0.0,2.0,0.0,1.06,0.0,0.0,0.0
JEC-J15,112.2,0.0,5.0,0.0,0.0,0.0,1.0,0.0,2.0,0.0,1.06,0.0,0.0,0.0
JEC-J15,113.3,0.0,5.0,0.0,0.0,0.0,1.0,0.0,2.0,0.0,1.06,0.0,0.0,0.0
JEC-J15,114.4,1.0,5.0,0.0,0.0,0.0,1.0,0.0,2.0,0.0,1.06,0.0,0.0,0.0
JEC-J15,115.5,1.0,5.0,0.0,0.0,0.0,1.0,0.0,3.0,0.0,1.06,0.0,0.0,0.0
JEC-J15,116.6,0.0,5.0,0.0,0.0,0.0,1.0,0.0,3.0,0.0,1.06,0.0,0.0,0.0
JEC-J15,117.7,0.0,5.0,0.0,0.0,0.0,0.0,0.0,3.0,1.0,1.06,0.0,0.0,1.0
JEC-J15,118.8,0.0,5.0,0.0,0.0,0.0,0.0,0.0,3.0,1.0,1.06,0.0,0.0,2.0
JEC-J15,119.9,0.0,5.0,1.0,0.0,0.0,0.0,0.0,3.0,1.0,1.06,0.0,0.0,2.0
JEC-J15,121.0,0.0,5.0,1.0,0.0,0.0,0.0,0.0,3.0,0.0,1.06,0.0,0.0,0.0
JEC-J15,122.1,0.0,5.0,0.0,0.0,0.0,0.0,0.0,3.0,1.0,1.06,0.0,0.0,0.0
JEC-J15,123.2,0.0,5.0,0.0,0.0,0.0,0.0,0.0,3.0,1.0,1.06,0.0,0.0,0.0
JEC-J15,124.3,0.0,5.0,0.0,0.0,0.0,0.0,0.0,3.0,1.0,1.06,0.0,0.0,0.0
JEC-J15,125.4,0.0,5.0,0.0,0.0,0.0,0.0,0.0,3.0,1.0,1.06,0.0,0.0,0.0
JEC-J15,126.5,0.0,5.0,0.0,0.0,0.0,0.0,0.0,3.0,1.0,1.06,0.0,0.0,0.0
JEC-J15,127.6,0.0,5.0,0.0,0.0,0.0,0.0,0.0,3.0,1.0,1.06,0.0,0.0,0.0
JEC-J15,128.7,0.0,5.0,0.0,0.0,0.0,0.0,0.0,3.0,0.0,1.06,0.0,0.0,0.0
JEC-J15,129.8,0.0,5.0,0.0,0.0,0.0,0.0,0.0,3.0,0.0,1.06,0.0,0.0,0.0
JEC-J15,130.9,0.0,5.0,0.0,0.0,0.0,0.0,0.0,3.0,0.0,1.06,0.0,0.0,0.0
JEC-J15,132.0,0.0,5.0,0.0,0.0,0.0,0.0,0.0,3.0,0.0,1.06,0.0,0.0,0.0
JEC-J15,133.1,0.0,5.0,0.0,0.0,0.0,0.0,0.0,3.0,0.0,1.06,0.0,0.0,0.0
JEC-J15,134.2,0.0,5.0,0.0,0.0,0.0,0.0,0.0,3.0,0.0,1.06,0.0,0.0,0.0
JEC-J15,135.3,0.0,5.0,0.0,0.0,0.0,0.0,0.0,3.0,0.0,1.06,0.0,0.0,0.0
JEC-J15,136.4,0.0,5.0,0.0,0.0,0.0,0.0,0.0,2.0,0.0,1.06,0.0,0.0,0.0
JEC-J15,137.5,0.0,5.0,0.0,0.0,0.0,0.0,0.0,2.0,0.0,1.06,0.0,0.0,0.0
JEC-J15,138.6,0.0,5.0,0.0,0.0,0.0,0.0,0.0,2.0,0.0,1.06,0.0,0.0,0.0
JEC-J15,139.7,0.0,5.0,0.0,0.0,0.0,0.0,0.0,2.0,0.0,1.06,0.0,0.0,0.0
JEC-J15,140.8,0.0,5.0,0.0,0.0,0.0,0.0,0.0,2.0,0.0,1.06,0.0,0.0,0.0
JEC-J15,141.9,0.0,5.0,0.0,0.0,0.0,0.0,0.0,2.0,0.0,1.06,0.0,0.0,0.0
JEC-J15,143.0,0.0,5.0,0.0,0.0,0.0,0.0,0.0,2.0,0.0,1.06,0.0,0.0,0.0
JEC-J15,144.1,0.0,5.0,0.0,0.0,0.0,0.0,0.0,1.0,0.0,1.06,0.0,0.0,0.0
JEC-J15,145.2,0.0,5.0,0.0,0.0,0.0,0.0,0.0,1.0,0.0,1.06,0.0,0.0,0.0
JEC-J15,146.3,0.0,5.0,0.0,0.0,0.0,0.0,0.0,1.0,0.0,1.06,0.0,0.0,0.0
JEC-J15,147.4,0.0,5.0,0.0,0.0,0.0,0.0,0.0,1.0,0.0,1.06,0.0,0.0,0.0
JEC-J15,148.5,0.0,5.0,0.0,0.0,0.0,0.0,0.0,1.0,0.0,1.06,0.0,0.0,0.0
JEC-J15,149.6,0.0,5.0,0.0,0.0,0.0,0.0,0.0,1.0,0.0,1.06,0.0,0.0,0.0
JEC-J15,150.7,0.0,5.0,0.0,0.0,0.0,0.0,0.0,1.0,0.0,1.06,0.0,0.0,0.0
JEC-J15,151.8,0.0,5.0,0.0,0.0,0.0,0.0,0.0,1.0,0.0,1.06,0.0,0.0,0.0
JEC-J15,152.9,0.0,5.0,0.0,0.0,0.0,0.0,0.0,1.0,0.0,1.06,0.0,0.0,0.0
JEC-J15,154.0,0.0,5.0,0.0,0.0,0.0,0.0,0.0,1.0,0.0,1.06,0.0,0.0,0.0
JEC-J15,155.1,0.0,5.0,0.0,0.0,0.0,0.0,0.0,1.0,0.0,1.06,0.0,0.0,0.0
JEC-J15,156.2,0.0,5.0,0.0,0.0,0.0,0.0,0.0,1.0,0.0,1.06,0.0,0.0,0.0
JEC-J15,157.3,0.0,5.0,0.0,0.0,0.0,0.0,0.0,1.0,0.0,1.06,0.0,0.0,0.0
JEC-J15,158.4,0.0,5.0,0.0,0.0,0.0,0.0,0.0,1.0,0.0,1.06,0.0,0.0,0.0
JEC-J15,159.5,0.0,5.0,0.0,0.0,0.0,0.0,0.0,1.0,0.0,1.06,0.0,0.0,0.0
JEC-J15,160.6,0.0,5.0,0.0,0.0,0.0,0.0,0.0,1.0,0.0,1.0,0.0,0.0,0.0
JEC-J15,161.7,0.0,5.0,0.0,0.0,0.0,0.0,0.0,1.0,0.0,1.0,0.0,0.0,0.0
JEC-J15,162.8,0.0,5.0,0.0,0.0,0.0,0.0,0.0,1.0,0.0,1.0,0.0,0.0,0.0
JEC-J15,163.9,0.0,5.0,0.0,0.0,0.0,0.0,0.0,1.0,0.0,1.0,0.0,0.0,0.0
JEC-J15,165.0,0.0,5.0,0.0,0.0,0.0,0.0,0.0,2.0,0.0,1.0,0.0,0.0,0.0
JEC-J15,166.1,0.0,5.0,0.0,0.0,0.0,0.0,0.0,2.0,0.0,1.0,0.0,0.0,0.0
JEC-J15,167.2,0.0,5.0,0.0,0.0,0.0,0.0,0.0,2.0,0.0,1.0,0.0,0.0,0.0
JEC-J15,168.3,0.0,5.0,0.0,0.0,0.0,0.0,0.0,2.0,0.0,1.0,0.0,0.0,0.0
JEC-J15,169.4,0.0,5.0,0.0,0.0,0.0,0.0,0.0,2.0,0.0,1.0,0.0,0.0,0.0
JEC-J15,170.5,0.0,5.0,0.0,0.0,0.0,1.0,0.0,2.0,0.0,1.0,0.0,0.0,0.0
JEC-J15,171.6,0.0,5.0,0.0,0.0,0.0,1.0,0.0,2.0,0.0,1.0,0.0,0.0,0.0
JEC-J15,172.7,0.0,5.0,0.0,0.0,0.0,1.0,0.0,2.0,0.0,1.0,0.0,0.0,0.0
JEC-J15,173.8,0.0,5.0,0.0,0.0,0.0,1.0,0.0,2.0,0.0,1.0,0.0,0.0,0.0
JEC-J15,174.9,0.0,5.0,0.0,0.0,0.0,1.0,0.0,2.0,0.0,1.0,0.0,0.0,0.0
JEC-J15,176.0,0.0,5.0,0.0,0.0,0.0,1.0,0.0,2.0,0.0,1.0,0.0,0.0,0.0
JEC-J15,177.1,0.0,5.0,0.0,0.0,0.0,1.0,0.0,2.0,0.0,1.0,0.0,0.0,0.0
JEC-J15,178.2,0.0,5.0,0.0,0.0,0.0,1.0,0.0,2.0,0.0,1.0,0.0,0.0,0.0
JEC-J15,179.3,1.0,5.0,0.0,0.0,0.0,0.0,0.0,2.0,1.0,1.0,0.0,0.0,0.0
JEC-J15,180.4,1.0,5.0,0.0,0.0,0.0,0.0,0.0,2.0,1.0,1.0,0.0,0.0,0.0
JEC-J15,181.5,1.0,5.0,0.0,0.0,0.0,0.0,0.0,2.0,1.0,1.0,0.0,0.0,0.0
JEC-J15,182.6,0.0,5.0,0.0,0.0,0.0,0.0,0.0,2.0,1.0,1.0,0.0,0.0,1.0
JEC-J15,183.7,0.0,5.0,0.0,0.0,0.0,0.0,0.0,2.0,1.0,1.0,0.0,0.0,1.0
JEC-J15,184.8,0.0,5.0,1.0,0.0,0.0,0.0,0.0,2.0,1.0,1.0,0.0,0.0,2.0
JEC-J15,185.9,0.0,5.0,1.0,0.0,0.0,0.0,0.0,2.0,1.0,1.0,0.0,0.0,0.0
JEC-J15,187.0,0.0,5.0,1.0,0.0,0.0,0.0,0.0,2.0,1.0,1.0,0.0,0.0,0.0
JEC-J15,188.1,0.0,5.0,0.0,0.0,0.0,0.0,0.0,2.0,1.0,1.0,0.0,0.0,0.0
JEC-J15,189.2,0.0,5.0,0.0,0.0,0.0,0.0,0.0,3.0,1.0,1.0,0.0,0.0,0.0
JEC-J15,190.3,0.0,5.0,0.0,0.0,0.0,0.0,0.0,3.0,0.0,1.0,0.0,0.0,0.0
JEC-J15,191.4,0.0,5.0,0.0,0.0,0.0,0.0,0.0,3.0,0.0,1.0,0.0,0.0,0.0
JEC-J15,192.5,0.0,5.0,0.0,0.0,0.0,0.0,0.0,3.0,0.0,1.0,0.0,0.0,0.0
JEC-J15,193.6,0.0,5.0,0.0,0.0,0.0,0.0,0.0,3.0,0.0,1.0,0.0,0.0,0.0
JEC-J22,1.1,0.0,5.0,0.0,0.0,0.0,0.0,0.0,4.0,0.0,1.13,0.0,0.0,0.0
JEC-J22,2.2,0.0,5.0,0.0,0.0,0.0,0.0,0.0,4.0,0.0,1.13,0.0,0.0,0.0
JEC-J22,3.3,0.0,5.0,0.0,0.0,0.0,0.0,0.0,4.0,0.0,1.13,0.0,0.0,0.0
JEC-J22,4.4,0.0,5.0,0.0,0.0,0.0,0.0,0.0,4.0,0.0,1.13,0.0,0.0,0.0
JEC-J22,5.5,0.0,5.0,0.0,0.0,0.0,0.0,0.0,4.0,0.0,1.13,0.0,0.0,0.0
JEC-J22,6.6,0.0,5.0,0.0,0.0,0.0,0.0,0.0,4.0,0.0,1.13,0.0,0.0,0.0
JEC-J22,7.7,0.0,5.0,0.0,0.0,0.0,0.0,0.0,4.0,0.0,1.13,0.0,0.0,0.0
JEC-J22,8.8,0.0,5.0,0.0,0.0,0.0,0.0,0.0,4.0,0.0,1.13,0.0,0.0,0.0
JEC-J22,9.9,0.0,5.0,0.0,0.0,0.0,0.0,0.0,4.0,0.0,1.13,0.0,0.0,0.0
JEC-J22,11.0,0.0,5.0,0.0,0.0,0.0,0.0,0.0,4.0,0.0,1.13,0.0,0.0,0.0
JEC-J22,12.1,0.0,5.0,0.0,0.0,0.0,0.0,0.0,4.0,0.0,1.13,0.0,0.0,0.0
JEC-J22,13.2,0.0,5.0,0.0,0.0,0.0,0.0,0.0,4.0,0.0,1.13,0.0,0.0,0.0
JEC-J22,14.3,0.0,5.0,0.0,0.0,0.0,0.0,0.0,4.0,0.0,1.13,0.0,0.0,0.0
JEC-J22,15.4,0.0,5.0,0.0,0.0,0.0,0.0,0.0,4.0,0.0,1.13,0.0,0.0,0.0
JEC-J22,16.5,0.0,5.0,0.0,0.0,0.0,0.0,0.0,4.0,0.0,1.13,0.0,0.0,0.0
JEC-J22,17.6,0.0,5.0,0.0,0.0,0.0,0.0,0.0,4.0,0.0,1.13,0.0,0.0,0.0
JEC-J22,18.7,0.0,5.0,0.0,0.0,0.0,0.0,0.0,4.0,0.0,1.13,0.0,0.0,0.0
JEC-J22,19.8,0.0,5.0,0.0,0.0,0.0,0.0,0.0,4.0,0.0,1.13,0.0,0.0,0.0
JEC-J22,20.9,0.0,5.0,0.0,0.0,0.0,0.0,0.0,4.0,0.0,1.13,0.0,0.0,0.0
JEC-J22,22.0,0.0,5.0,0.0,0.0,0.0,0.0,0.0,4.0,0.0,1.13,0.0,0.0,0.0
JEC-J22,23.1,0.0,5.0,0.0,0.0,0.0,0.0,0.0,4.0,0.0,1.13,0.0,0.0,0.0
JEC-J22,24.2,0.0,5.0,0.0,0.0,0.0,0.0,0.0,4.0,0.0,1.13,0.0,0.0,0.0
JEC-J22,25.3,0.0,5.0,0.0,0.0,0.0,0.0,0.0,4.0,0.0,1.13,0.0,0.0,0.0
JEC-J22,26.4,0.0,5.0,0.0,0.0,0.0,0.0,0.0,4.0,0.0,1.13,0.0,0.0,0.0
JEC-J22,27.5,0.0,5.0,0.0,0.0,0.0,0.0,0.0,4.0,0.0,1.13,0.0,0.0,0.0
JEC-J22,28.6,0.0,5.0,0.0,0.0,0.0,0.0,0.0,4.0,0.0,1.13,0.0,0.0,0.0
JEC-J22,29.7,0.0,5.0,0.0,0.0,0.0,0.0,0.0,4.0,0.0,1.13,0.0,0.0,0.0
JEC-J22,30.8,0.0,5.0,0.0,0.0,0.0,0.0,0.0,4.0,0.0,1.13,0.0,0.0,0.0
JEC-J22,31.9,0.0,5.0,0.0,0.0,0.0,0.0,0.0,4.0,0.0,1.13,0.0,0.0,0.0
JEC-J22,33.0,0.0,5.0,0.0,0.0,0.0,0.0,0.0,4.0,0.0,1.13,0.0,0.0,0.0
JEC-J22,34.1,0.0,5.0,0.0,0.0,0.0,0.0,0.0,4.0,0.0,1.13,0.0,0.0,0.0
JEC-J22,35.2,0.0,5.0,0.0,0.0,0.0,0.0,0.0,4.0,0.0,1.13,0.0,0.0,0.0
JEC-J22,36.3,0.0,5.0,0.0,0.0,0.0,0.0,0.0,4.0,0.0,1.13,0.0,0.0,0.0
JEC-J22,37.4,0.0,5.0,0.0,0.0,0.0,0.0,0.0,4.0,0.0,1.13,0.0,0.0,0.0
JEC-J22,38.5,0.0,5.0,0.0,0.0,0.0,0.0,0.0,4.0,0.0,1.13,0.0,0.0,0.0
JEC-J22,39.6,0.0,5.0,0.0,0.0,0.0,0.0,0.0,4.0,0.0,1.13,0.0,0.0,0.0
JEC-J22,40.7,0.0,5.0,0.0,0.0,0.0,0.0,0.0,4.0,0.0,1.03,0.0,0.0,0.0
JEC-J22,41.8,0.0,5.0,0.0,0.0,0.0,0.0,0.0,4.0,0.0,1.03,0.0,0.0,0.0
JEC-J22,42.9,0.0,5.0,0.0,0.0,0.0,0.0,0.0,4.0,0.0,1.03,0.0,0.0,0.0
JEC-J22,44.0,0.0,5.0,0.0,0.0,0.0,0.0,0.0,4.0,0.0,1.03,0.0,0.0,0.0
JEC-J22,45.1,0.0,5.0,0.0,0.0,0.0,0.0,0.0,4.0,0.0,1.03,0.0,0.0,0.0
JEC-J22,46.2,0.0,5.0,0.0,0.0,0.0,0.0,0.0,4.0,0.0,1.03,0.0,0.0,0.0
JEC-J22,47.3,0.0,5.0,0.0,0.0,0.0,0.0,0.0,4.0,0.0,1.03,0.0,0.0,0.0
JEC-J22,48.4,0.0,5.0,0.0,0.0,0.0,0.0,0.0,4.0,0.0,1.03,0.0,0.0,0.0
JEC-J22,49.5,0.0,5.0,0.0,0.0,0.0,0.0,0.0,4.0,0.0,1.03,0.0,0.0,0.0
JEC-J22,50.6,0.0,5.0,0.0,0.0,0.0,0.0,0.0,4.0,0.0,1.03,0.0,0.0,0.0
JEC-J22,51.7,0.0,5.0,0.0,0.0,0.0,0.0,0.0,4.0,0.0,1.03,0.0,0.0,0.0
JEC-J22,52.8,0.0,5.0,0.0,0.0,0.0,0.0,0.0,4.0,0.0,1.03,0.0,0.0,0.0
JEC-J22,53.9,0.0,5.0,0.0,0.0,0.0,0.0,0.0,4.0,0.0,1.03,0.0,0.0,0.0
JEC-J22,55.0,0.0,5.0,0.0,0.0,0.0,0.0,0.0,4.0,0.0,1.03,0.0,0.0,0.0
JEC-J22,56.1,0.0,5.0,0.0,0.0,0.0,0.0,0.0,4.0,0.0,1.13,0.0,0.0,0.0
JEC-J22,57.2,0.0,5.0,0.0,0.0,0.0,0.0,0.0,4.0,0.0,1.13,0.0,0.0,0.0
JEC-J22,58.3,0.0,5.0,0.0,0.0,0.0,0.0,0.0,4.0,0.0,1.13,0.0,0.0,0.0
JEC-J22,59.4,0.0,5.0,0.0,0.0,0.0,0.0,0.0,4.0,0.0,1.13,0.0,0.0,0.0
JEC-J22,60.5,0.0,5.0,0.0,0.0,0.0,0.0,0.0,3.0,0.0,1.13,0.0,0.0,0.0
JEC-J22,61.6,0.0,5.0,0.0,0.0,0.0,0.0,0.0,3.0,0.0,1.13,0.0,0.0,0.0
JEC-J22,62.7,0.0,5.0,0.0,0.0,0.0,0.0,0.0,3.0,0.0,1.13,0.0,0.0,0.0
JEC-J22,63.8,0.0,5.0,0.0,0.0,0.0,0.0,0.0,3.0,0.0,1.13,0.0,0.0,0.0
JEC-J22,64.9,0.0,5.0,0.0,0.0,0.0,0.0,0.0,3.0,0.0,1.13,0.0,0.0,0.0
JEC-J22,66.0,0.0,5.0,0.0,0.0,0.0,0.0,0.0,3.0,0.0,1.13,0.0,0.0,0.0
JEC-J22,67.1,0.0,5.0,0.0,0.0,0.0,0.0,0.0,3.0,0.0,1.13,0.0,0.0,0.0
JEC-J22,68.2,0.0,5.0,0.0,0.0,0.0,0.0,0.0,3.0,0.0,1.13,0.0,0.0,0.0
JEC-J22,69.3,0.0,5.0,0.0,0.0,0.0,0.0,0.0,3.0,0.0,1.13,0.0,0.0,0.0
JEC-J22,70.4,0.0,5.0,0.0,0.0,0.0,0.0,0.0,3.0,0.0,1.13,0.0,0.0,0.0
JEC-J22,71.5,0.0,5.0,0.0,0.0,0.0,0.0,0.0,3.0,0.0,1.13,0.0,0.0,0.0
JEC-J22,72.6,0.0,5.0,0.0,0.0,0.0,0.0,0.0,3.0,0.0,1.13,0.0,0.0,0.0
JEC-J22,73.7,0.0,5.0,0.0,0.0,0.0,0.0,0.0,3.0,0.0,1.13,0.0,0.0,0.0
JEC-J22,74.8,0.0,5.0,0.0,0.0,0.0,0.0,0.0,3.0,0.0,1.13,0.0,0.0,0.0
JEC-J22,75.9,0.0,5.0,0.0,0.0,0.0,0.0,0.0,3.0,0.0,1.13,0.0,0.0,0.0
JEC-J22,77.0,0.0,5.0,0.0,0.0,0.0,0.0,0.0,3.0,0.0,1.13,0.0,0.0,0.0
JEC-J22,78.1,0.0,5.0,0.0,0.0,0.0,0.0,0.0,3.0,0.0,1.13,0.0,0.0,0.0
JEC-J22,79.2,0.0,5.0,0.0,0.0,0.0,0.0,0.0,3.0,0.0,1.13,0.0,0.0,0.0
JEC-J22,80.3,0.0,5.0,0.0,0.0,0.0,0.0,0.0,2.0,0.0,1.13,0.0,0.0,0.0
JEC-J22,81.4,0.0,5.0,0.0,0.0,0.0,0.0,0.0,2.0,0.0,1.13,0.0,0.0,0.0
JEC-J22,82.5,0.0,5.0,0.0,0.0,0.0,0.0,0.0,2.0,0.0,1.13,0.0,0.0,0.0
JEC-J22,83.6,0.0,5.0,0.0,0.0,0.0,0.0,0.0,2.0,0.0,1.13,0.0,0.0,0.0
JEC-J22,84.7,0.0,5.0,0.0,0.0,0.0,0.0,0.0,1.0,0.0,1.13,0.0,0.0,0.0
JEC-J22,85.8,0.0,5.0,0.0,0.0,0.0,0.0,0.0,1.0,0.0,1.13,0.0,0.0,0.0
JEC-J22,86.9,0.0,5.0,0.0,0.0,0.0,0.0,0.0,1.0,0.0,1.13,0.0,0.0,0.0
JEC-J22,88.0,0.0,5.0,0.0,0.0,0.0,0.0,0.0,1.0,0.0,1.13,0.0,0.0,0.0
JEC-J22,89.1,0.0,5.0,0.0,0.0,0.0,0.0,0.0,1.0,0.0,1.13,0.0,0.0,0.0
JEC-J22,90.2,0.0,5.0,0.0,0.0,0.0,0.0,0.0,1.0,0.0,1.13,0.0,0.0,0.0
JEC-J22,91.3,0.0,5.0,0.0,0.0,0.0,0.0,0.0,1.0,0.0,1.13,0.0,0.0,0.0
JEC-J22,92.4,0.0,5.0,0.0,0.0,0.0,0.0,0.0,0.0,0.0,1.13,0.0,0.0,0.0
JEC-J22,93.5,0.0,5.0,0.0,0.0,0.0,0.0,0.0,0.0,0.0,1.13,0.0,0.0,0.0
JEC-J22,94.6,0.0,5.0,0.0,0.0,0.0,0.0,0.0,0.0,0.0,1.13,0.0,0.0,0.0
JEC-J22,95.7,0.0,5.0,0.0,0.0,0.0,0.0,0.0,0.0,0.0,1.0,0.0,0.0,0.0
JEC-J22,96.8,0.0,5.0,0.0,0.0,0.0,0.0,0.0,0.0,0.0,1.0,0.0,0.0,0.0
JEC-J22,97.9,0.0,5.0,0.0,0.0,0.0,0.0,0.0,0.0,0.0,1.0,0.0,0.0,0.0
JEC-J22,99.0,0.0,5.0,0.0,0.0,0.0,0.0,0.0,0.0,0.0,1.0,0.0,0.0,0.0
JEC-J22,100.1,0.0,5.0,0.0,0.0,0.0,0.0,0.0,0.0,0.0,1.06,0.0,0.0,0.0
JEC-J22,101.2,0.0,5.0,0.0,0.0,0.0,0.0,0.0,0.0,0.0,1.06,0.0,0.0,0.0
JEC-J22,102.3,0.0,5.0,0.0,0.0,0.0,0.0,0.0,0.0,0.0,1.06,0.0,0.0,0.0
JEC-J22,103.4,0.0,5.0,0.0,0.0,0.0,0.0,0.0,0.0,0.0,1.06,0.0,0.0,0.0
JEC-J22,104.5,0.0,5.0,0.0,0.0,0.0,0.0,0.0,0.0,0.0,1.06,0.0,0.0,0.0
JEC-J22,105.6,0.0,5.0,0.0,0.0,0.0,0.0,0.0,0.0,0.0,1.06,0.0,0.0,0.0
JEC-J22,106.7,0.0,5.0,0.0,0.0,0.0,0.0,0.0,0.0,0.0,1.06,0.0,0.0,0.0
JEC-J22,107.8,0.0,5.0,0.0,0.0,0.0,0.0,0.0,0.0,0.0,1.06,0.0,0.0,0.0
JEC-J22,108.9,0.0,5.0,0.0,0.0,0.0,0.0,0.0,0.0,0.0,1.06,0.0,0.0,0.0
JEC-J22,110.0,0.0,5.0,0.0,0.0,0.0,0.0,0.0,0.0,0.0,1.06,0.0,0.0,0.0
JEC-J22,111.1,0.0,5.0,0.0,0.0,0.0,0.0,0.0,0.0,0.0,1.06,0.0,0.0,0.0
JEC-J22,112.2,0.0,5.0,0.0,0.0,0.0,0.0,0.0,0.0,0.0,1.06,0.0,0.0,0.0
JEC-J22,113.3,0.0,5.0,0.0,0.0,0.0,0.0,0.0,0.0,0.0,1.06,0.0,0.0,0.0
JEC-J22,114.4,0.0,5.0,0.0,0.0,0.0,0.0,0.0,0.0,0.0,1.06,0.0,0.0,0.0
JEC-J22,115.5,0.0,5.0,0.0,0.0,0.0,0.0,0.0,0.0,0.0,1.06,0.0,0.0,0.0
JEC-J22,116.6,0.0,5.0,0.0,0.0,0.0,0.0,0.0,0.0,0.0,1.06,0.0,0.0,0.0
JEC-J22,117.7,0.0,5.0,0.0,0.0,0.0,0.0,0.0,1.0,0.0,1.06,0.0,0.0,0.0
JEC-J22,118.8,0.0,5.0,0.0,0.0,0.0,0.0,0.0,1.0,0.0,1.06,0.0,0.0,0.0
JEC-J22,119.9,0.0,5.0,0.0,0.0,0.0,0.0,0.0,1.0,0.0,1.06,0.0,0.0,0.0
JEC-J22,121.0,0.0,5.0,0.0,0.0,0.0,0.0,0.0,1.0,0.0,1.06,0.0,0.0,0.0
JEC-J22,122.1,0.0,5.0,0.0,0.0,0.0,0.0,0.0,1.0,0.0,1.06,0.0,0.0,0.0
JEC-J22,123.2,0.0,5.0,0.0,0.0,0.0,0.0,0.0,1.0,0.0,1.06,0.0,0.0,0.0
JEC-J22,124.3,0.0,5.0,0.0,0.0,0.0,1.0,0.0,1.0,0.0,1.06,0.0,0.0,0.0
JEC-J22,125.4,0.0,5.0,0.0,0.0,0.0,1.0,0.0,1.0,0.0,1.06,0.0,0.0,0.0
JEC-J22,126.5,0.0,5.0,0.0,0.0,0.0,1.0,0.0,2.0,0.0,1.06,0.0,0.0,0.0
JEC-J22,127.6,0.0,5.0,0.0,0.0,0.0,1.0,0.0,2.0,0.0,1.06,0.0,0.0,0.0
JEC-J22,128.7,0.0,5.0,0.0,0.0,0.0,1.0,0.0,2.0,0.0,1.06,0.0,0.0,0.0
JEC-J22,129.8,0.0,5.0,0.0,0.0,0.0,1.0,0.0,2.0,0.0,1.06,0.0,0.0,0.0
JEC-J22,130.9,1.0,5.0,0.0,0.0,0.0,1.0,0.0,2.0,0.0,1.06,0.0,0.0,0.0
JEC-J22,132.0,1.0,5.0,0.0,0.0,0.0,1.0,0.0,2.0,1.0,1.06,0.0,0.0,0.0
JEC-J22,133.1,0.0,5.0,0.0,0.0,0.0,1.0,0.0,2.0,1.0,1.06,0.0,0.0,0.0
JEC-J22,134.2,0.0,5.0,0.0,0.0,0.0,1.0,0.0,2.0,1.0,1.06,0.0,0.0,1.0
JEC-J22,135.3,0.0,5.0,0.0,0.0,0.0,1.0,0.0,2.0,1.0,1.06,0.0,0.0,1.0
JEC-J22,136.4,0.0,5.0,1.0,0.0,0.0,1.0,0.0,2.0,1.0,1.06,0.0,0.0,2.0
JEC-J22,137.5,0.0,5.0,1.0,0.0,0.0,1.0,0.0,2.0,1.0,1.06,0.0,0.0,0.0
JEC-J22,138.6,1.0,5.0,0.0,0.0,0.0,1.0,0.0,2.0,1.0,1.06,0.0,0.0,0.0
JEC-J22,139.7,1.0,5.0,0.0,0.0,0.0,1.0,0.0,2.0,1.0,1.06,0.0,0.0,0.0
JEC-J22,140.8,1.0,5.0,0.0,0.0,0.0,0.0,0.0,2.0,2.0,1.06,0.0,0.0,0.0
JEC-J22,141.9,0.0,5.0,0.0,0.0,0.0,0.0,0.0,2.0,2.0,1.06,0.0,0.0,1.0
JEC-J22,143.0,0.0,5.0,0.0,0.0,0.0,0.0,0.0,2.0,2.0,1.06,0.0,0.0,1.0
JEC-J22,144.1,1.0,5.0,1.0,0.0,0.0,0.0,1.0,2.0,2.0,1.06,0.0,0.0,2.0
JEC-J22,145.2,1.0,5.0,1.0,0.0,0.0,0.0,2.0,2.0,2.0,1.06,0.0,0.0,2.0
JEC-J22,146.3,1.0,5.0,1.0,0.0,0.0,0.0,2.0,2.0,2.0,1.06,0.0,0.0,1.0
JEC-J22,147.4,0.0,5.0,0.0,0.0,0.0,0.0,2.0,2.0,2.0,1.06,0.0,0.0,2.0
JEC-J22,148.5,0.0,5.0,0.0,0.0,0.0,0.0,2.0,2.0,2.0,1.06,0.0,0.0,3.0
JEC-J22,149.6,0.0,5.0,1.0,0.0,0.0,0.0,1.0,2.0,2.0,1.06,0.0,0.0,4.0
JEC-J22,150.7,0.0,5.0,1.0,0.0,0.0,0.0,0.0,2.0,2.0,1.06,0.0,0.0,4.0
JEC-J22,151.8,0.0,5.0,1.0,0.0,0.0,0.0,0.0,2.0,2.0,1.06,0.0,0.0,0.0
JEC-J22,152.9,0.0,5.0,0.0,0.0,0.0,0.0,0.0,2.0,2.0,1.06,0.0,0.0,0.0
JEC-J22,154.0,1.0,5.0,0.0,0.0,0.0,0.0,0.0,2.0,2.0,1.06,0.0,0.0,1.0
JEC-J22,155.1,1.0,5.0,0.0,0.0,0.0,0.0,0.0,2.0,2.0,1.06,0.0,0.0,1.0
JEC-J22,156.2,1.0,5.0,0.0,0.0,0.0,0.0,0.0,2.0,2.0,1.06,0.0,0.0,1.0
JEC-J22,157.3,0.0,5.0,0.0,0.0,0.0,0.0,0.0,2.0,2.0,1.06,0.0,0.0,2.0
JEC-J22,158.4,0.0,5.0,0.0,0.0,0.0,0.0,0.0,2.0,2.0,1.06,0.0,0.0,2.0
JEC-J22,159.5,0.0,5.0,1.0,0.0,0.0,0.0,0.0,2.0,2.0,1.06,0.0,0.0,2.0
JEC-J22,160.6,0.0,5.0,1.0,0.0,0.0,0.0,0.0,2.0,2.0,1.0,0.0,0.0,3.0
JEC-J22,161.7,0.0,5.0,1.0,0.0,0.0,0.0,0.0,2.0,2.0,1.0,0.0,0.0,0.0
JEC-J22,162.8,0.0,5.0,0.0,0.0,0.0,0.0,0.0,2.0,1.0,1.0,0.0,0.0,0.0
JEC-J22,163.9,0.0,5.0,0.0,0.0,0.0,0.0,0.0,2.0,1.0,1.0,0.0,0.0,0.0
JEC-J22,165.0,0.0,5.0,0.0,0.0,0.0,0.0,0.0,2.0,1.0,1.0,0.0,0.0,0.0
JEC-J22,166.1,0.0,5.0,0.0,0.0,0.0,0.0,0.0,2.0,1.0,1.0,0.0,0.0,0.0
JEC-J22,167.2,0.0,5.0,0.0,0.0,0.0,0.0,0.0,2.0,0.0,1.0,0.0,0.0,0.0
JEC-J22,168.3,0.0,5.0,0.0,0.0,0.0,0.0,0.0,2.0,0.0,1.0,0.0,0.0,0.0
JEC-J22,169.4,0.0,5.0,0.0,0.0,0.0,0.0,0.0,2.0,0.0,1.0,0.0,0.0,0.0
JEC-J22,170.5,0.0,5.0,0.0,0.0,0.0,0.0,0.0,2.0,0.0,1.0,0.0,0.0,0.0
JEC-J22,171.6,0.0,5.0,0.0,0.0,0.0,0.0,0.0,2.0,0.0,1.0,0.0,0.0,0.0
JEC-J22,172.7,0.0,5.0,0.0,0.0,0.0,0.0,0.0,2.0,0.0,1.0,0.0,0.0,0.0
JEC-J22,173.8,0.0,5.0,0.0,0.0,0.0,0.0,0.0,2.0,0.0,1.0,0.0,0.0,0.0
JEC-J22,174.9,0.0,5.0,0.0,0.0,0.0,0.0,0.0,2.0,0.0,1.0,0.0,0.0,0.0
JEC-J22,176.0,0.0,5.0,0.0,0.0,0.0,0.0,0.0,2.0,0.0,1.0,0.0,0.0,0.0
JEC-J22,177.1,0.0,5.0,0.0,0.0,0.0,0.0,0.0,2.0,0.0,1.0,0.0,0.0,0.0
JEC-J22,178.2,0.0,5.0,0.0,0.0,0.0,0.0,0.0,1.0,0.0,1.0,0.0,0.0,0.0
JEC-J22,179.3,0.0,5.0,0.0,0.0,0.0,0.0,0.0,1.0,0.0,1.0,0.0,0.0,0.0
JEC-J22,180.4,0.0,5.0,0.0,0.0,0.0,0.0,0.0,0.0,0.0,1.0,0.0,0.0,0.0
JEC-J22,181.5,0.0,5.0,0.0,0.0,0.0,0.0,0.0,0.0,0.0,1.0,0.0,0.0,0.0
JEC-J22,182.6,0.0,5.0,0.0,0.0,0.0,0.0,0.0,0.0,0.0,1.0,0.0,0.0,0.0
JEC-J22,183.7,0.0,5.0,0.0,0.0,0.0,0.0,0.0,0.0,0.0,1.0,0.0,0.0,0.0
JEC-J22,184.8,0.0,5.0,0.0,0.0,0.0,0.0,0.0,0.0,0.0,1.0,0.0,0.0,0.0
JEC-J22,185.9,0.0,5.0,0.0,0.0,0.0,0.0,0.0,0.0,0.0,1.0,0.0,0.0,0.0
JEC-J22,187.0,0.0,5.0,0.0,0.0,0.0,0.0,0.0,0.0,0.0,1.0,0.0,0.0,0.0
JEC-J22,188.1,0.0,5.0,0.0,0.0,0.0,0.0,0.0,0.0,0.0,1.0,0.0,0.0,0.0
JEC-J22,189.2,0.0,5.0,0.0,0.0,0.0,0.0,0.0,0.0,0.0,1.0,0.0,0.0,0.0
JEC-J22,190.3,0.0,5.0,0.0,0.0,0.0,0.0,0.0,0.0,0.0,1.0,0.0,0.0,0.0
JEC-J22,191.4,0.0,5.0,0.0,0.0,0.0,0.0,0.0,0.0,0.0,1.0,0.0,0.0,0.0
JEC-J22,192.5,0.0,5.0,0.0,0.0,0.0,0.0,0.0,0.0,0.0,1.0,0.0,0.0,0.0
JEC-J22,193.6,0.0,5.0,0.0,0.0,0.0,0.0,0.0,0.0,0.0,1.0,0.0,0.0,0.0
JEC-J03,1.1,0.0,5.0,0.0,0.0,0.0,0.0,0.0,3.0,0.0,1.3,0.0,0.0,0.0
JEC-J03,2.2,0.0,5.0,0.0,0.0,0.0,0.0,0.0,3.0,0.0,1.3,0.0,0.0,0.0
JEC-J03,3.3,0.0,5.0,0.0,0.0,0.0,0.0,0.0,3.0,0.0,1.3,0.0,0.0,0.0
JEC-J03,4.4,0.0,5.0,0.0,0.0,0.0,0.0,0.0,3.0,0.0,1.3,0.0,0.0,0.0
JEC-J03,5.5,0.0,5.0,0.0,0.0,0.0,0.0,0.0,3.0,0.0,1.3,0.0,0.0,0.0
JEC-J03,6.6,0.0,5.0,0.0,0.0,0.0,0.0,0.0,3.0,0.0,1.3,0.0,0.0,0.0
JEC-J03,7.7,0.0,5.0,0.0,0.0,0.0,0.0,0.0,3.0,0.0,1.3,0.0,0.0,0.0
JEC-J03,8.8,0.0,5.0,0.0,0.0,0.0,0.0,0.0,3.0,0.0,1.3,0.0,0.0,0.0
JEC-J03,9.9,0.0,5.0,0.0,0.0,0.0,0.0,0.0,4.0,0.0,1.3,0.0,0.0,0.0
JEC-J03,11.0,0.0,5.0,0.0,0.0,0.0,0.0,0.0,4.0,0.0,1.3,0.0,0.0,0.0
JEC-J03,12.1,0.0,5.0,0.0,0.0,0.0,0.0,0.0,4.0,0.0,1.3,0.0,0.0,0.0
JEC-J03,13.2,0.0,5.0,0.0,0.0,0.0,0.0,0.0,4.0,0.0,1.3,0.0,0.0,0.0
JEC-J03,14.3,0.0,5.0,0.0,0.0,0.0,0.0,0.0,4.0,0.0,1.3,0.0,0.0,0.0
JEC-J03,15.4,0.0,5.0,0.0,0.0,0.0,0.0,0.0,4.0,0.0,1.3,0.0,0.0,0.0
JEC-J03,16.5,0.0,5.0,0.0,0.0,0.0,0.0,0.0,4.0,0.0,1.3,0.0,0.0,0.0
JEC-J03,17.6,0.0,5.0,0.0,0.0,0.0,0.0,0.0,4.0,0.0,1.3,0.0,0.0,0.0
JEC-J03,18.7,0.0,5.0,0.0,0.0,0.0,0.0,0.0,4.0,0.0,1.3,0.0,0.0,0.0
JEC-J03,19.8,0.0,5.0,0.0,0.0,0.0,0.0,0.0,4.0,0.0,1.3,0.0,0.0,0.0
JEC-J03,20.9,0.0,5.0,0.0,0.0,0.0,0.0,0.0,4.0,0.0,1.3,0.0,0.0,0.0
JEC-J03,22.0,0.0,5.0,0.0,0.0,0.0,0.0,0.0,4.0,0.0,1.3,0.0,0.0,0.0
JEC-J03,23.1,0.0,5.0,0.0,0.0,0.0,0.0,0.0,5.0,0.0,1.3,0.0,0.0,0.0
JEC-J03,24.2,0.0,5.0,0.0,0.0,0.0,0.0,0.0,5.0,0.0,1.3,0.0,0.0,2.0
JEC-J03,25.3,0.0,5.0,0.0,0.0,0.0,0.0,0.0,5.0,0.0,1.3,0.0,0.0,3.0
JEC-J03,26.4,0.0,5.0,0.0,0.0,0.0,0.0,0.0,5.0,0.0,1.3,0.0,0.0,4.0
JEC-J03,27.5,0.0,5.0,0.0,0.0,0.0,0.0,0.0,4.0,0.0,1.3,0.0,0.0,5.0
JEC-J03,28.6,0.0,5.0,0.0,0.0,0.0,0.0,0.0,4.0,0.0,1.3,0.0,0.0,5.0
JEC-J03,29.7,0.0,5.0,0.0,0.0,0.0,0.0,0.0,4.0,0.0,1.3,0.0,0.0,5.0
JEC-J03,30.8,0.0,5.0,0.0,0.0,0.0,0.0,0.0,4.0,0.0,1.3,0.0,0.0,5.0
JEC-J03,31.9,0.0,5.0,0.0,0.0,0.0,0.0,0.0,5.0,0.0,1.3,0.0,0.0,5.0
JEC-J03,33.0,0.0,5.0,0.0,0.0,0.0,1.0,0.0,5.0,0.0,1.3,0.0,0.0,5.0
JEC-J03,34.1,0.0,5.0,0.0,0.0,0.0,1.0,0.0,5.0,0.0,1.3,0.0,0.0,5.0
JEC-J03,35.2,0.0,5.0,0.0,0.0,0.0,1.0,0.0,5.0,0.0,1.3,0.0,0.0,5.0
JEC-J03,36.3,0.0,5.0,0.0,0.0,0.0,1.0,0.0,5.0,0.0,1.3,0.0,0.0,6.0
JEC-J03,37.4,0.0,5.0,0.0,0.0,0.0,1.0,0.0,5.0,0.0,1.3,0.0,0.0,6.0
JEC-J03,38.5,1.0,5.0,0.0,0.0,0.0,1.0,0.0,5.0,0.0,1.3,0.0,0.0,6.0
JEC-J03,39.6,1.0,5.0,0.0,0.0,0.0,1.0,0.0,5.0,0.0,1.3,0.0,0.0,6.0
JEC-J03,40.7,1.0,5.0,0.0,0.0,0.0,1.0,0.0,6.0,0.0,1.3,0.0,0.0,6.0
JEC-J03,41.8,0.0,5.0,0.0,0.0,0.0,1.0,0.0,6.0,1.0,1.3,0.0,0.0,7.0
JEC-J03,42.9,0.0,5.0,0.0,0.0,0.0,1.0,0.0,6.0,1.0,1.3,0.0,0.0,7.0
JEC-J03,44.0,0.0,5.0,1.0,0.0,0.0,1.0,0.0,6.0,1.0,1.3,0.0,0.0,8.0
JEC-J03,45.1,0.0,5.0,1.0,0.0,0.0,1.0,0.0,6.0,1.0,1.3,0.0,0.0,8.0
JEC-J03,46.2,0.0,5.0,1.0,0.0,0.0,1.0,0.0,6.0,1.0,1.3,0.0,0.0,4.0
JEC-J03,47.3,0.0,5.0,0.0,0.0,0.0,1.0,0.0,6.0,1.0,1.3,0.0,0.0,3.0
JEC-J03,48.4,0.0,5.0,0.0,0.0,0.0,1.0,0.0,6.0,1.0,1.3,0.0,0.0,2.0
JEC-J03,49.5,0.0,5.0,0.0,0.0,0.0,1.0,0.0,5.0,0.0,1.3,0.0,0.0,1.0
JEC-J03,50.6,0.0,5.0,0.0,0.0,0.0,1.0,0.0,4.0,0.0,1.0,0.0,0.0,1.0
JEC-J03,51.7,0.0,5.0,0.0,0.0,0.0,1.0,0.0,4.0,0.0,1.0,0.0,0.0,1.0
JEC-J03,52.8,0.0,5.0,0.0,0.0,0.0,1.0,0.0,4.0,0.0,1.0,0.0,0.0,1.0
JEC-J03,53.9,0.0,5.0,0.0,0.0,0.0,1.0,0.0,4.0,0.0,1.0,0.0,0.0,1.0
JEC-J03,55.0,0.0,5.0,0.0,0.0,0.0,1.0,0.0,4.0,0.0,1.0,0.0,0.0,1.0
JEC-J03,56.1,0.0,5.0,0.0,0.0,0.0,1.0,0.0,4.0,0.0,1.21,0.0,0.0,1.0
JEC-J03,57.2,0.0,5.0,0.0,0.0,0.0,1.0,0.0,4.0,0.0,1.21,0.0,0.0,1.0
JEC-J03,58.3,0.0,5.0,0.0,0.0,0.0,2.0,0.0,4.0,0.0,1.21,0.0,0.0,0.0
JEC-J03,59.4,0.0,5.0,0.0,0.0,0.0,2.0,0.0,4.0,0.0,1.21,0.0,0.0,0.0
JEC-J03,60.5,0.0,5.0,0.0,0.0,0.0,2.0,0.0,4.0,0.0,1.21,0.0,0.0,0.0
JEC-J03,61.6,1.0,5.0,0.0,0.0,0.0,2.0,0.0,4.0,0.0,1.21,0.0,0.0,0.0
JEC-J03,62.7,1.0,5.0,0.0,0.0,0.0,2.0,0.0,4.0,0.0,1.21,0.0,0.0,0.0
JEC-J03,63.8,1.0,5.0,0.0,0.0,0.0,2.0,0.0,4.0,0.0,1.21,0.0,0.0,0.0
JEC-J03,64.9,0.0,5.0,0.0,0.0,0.0,1.0,0.0,4.0,1.0,1.21,0.0,0.0,1.0
JEC-J03,66.0,0.0,5.0,0.0,0.0,0.0,1.0,0.0,4.0,1.0,1.21,0.0,0.0,1.0
JEC-J03,67.1,0.0,5.0,1.0,0.0,0.0,1.0,0.0,4.0,1.0,1.21,0.0,0.0,1.0
JEC-J03,68.2,0.0,5.0,1.0,0.0,0.0,1.0,0.0,4.0,1.0,1.21,0.0,0.0,0.0
JEC-J03,69.3,0.0,5.0,1.0,0.0,0.0,1.0,0.0,4.0,1.0,1.21,0.0,0.0,0.0
JEC-J03,70.4,0.0,5.0,0.0,0.0,0.0,1.0,0.0,4.0,1.0,1.21,0.0,0.0,0.0
JEC-J03,71.5,0.0,5.0,0.0,0.0,0.0,1.0,0.0,4.0,1.0,1.21,0.0,0.0,0.0
JEC-J03,72.6,0.0,5.0,0.0,0.0,0.0,1.0,0.0,4.0,0.0,1.21,0.0,0.0,0.0
JEC-J03,73.7,0.0,5.0,0.0,0.0,0.0,1.0,0.0,4.0,0.0,1.21,0.0,0.0,0.0
JEC-J03,74.8,0.0,5.0,0.0,0.0,0.0,1.0,0.0,4.0,0.0,1.21,0.0,0.0,0.0
JEC-J03,75.9,0.0,5.0,0.0,0.0,0.0,1.0,0.0,4.0,0.0,1.21,0.0,0.0,0.0
JEC-J03,77.0,0.0,5.0,0.0,0.0,0.0,1.0,0.0,4.0,0.0,1.21,0.0,0.0,0.0
JEC-J03,78.1,0.0,5.0,0.0,0.0,0.0,1.0,0.0,4.0,0.0,1.21,0.0,0.0,0.0
JEC-J03,79.2,0.0,5.0,0.0,0.0,0.0,1.0,0.0,4.0,0.0,1.21,0.0,0.0,0.0
JEC-J03,80.3,0.0,5.0,0.0,0.0,0.0,1.0,0.0,4.0,0.0,1.21,0.0,0.0,0.0
JEC-J03,81.4,0.0,5.0,0.0,0.0,0.0,1.0,0.0,4.0,0.0,1.21,0.0,0.0,0.0
JEC-J03,82.5,0.0,5.0,0.0,0.0,0.0,1.0,0.0,4.0,0.0,1.21,0.0,0.0,0.0
JEC-J03,83.6,0.0,5.0,0.0,0.0,0.0,1.0,0.0,4.0,0.0,1.21,0.0,0.0,0.0
JEC-J03,84.7,0.0,5.0,0.0,0.0,0.0,1.0,0.0,4.0,0.0,1.21,0.0,0.0,0.0
JEC-J03,85.8,0.0,5.0,0.0,0.0,0.0,1.0,0.0,4.0,0.0,1.21,0.0,0.0,0.0
JEC-J03,86.9,0.0,5.0,0.0,0.0,0.0,1.0,0.0,4.0,0.0,1.21,0.0,0.0,0.0
JEC-J03,88.0,0.0,5.0,0.0,0.0,0.0,1.0,0.0,4.0,0.0,1.21,0.0,0.0,0.0
JEC-J03,89.1,0.0,5.0,0.0,0.0,0.0,1.0,0.0,4.0,0.0,1.21,0.0,0.0,0.0
JEC-J03,90.2,0.0,5.0,0.0,0.0,0.0,1.0,0.0,4.0,0.0,1.21,0.0,0.0,0.0
JEC-J03,91.3,0.0,5.0,0.0,0.0,0.0,1.0,0.0,4.0,0.0,1.21,0.0,0.0,0.0
JEC-J03,92.4,0.0,5.0,0.0,0.0,0.0,1.0,0.0,4.0,0.0,1.21,0.0,0.0,0.0
JEC-J03,93.5,0.0,5.0,0.0,0.0,0.0,1.0,0.0,4.0,0.0,1.21,0.0,0.0,0.0
JEC-J03,94.6,0.0,5.0,0.0,0.0,0.0,1.0,0.0,4.0,0.0,1.21,0.0,0.0,0.0
JEC-J03,95.7,0.0,5.0,0.0,0.0,0.0,1.0,0.0,4.0,0.0,1.21,0.0,0.0,0.0
JEC-J03,96.8,0.0,5.0,0.0,0.0,0.0,1.0,0.0,4.0,0.0,1.21,0.0,0.0,0.0
JEC-J03,97.9,0.0,5.0,0.0,0.0,0.0,1.0,0.0,4.0,0.0,1.21,0.0,0.0,0.0
JEC-J03,99.0,0.0,5.0,0.0,0.0,0.0,1.0,0.0,4.0,0.0,1.21,0.0,0.0,0.0
JEC-J03,100.1,0.0,5.0,0.0,0.0,0.0,1.0,0.0,4.0,0.0,1.21,0.0,0.0,0.0
JEC-J03,101.2,0.0,5.0,0.0,0.0,0.0,1.0,0.0,4.0,0.0,1.21,0.0,0.0,0.0
JEC-J03,102.3,0.0,5.0,0.0,0.0,0.0,1.0,0.0,4.0,0.0,1.21,0.0,0.0,0.0
JEC-J03,103.4,0.0,5.0,0.0,0.0,0.0,1.0,0.0,4.0,0.0,1.21,0.0,0.0,0.0
JEC-J03,104.5,0.0,5.0,0.0,0.0,0.0,1.0,0.0,4.0,0.0,1.21,0.0,0.0,0.0
JEC-J03,105.6,0.0,5.0,0.0,0.0,0.0,1.0,0.0,4.0,0.0,1.21,0.0,0.0,0.0
JEC-J03,106.7,0.0,5.0,0.0,0.0,0.0,1.0,0.0,4.0,0.0,1.21,0.0,0.0,0.0
JEC-J03,107.8,0.0,5.0,0.0,0.0,0.0,1.0,0.0,4.0,0.0,1.21,0.0,0.0,0.0
JEC-J03,108.9,0.0,5.0,0.0,0.0,0.0,1.0,0.0,4.0,0.0,1.21,0.0,0.0,0.0
JEC-J03,110.0,0.0,5.0,0.0,0.0,0.0,1.0,0.0,4.0,0.0,1.21,0.0,0.0,0.0
JEC-J03,111.1,0.0,5.0,0.0,0.0,0.0,1.0,0.0,4.0,0.0,1.21,0.0,0.0,0.0
JEC-J03,112.2,0.0,5.0,0.0,0.0,0.0,1.0,0.0,4.0,0.0,1.21,0.0,0.0,0.0
JEC-J03,113.3,0.0,5.0,0.0,0.0,0.0,1.0,0.0,4.0,0.0,1.21,0.0,0.0,0.0
JEC-J03,114.4,0.0,5.0,0.0,0.0,0.0,1.0,0.0,4.0,0.0,1.21,0.0,0.0,0.0
JEC-J03,115.5,0.0,5.0,0.0,0.0,0.0,1.0,0.0,4.0,0.0,1.0,0.0,0.0,0.0
JEC-J03,116.6,0.0,5.0,0.0,0.0,0.0,1.0,0.0,4.0,0.0,1.0,0.0,0.0,0.0
JEC-J03,117.7,0.0,5.0,0.0,0.0,0.0,1.0,0.0,4.0,0.0,1.0,0.0,0.0,0.0
JEC-J03,118.8,0.0,5.0,0.0,0.0,0.0,1.0,0.0,4.0,0.0,1.0,0.0,0.0,0.0
JEC-J03,119.9,0.0,5.0,0.0,0.0,0.0,1.0,0.0,4.0,0.0,1.0,0.0,0.0,0.0
JEC-J03,121.0,0.0,5.0,0.0,0.0,0.0,1.0,0.0,4.0,0.0,1.07,0.0,0.0,0.0
JEC-J03,122.1,0.0,5.0,0.0,0.0,0.0,1.0,0.0,4.0,0.0,1.07,0.0,0.0,0.0
JEC-J03,123.2,0.0,5.0,0.0,0.0,0.0,1.0,0.0,4.0,0.0,1.07,0.0,0.0,0.0
JEC-J03,124.3,0.0,5.0,0.0,0.0,0.0,1.0,0.0,4.0,0.0,1.07,0.0,0.0,0.0
JEC-J03,125.4,0.0,5.0,0.0,0.0,0.0,1.0,0.0,4.0,0.0,1.07,0.0,0.0,0.0
JEC-J03,126.5,0.0,5.0,0.0,0.0,0.0,1.0,0.0,4.0,0.0,1.07,0.0,0.0,0.0
JEC-J03,127.6,0.0,5.0,0.0,0.0,0.0,1.0,0.0,4.0,0.0,1.07,0.0,0.0,0.0
JEC-J03,128.7,0.0,5.0,0.0,0.0,0.0,1.0,0.0,4.0,0.0,1.07,0.0,0.0,0.0
JEC-J03,129.8,0.0,5.0,0.0,0.0,0.0,1.0,0.0,4.0,0.0,1.07,0.0,0.0,0.0
JEC-J03,130.9,0.0,5.0,0.0,0.0,0.0,1.0,0.0,4.0,0.0,1.07,0.0,0.0,0.0
JEC-J03,132.0,0.0,5.0,0.0,0.0,0.0,1.0,0.0,4.0,0.0,1.07,0.0,0.0,0.0
JEC-J03,133.1,0.0,5.0,0.0,0.0,0.0,1.0,0.0,4.0,0.0,1.07,0.0,0.0,0.0
JEC-J03,134.2,0.0,5.0,0.0,0.0,0.0,1.0,0.0,4.0,0.0,1.07,0.0,0.0,0.0
JEC-J03,135.3,0.0,5.0,0.0,0.0,0.0,1.0,0.0,4.0,0.0,1.07,0.0,0.0,0.0
JEC-J03,136.4,0.0,5.0,0.0,0.0,0.0,1.0,0.0,4.0,0.0,1.07,0.0,0.0,0.0
JEC-J03,137.5,0.0,5.0,0.0,0.0,0.0,1.0,0.0,4.0,0.0,1.07,0.0,0.0,0.0
JEC-J03,138.6,0.0,5.0,0.0,0.0,0.0,1.0,0.0,4.0,0.0,1.07,0.0,0.0,0.0
JEC-J03,139.7,0.0,5.0,0.0,0.0,0.0,1.0,0.0,4.0,0.0,1.07,0.0,0.0,0.0
JEC-J03,140.8,0.0,5.0,0.0,0.0,0.0,1.0,0.0,4.0,0.0,1.07,0.0,0.0,0.0
JEC-J03,141.9,0.0,5.0,0.0,0.0,0.0,1.0,0.0,4.0,0.0,1.07,0.0,0.0,0.0
JEC-J03,143.0,0.0,5.0,0.0,0.0,0.0,1.0,0.0,4.0,0.0,1.07,0.0,0.0,0.0
JEC-J03,144.1,0.0,5.0,0.0,0.0,0.0,1.0,0.0,4.0,0.0,1.07,0.0,0.0,0.0
JEC-J03,145.2,0.0,5.0,0.0,0.0,0.0,1.0,0.0,4.0,0.0,1.07,0.0,0.0,0.0
JEC-J03,146.3,0.0,5.0,0.0,0.0,0.0,1.0,0.0,4.0,0.0,1.07,0.0,0.0,0.0
JEC-J03,147.4,0.0,5.0,0.0,0.0,0.0,1.0,0.0,4.0,0.0,1.07,0.0,0.0,0.0
JEC-J03,148.5,0.0,5.0,0.0,0.0,0.0,1.0,0.0,4.0,0.0,1.07,0.0,0.0,0.0
JEC-J03,149.6,0.0,5.0,0.0,0.0,0.0,1.0,0.0,4.0,0.0,1.07,0.0,0.0,0.0
JEC-J03,150.7,0.0,5.0,0.0,0.0,0.0,1.0,0.0,4.0,0.0,1.07,0.0,0.0,0.0
JEC-J03,151.8,0.0,5.0,0.0,0.0,0.0,1.0,0.0,4.0,0.0,1.07,0.0,0.0,0.0
JEC-J03,152.9,0.0,5.0,0.0,0.0,0.0,1.0,0.0,4.0,0.0,1.07,0.0,0.0,0.0
JEC-J03,154.0,0.0,5.0,0.0,0.0,0.0,1.0,0.0,4.0,0.0,1.07,0.0,0.0,0.0
JEC-J03,155.1,0.0,5.0,0.0,0.0,0.0,1.0,0.0,4.0,0.0,1.07,0.0,0.0,0.0
JEC-J03,156.2,0.0,5.0,0.0,0.0,0.0,1.0,0.0,4.0,0.0,1.07,0.0,0.0,0.0
JEC-J03,157.3,0.0,5.0,0.0,0.0,0.0,1.0,0.0,4.0,0.0,1.07,0.0,0.0,0.0
JEC-J03,158.4,0.0,5.0,0.0,0.0,0.0,1.0,0.0,4.0,0.0,1.07,0.0,0.0,0.0
JEC-J03,159.5,0.0,5.0,0.0,0.0,0.0,1.0,0.0,4.0,0.0,1.07,0.0,0.0,0.0
JEC-J03,160.6,0.0,5.0,0.0,0.0,0.0,1.0,0.0,4.0,0.0,1.07,0.0,0.0,0.0
JEC-J03,161.7,0.0,5.0,0.0,0.0,0.0,1.0,0.0,4.0,0.0,1.07,0.0,0.0,0.0
JEC-J03,162.8,0.0,5.0,0.0,0.0,0.0,1.0,0.0,4.0,0.0,1.07,0.0,0.0,0.0
JEC-J03,163.9,0.0,5.0,0.0,0.0,0.0,1.0,0.0,4.0,0.0,1.07,0.0,0.0,0.0
JEC-J03,165.0,0.0,5.0,0.0,0.0,0.0,1.0,0.0,4.0,0.0,1.07,0.0,0.0,0.0
JEC-J03,166.1,0.0,5.0,0.0,0.0,0.0,1.0,0.0,4.0,0.0,1.07,0.0,0.0,0.0
JEC-J03,167.2,0.0,5.0,0.0,0.0,0.0,1.0,0.0,4.0,0.0,1.07,0.0,0.0,0.0
JEC-J03,168.3,0.0,5.0,0.0,0.0,0.0,1.0,0.0,4.0,0.0,1.07,0.0,0.0,0.0
JEC-J03,169.4,0.0,5.0,0.0,0.0,0.0,1.0,0.0,4.0,0.0,1.07,0.0,0.0,0.0
JEC-J03,170.5,0.0,5.0,0.0,0.0,0.0,1.0,0.0,4.0,0.0,1.0,0.0,0.0,0.0
JEC-J03,171.6,0.0,5.0,0.0,0.0,0.0,1.0,0.0,4.0,0.0,1.0,0.0,0.0,0.0
JEC-J03,172.7,0.0,5.0,0.0,0.0,0.0,1.0,0.0,4.0,0.0,1.0,0.0,0.0,0.0
JEC-J03,173.8,0.0,5.0,0.0,0.0,0.0,1.0,0.0,4.0,0.0,1.0,0.0,0.0,0.0
JEC-J03,174.9,0.0,5.0,0.0,0.0,0.0,1.0,0.0,4.0,0.0,1.0,0.0,0.0,0.0
JEC-J03,176.0,0.0,5.0,0.0,0.0,0.0,1.0,0.0,4.0,0.0,1.0,0.0,0.0,0.0
JEC-J03,177.1,0.0,5.0,0.0,0.0,0.0,1.0,0.0,4.0,0.0,1.0,0.0,0.0,0.0
JEC-J03,178.2,0.0,5.0,0.0,0.0,0.0,1.0,0.0,4.0,0.0,1.0,0.0,0.0,0.0
JEC-J03,179.3,0.0,5.0,0.0,0.0,0.0,1.0,0.0,4.0,0.0,1.0,0.0,0.0,0.0
JEC-J03,180.4,0.0,5.0,0.0,0.0,0.0,1.0,0.0,4.0,0.0,1.0,0.0,0.0,0.0
JEC-J03,181.5,0.0,5.0,0.0,0.0,0.0,1.0,0.0,4.0,0.0,1.0,0.0,0.0,0.0
JEC-J03,182.6,0.0,5.0,0.0,0.0,0.0,1.0,0.0,4.0,0.0,1.0,0.0,0.0,0.0
JEC-J03,183.7,0.0,5.0,0.0,0.0,0.0,1.0,0.0,4.0,0.0,1.0,0.0,0.0,0.0
JEC-J03,184.8,0.0,5.0,0.0,0.0,0.0,1.0,0.0,4.0,0.0,1.0,0.0,0.0,0.0
JEC-J03,185.9,0.0,5.0,0.0,0.0,0.0,1.0,0.0,4.0,0.0,1.0,0.0,0.0,0.0
JEC-J03,187.0,0.0,5.0,0.0,0.0,0.0,1.0,0.0,4.0,0.0,1.0,0.0,0.0,0.0
JEC-J03,188.1,0.0,5.0,0.0,0.0,0.0,1.0,0.0,4.0,0.0,1.0,0.0,0.0,0.0
JEC-J03,189.2,0.0,5.0,0.0,0.0,0.0,1.0,0.0,4.0,0.0,1.0,0.0,0.0,0.0
JEC-J03,190.3,0.0,5.0,0.0,0.0,0.0,1.0,0.0,4.0,0.0,1.0,0.0,0.0,0.0
JEC-J03,191.4,0.0,5.0,0.0,0.0,0.0,1.0,0.0,4.0,0.0,1.0,0.0,0.0,0.0
JEC-J03,192.5,0.0,5.0,0.0,0.0,0.0,1.0,0.0,4.0,0.0,1.0,0.0,0.0,0.0
JEC-J03,193.6,0.0,5.0,0.0,0.0,0.0,1.0,0.0,4.0,0.0,1.0,0.0,0.0,0.0
JEC-J05,1.1,0.0,5.0,0.0,0.0,0.0,0.0,0.0,4.0,0.0,1.3,0.0,0.0,0.0
JEC-J05,2.2,0.0,5.0,0.0,0.0,0.0,0.0,0.0,4.0,0.0,1.3,0.0,0.0,0.0
JEC-J05,3.3,0.0,5.0,0.0,0.0,0.0,0.0,0.0,4.0,0.0,1.3,0.0,0.0,0.0
JEC-J05,4.4,0.0,5.0,0.0,0.0,0.0,0.0,0.0,4.0,0.0,1.3,0.0,0.0,0.0
JEC-J05,5.5,0.0,5.0,0.0,0.0,0.0,0.0,0.0,4.0,0.0,1.3,0.0,0.0,0.0
JEC-J05,6.6,0.0,5.0,0.0,0.0,0.0,0.0,0.0,4.0,0.0,1.3,0.0,0.0,0.0
JEC-J05,7.7,0.0,5.0,0.0,0.0,0.0,0.0,0.0,4.0,0.0,1.3,0.0,0.0,0.0
JEC-J05,8.8,0.0,5.0,0.0,0.0,0.0,0.0,0.0,4.0,0.0,1.3,0.0,0.0,0.0
JEC-J05,9.9,0.0,5.0,0.0,0.0,0.0,0.0,0.0,4.0,0.0,1.3,0.0,0.0,0.0
JEC-J05,11.0,0.0,5.0,0.0,0.0,0.0,0.0,0.0,4.0,0.0,1.3,0.0,0.0,0.0
JEC-J05,12.1,0.0,5.0,0.0,0.0,0.0,0.0,0.0,4.0,0.0,1.3,0.0,0.0,0.0
JEC-J05,13.2,0.0,5.0,0.0,0.0,0.0,0.0,0.0,4.0,0.0,1.3,0.0,0.0,0.0
JEC-J05,14.3,0.0,5.0,0.0,0.0,0.0,0.0,0.0,4.0,0.0,1.3,0.0,0.0,0.0
JEC-J05,15.4,0.0,5.0,0.0,0.0,0.0,0.0,0.0,4.0,0.0,1.3,0.0,0.0,0.0
JEC-J05,16.5,0.0,5.0,0.0,0.0,0.0,0.0,0.0,4.0,0.0,1.3,0.0,0.0,0.0
JEC-J05,17.6,0.0,5.0,0.0,0.0,0.0,1.0,0.0,4.0,0.0,1.3,0.0,0.0,0.0
JEC-J05,18.7,0.0,5.0,0.0,0.0,0.0,1.0,0.0,4.0,0.0,1.3,0.0,0.0,0.0
JEC-J05,19.8,0.0,5.0,0.0,0.0,0.0,1.0,0.0,4.0,0.0,1.3,0.0,0.0,0.0
JEC-J05,20.9,0.0,5.0,0.0,0.0,0.0,1.0,0.0,4.0,0.0,1.3,0.0,0.0,0.0
JEC-J05,22.0,1.0,5.0,0.0,0.0,0.0,1.0,0.0,4.0,0.0,1.3,0.0,0.0,0.0
JEC-J05,23.1,1.0,5.0,0.0,0.0,0.0,3.0,0.0,4.0,0.0,1.3,0.0,0.0,0.0
JEC-J05,24.2,1.0,5.0,0.0,0.0,0.0,3.0,0.0,4.0,0.0,1.3,0.0,0.0,0.0
JEC-J05,25.3,0.0,5.0,0.0,0.0,0.0,2.0,0.0,4.0,1.0,1.3,0.0,0.0,2.0
JEC-J05,26.4,0.0,5.0,0.0,0.0,0.0,2.0,0.0,4.0,1.0,1.3,0.0,0.0,3.0
JEC-J05,27.5,0.0,5.0,1.0,0.0,0.0,2.0,0.0,5.0,1.0,1.3,0.0,0.0,6.0
JEC-J05,28.6,0.0,5.0,1.0,0.0,0.0,2.0,0.0,5.0,1.0,1.3,0.0,0.0,7.0
JEC-J05,29.7,0.0,5.0,1.0,0.0,0.0,3.0,0.0,5.0,1.0,1.3,0.0,0.0,5.0
JEC-J05,30.8,1.0,5.0,0.0,0.0,0.0,3.0,0.0,5.0,1.0,1.3,0.0,0.0,5.0
JEC-J05,31.9,1.0,5.0,0.0,0.0,0.0,3.0,0.0,6.0,1.0,1.3,0.0,0.0,5.0
JEC-J05,33.0,1.0,5.0,0.0,0.0,0.0,3.0,0.0,6.0,1.0,1.3,0.0,0.0,5.0
JEC-J05,34.1,0.0,5.0,0.0,0.0,0.0,3.0,0.0,6.0,2.0,1.3,0.0,0.0,6.0
JEC-J05,35.2,0.0,5.0,0.0,0.0,0.0,2.0,0.0,6.0,1.0,1.3,0.0,0.0,6.0
JEC-J05,36.3,0.0,5.0,1.0,0.0,0.0,2.0,0.0,6.0,1.0,1.3,0.0,0.0,7.0
JEC-J05,37.4,0.0,5.0,1.0,0.0,0.0,2.0,0.0,6.0,1.0,1.3,0.0,0.0,7.0
JEC-J05,38.5,0.0,5.0,1.0,0.0,0.0,2.0,0.0,6.0,2.0,1.3,0.0,0.0,7.0
JEC-J05,39.6,0.0,5.0,0.0,0.0,0.0,2.0,0.0,6.0,2.0,1.3,0.0,0.0,7.0
JEC-J05,40.7,0.0,5.0,0.0,0.0,0.0,2.0,0.0,6.0,2.0,1.3,0.0,0.0,7.0
JEC-J05,41.8,0.0,5.0,0.0,0.0,0.0,1.0,1.0,6.0,2.0,1.3,0.0,0.0,7.0
JEC-J05,42.9,0.0,5.0,0.0,0.0,0.0,1.0,2.0,6.0,2.0,1.3,0.0,0.0,8.0
JEC-J05,44.0,0.0,5.0,0.0,0.0,0.0,1.0,3.0,6.0,2.0,1.3,0.0,0.0,9.0
JEC-J05,45.1,0.0,5.0,0.0,0.0,0.0,1.0,5.0,6.0,2.0,1.3,0.0,0.0,10.0
JEC-J05,46.2,0.0,5.0,0.0,0.0,0.0,0.0,7.0,6.0,3.0,1.3,0.0,0.0,11.0
JEC-J05,47.3,0.0,5.0,0.0,0.0,0.0,0.0,10.0,6.0,3.0,1.3,0.0,0.0,11.0
JEC-J05,48.4,0.0,5.0,0.0,0.0,0.0,0.0,12.0,6.0,3.0,1.3,0.0,0.0,11.0
JEC-J05,49.5,0.0,5.0,0.0,0.0,0.0,0.0,12.0,6.0,3.0,1.3,0.0,0.0,11.0
JEC-J05,50.6,0.0,5.0,0.0,0.0,0.0,0.0,15.0,6.0,3.0,1.0,0.0,0.0,11.0
JEC-J05,51.7,0.0,5.0,0.0,0.0,0.0,0.0,14.0,6.0,3.0,1.0,0.0,0.0,12.0
JEC-J05,52.8,0.0,5.0,0.0,0.0,0.0,0.0,15.0,6.0,3.0,1.0,0.0,0.0,13.0
JEC-J05,53.9,0.0,5.0,0.0,0.0,0.0,0.0,15.0,6.0,3.0,1.0,0.0,0.0,13.0
JEC-J05,55.0,0.0,5.0,0.0,0.0,0.0,0.0,14.0,6.0,3.0,1.0,0.0,0.0,14.0
JEC-J05,56.1,0.0,5.0,0.0,0.0,0.0,0.0,15.0,6.0,3.0,1.21,0.0,0.0,16.0
JEC-J05,57.2,0.0,5.0,0.0,0.0,0.0,0.0,14.0,6.0,3.0,1.21,0.0,0.0,16.0
JEC-J05,58.3,0.0,5.0,0.0,0.0,0.0,0.0,13.0,6.0,3.0,1.21,0.0,0.0,16.0
JEC-J05,59.4,0.0,5.0,0.0,0.0,0.0,0.0,14.0,6.0,3.0,1.21,0.0,0.0,17.0
JEC-J05,60.5,0.0,5.0,0.0,0.0,0.0,0.0,13.0,6.0,3.0,1.21,0.0,0.0,18.0
JEC-J05,61.6,0.0,5.0,0.0,0.0,0.0,0.0,14.0,6.0,3.0,1.21,0.0,0.0,20.0
JEC-J05,62.7,0.0,5.0,0.0,0.0,0.0,1.0,14.0,6.0,3.0,1.21,0.0,0.0,22.0
JEC-J05,63.8,0.0,5.0,0.0,0.0,0.0,1.0,15.0,6.0,3.0,1.21,0.0,0.0,24.0
JEC-J05,64.9,0.0,5.0,0.0,0.0,0.0,1.0,15.0,6.0,3.0,1.21,0.0,0.0,25.0
JEC-J05,66.0,0.0,5.0,0.0,0.0,0.0,1.0,14.0,6.0,3.0,1.21,0.0,0.0,26.0
JEC-J05,67.1,0.0,5.0,0.0,0.0,0.0,1.0,13.0,6.0,3.0,1.21,0.0,0.0,27.0
JEC-J05,68.2,0.0,5.0,0.0,0.0,0.0,1.0,12.0,6.0,3.0,1.21,0.0,0.0,28.0
JEC-J05,69.3,0.0,5.0,0.0,0.0,0.0,1.0,12.0,6.0,3.0,1.21,0.0,0.0,28.0
JEC-J05,70.4,0.0,5.0,0.0,0.0,0.0,1.0,13.0,6.0,3.0,1.21,0.0,0.0,27.0
JEC-J05,71.5,0.0,5.0,0.0,0.0,0.0,1.0,12.0,6.0,3.0,1.21,0.0,0.0,27.0
JEC-J05,72.6,0.0,5.0,0.0,0.0,0.0,0.0,14.0,6.0,4.0,1.21,0.0,0.0,26.0
JEC-J05,73.7,0.0,5.0,0.0,0.0,0.0,0.0,15.0,6.0,4.0,1.21,0.0,0.0,27.0
JEC-J05,74.8,0.0,5.0,0.0,0.0,0.0,0.0,17.0,6.0,4.0,1.21,0.0,0.0,27.0
JEC-J05,75.9,0.0,5.0,0.0,0.0,0.0,0.0,17.0,6.0,4.0,1.21,0.0,0.0,27.0
JEC-J05,77.0,0.0,5.0,0.0,0.0,0.0,0.0,18.0,6.0,4.0,1.21,0.0,0.0,29.0
JEC-J05,78.1,0.0,5.0,0.0,0.0,0.0,0.0,19.0,6.0,4.0,1.21,0.0,0.0,29.0
JEC-J05,79.2,0.0,5.0,0.0,0.0,0.0,0.0,20.0,6.0,4.0,1.21,0.0,0.0,30.0
JEC-J05,80.3,0.0,5.0,0.0,0.0,0.0,1.0,20.0,6.0,4.0,1.21,0.0,0.0,30.0
JEC-J05,81.4,0.0,5.0,0.0,0.0,0.0,2.0,17.0,6.0,4.0,1.21,0.0,0.0,29.0
JEC-J05,82.5,0.0,5.0,0.0,0.0,0.0,1.0,17.0,6.0,4.0,1.21,0.0,0.0,30.0
JEC-J05,83.6,0.0,5.0,0.0,0.0,0.0,1.0,15.0,6.0,4.0,1.21,0.0,0.0,30.0
JEC-J05,84.7,0.0,5.0,0.0,0.0,0.0,1.0,14.0,6.0,4.0,1.21,0.0,0.0,29.0
JEC-J05,85.8,0.0,5.0,0.0,0.0,0.0,1.0,12.0,6.0,4.0,1.21,0.0,0.0,29.0
JEC-J05,86.9,0.0,5.0,0.0,0.0,0.0,1.0,13.0,6.0,4.0,1.21,0.0,0.0,29.0
JEC-J05,88.0,0.0,5.0,0.0,0.0,0.0,1.0,14.0,6.0,4.0,1.21,0.0,0.0,29.0
JEC-J05,89.1,0.0,5.0,0.0,0.0,0.0,1.0,14.0,6.0,4.0,1.21,0.0,0.0,29.0
JEC-J05,90.2,0.0,5.0,0.0,0.0,0.0,2.0,13.0,6.0,4.0,1.21,0.0,0.0,30.0
JEC-J05,91.3,0.0,5.0,0.0,0.0,0.0,1.0,13.0,6.0,4.0,1.21,0.0,0.0,29.0
JEC-J05,92.4,0.0,5.0,0.0,0.0,0.0,1.0,14.0,6.0,4.0,1.21,0.0,0.0,29.0
JEC-J05,93.5,0.0,5.0,0.0,0.0,0.0,1.0,14.0,6.0,4.0,1.21,0.0,0.0,29.0
JEC-J05,94.6,0.0,5.0,0.0,0.0,0.0,1.0,13.0,6.0,4.0,1.21,0.0,0.0,29.0
JEC-J05,95.7,0.0,5.0,0.0,0.0,0.0,1.0,12.0,6.0,4.0,1.21,0.0,0.0,29.0
JEC-J05,96.8,0.0,5.0,0.0,0.0,0.0,1.0,13.0,6.0,4.0,1.21,0.0,0.0,28.0
JEC-J05,97.9,0.0,5.0,0.0,0.0,0.0,1.0,14.0,6.0,4.0,1.21,0.0,0.0,29.0
JEC-J05,99.0,0.0,5.0,0.0,0.0,0.0,1.0,14.0,6.0,4.0,1.21,0.0,0.0,29.0
JEC-J05,100.1,0.0,5.0,0.0,0.0,0.0,1.0,13.0,6.0,4.0,1.21,0.0,0.0,29.0
JEC-J05,101.2,0.0,5.0,0.0,0.0,0.0,1.0,13.0,6.0,4.0,1.21,0.0,0.0,29.0
JEC-J05,102.3,0.0,5.0,0.0,0.0,0.0,1.0,14.0,6.0,4.0,1.21,0.0,0.0,29.0
JEC-J05,103.4,0.0,5.0,0.0,0.0,0.0,1.0,14.0,6.0,4.0,1.21,0.0,0.0,30.0
JEC-J05,104.5,0.0,5.0,0.0,0.0,0.0,1.0,13.0,6.0,4.0,1.21,0.0,0.0,29.0
JEC-J05,105.6,0.0,5.0,0.0,0.0,0.0,1.0,12.0,6.0,4.0,1.21,0.0,0.0,29.0
JEC-J05,106.7,0.0,5.0,0.0,0.0,0.0,1.0,13.0,6.0,4.0,1.21,0.0,0.0,29.0
JEC-J05,107.8,0.0,5.0,0.0,0.0,0.0,1.0,14.0,6.0,4.0,1.21,0.0,0.0,29.0
JEC-J05,108.9,0.0,5.0,0.0,0.0,0.0,1.0,14.0,6.0,4.0,1.21,0.0,0.0,29.0
JEC-J05,110.0,0.0,5.0,0.0,0.0,0.0,1.0,13.0,6.0,4.0,1.21,0.0,0.0,29.0
JEC-J05,111.1,0.0,5.0,0.0,0.0,0.0,1.0,13.0,6.0,4.0,1.21,0.0,0.0,29.0
JEC-J05,112.2,0.0,5.0,0.0,0.0,0.0,1.0,14.0,6.0,4.0,1.21,0.0,0.0,29.0
JEC-J05,113.3,0.0,5.0,0.0,0.0,0.0,1.0,14.0,6.0,4.0,1.21,0.0,0.0,29.0
JEC-J05,114.4,0.0,5.0,0.0,0.0,0.0,1.0,13.0,6.0,4.0,1.21,0.0,0.0,29.0
JEC-J05,115.5,0.0,5.0,0.0,0.0,0.0,1.0,12.0,6.0,4.0,1.0,0.0,0.0,29.0
JEC-J05,116.6,0.0,5.0,0.0,0.0,0.0,1.0,13.0,6.0,4.0,1.0,0.0,0.0,30.0
JEC-J05,117.7,0.0,5.0,0.0,0.0,0.0,1.0,14.0,6.0,4.0,1.0,0.0,0.0,28.0
JEC-J05,118.8,0.0,5.0,0.0,0.0,0.0,1.0,14.0,6.0,4.0,1.0,0.0,0.0,29.0
JEC-J05,119.9,0.0,5.0,0.0,0.0,0.0,1.0,13.0,6.0,4.0,1.0,0.0,0.0,30.0
JEC-J05,121.0,0.0,5.0,0.0,0.0,0.0,1.0,13.0,6.0,4.0,1.07,0.0,0.0,29.0
JEC-J05,122.1,0.0,5.0,0.0,0.0,0.0,1.0,14.0,6.0,4.0,1.07,0.0,0.0,29.0
JEC-J05,123.2,0.0,5.0,0.0,0.0,0.0,1.0,14.0,6.0,4.0,1.07,0.0,0.0,29.0
JEC-J05,124.3,0.0,5.0,0.0,0.0,0.0,1.0,13.0,6.0,4.0,1.07,0.0,0.0,29.0
JEC-J05,125.4,0.0,5.0,0.0,0.0,0.0,1.0,12.0,6.0,4.0,1.07,0.0,0.0,29.0
JEC-J05,126.5,0.0,5.0,0.0,0.0,0.0,2.0,13.0,6.0,4.0,1.07,0.0,0.0,29.0
JEC-J05,127.6,0.0,5.0,0.0,0.0,0.0,1.0,14.0,6.0,4.0,1.07,0.0,0.0,29.0
JEC-J05,128.7,0.0,5.0,0.0,0.0,0.0,1.0,14.0,6.0,4.0,1.07,0.0,0.0,29.0
JEC-J05,129.8,0.0,5.0,0.0,0.0,0.0,1.0,13.0,6.0,4.0,1.07,0.0,0.0,29.0
JEC-J05,130.9,0.0,5.0,0.0,0.0,0.0,1.0,13.0,6.0,4.0,1.07,0.0,0.0,29.0
JEC-J05,132.0,0.0,5.0,0.0,0.0,0.0,1.0,14.0,6.0,4.0,1.07,0.0,0.0,29.0
JEC-J05,133.1,0.0,5.0,0.0,0.0,0.0,1.0,14.0,6.0,4.0,1.07,0.0,0.0,30.0
JEC-J05,134.2,0.0,5.0,0.0,0.0,0.0,1.0,13.0,6.0,4.0,1.07,0.0,0.0,29.0
JEC-J05,135.3,0.0,5.0,0.0,0.0,0.0,2.0,12.0,6.0,4.0,1.07,0.0,0.0,29.0
JEC-J05,136.4,0.0,5.0,0.0,0.0,0.0,1.0,13.0,6.0,4.0,1.07,0.0,0.0,29.0
JEC-J05,137.5,0.0,5.0,0.0,0.0,0.0,1.0,14.0,6.0,4.0,1.07,0.0,0.0,29.0
JEC-J05,138.6,0.0,5.0,0.0,0.0,0.0,1.0,14.0,6.0,4.0,1.07,0.0,0.0,28.0
JEC-J05,139.7,0.0,5.0,0.0,0.0,0.0,1.0,13.0,6.0,4.0,1.07,0.0,0.0,29.0
JEC-J05,140.8,0.0,5.0,0.0,0.0,0.0,1.0,13.0,6.0,4.0,1.07,0.0,0.0,29.0
JEC-J05,141.9,0.0,5.0,0.0,0.0,0.0,1.0,14.0,6.0,4.0,1.07,0.0,0.0,29.0
JEC-J05,143.0,0.0,5.0,0.0,0.0,0.0,1.0,14.0,6.0,4.0,1.07,0.0,0.0,29.0
JEC-J05,144.1,0.0,5.0,0.0,0.0,0.0,2.0,13.0,6.0,4.0,1.07,0.0,0.0,29.0
JEC-J05,145.2,0.0,5.0,0.0,0.0,0.0,1.0,12.0,6.0,4.0,1.07,0.0,0.0,29.0
JEC-J05,146.3,0.0,5.0,0.0,0.0,0.0,1.0,13.0,6.0,4.0,1.07,0.0,0.0,30.0
JEC-J05,147.4,0.0,5.0,0.0,0.0,0.0,1.0,14.0,6.0,4.0,1.07,0.0,0.0,29.0
JEC-J05,148.5,0.0,5.0,0.0,0.0,0.0,1.0,14.0,6.0,4.0,1.07,0.0,0.0,29.0
JEC-J05,149.6,0.0,5.0,0.0,0.0,0.0,1.0,13.0,6.0,4.0,1.07,0.0,0.0,29.0
JEC-J05,150.7,0.0,5.0,0.0,0.0,0.0,1.0,13.0,6.0,4.0,1.07,0.0,0.0,29.0
JEC-J05,151.8,0.0,5.0,0.0,0.0,0.0,1.0,14.0,6.0,4.0,1.07,0.0,0.0,29.0
JEC-J05,152.9,0.0,5.0,0.0,0.0,0.0,1.0,14.0,6.0,4.0,1.07,0.0,0.0,29.0
JEC-J05,154.0,0.0,5.0,0.0,0.0,0.0,1.0,13.0,6.0,4.0,1.07,0.0,0.0,29.0
JEC-J05,155.1,0.0,5.0,0.0,0.0,0.0,1.0,12.0,6.0,4.0,1.07,0.0,0.0,29.0
JEC-J05,156.2,0.0,5.0,0.0,0.0,0.0,1.0,13.0,6.0,4.0,1.07,0.0,0.0,29.0
JEC-J05,157.3,0.0,5.0,0.0,0.0,0.0,1.0,14.0,6.0,4.0,1.07,0.0,0.0,29.0
JEC-J05,158.4,0.0,5.0,0.0,0.0,0.0,1.0,14.0,6.0,4.0,1.07,0.0,0.0,29.0
JEC-J05,159.5,0.0,5.0,0.0,0.0,0.0,1.0,13.0,6.0,4.0,1.07,0.0,0.0,29.0
JEC-J05,160.6,0.0,5.0,0.0,0.0,0.0,1.0,13.0,6.0,4.0,1.07,0.0,0.0,29.0
JEC-J05,161.7,0.0,5.0,0.0,0.0,0.0,1.0,14.0,6.0,4.0,1.07,0.0,0.0,29.0
JEC-J05,162.8,0.0,5.0,0.0,0.0,0.0,1.0,14.0,6.0,4.0,1.07,0.0,0.0,30.0
JEC-J05,163.9,0.0,5.0,0.0,0.0,0.0,1.0,13.0,6.0,4.0,1.07,0.0,0.0,29.0
JEC-J05,165.0,0.0,5.0,0.0,0.0,0.0,1.0,12.0,6.0,4.0,1.07,0.0,0.0,29.0
JEC-J05,166.1,0.0,5.0,0.0,0.0,0.0,1.0,13.0,6.0,4.0,1.07,0.0,0.0,29.0
JEC-J05,167.2,0.0,5.0,0.0,0.0,0.0,1.0,14.0,6.0,4.0,1.07,0.0,0.0,29.0
JEC-J05,168.3,0.0,5.0,0.0,0.0,0.0,1.0,14.0,6.0,4.0,1.07,0.0,0.0,29.0
JEC-J05,169.4,0.0,5.0,0.0,0.0,0.0,1.0,13.0,6.0,4.0,1.07,0.0,0.0,29.0
JEC-J05,170.5,0.0,5.0,0.0,0.0,0.0,1.0,13.0,6.0,4.0,1.0,0.0,0.0,28.0
JEC-J05,171.6,0.0,5.0,0.0,0.0,0.0,1.0,14.0,6.0,4.0,1.0,0.0,0.0,29.0
JEC-J05,172.7,0.0,5.0,0.0,0.0,0.0,1.0,14.0,6.0,4.0,1.0,0.0,0.0,29.0
JEC-J05,173.8,0.0,5.0,0.0,0.0,0.0,1.0,13.0,6.0,4.0,1.0,0.0,0.0,29.0
JEC-J05,174.9,0.0,5.0,0.0,0.0,0.0,1.0,12.0,6.0,4.0,1.0,0.0,0.0,29.0
JEC-J05,176.0,0.0,5.0,0.0,0.0,0.0,1.0,13.0,6.0,4.0,1.0,0.0,0.0,30.0
JEC-J05,177.1,0.0,5.0,0.0,0.0,0.0,1.0,14.0,6.0,4.0,1.0,0.0,0.0,29.0
JEC-J05,178.2,0.0,5.0,0.0,0.0,0.0,1.0,14.0,6.0,4.0,1.0,0.0,0.0,29.0
JEC-J05,179.3,0.0,5.0,0.0,0.0,0.0,1.0,13.0,6.0,4.0,1.0,0.0,0.0,29.0
JEC-J05,180.4,0.0,5.0,0.0,0.0,0.0,2.0,13.0,6.0,4.0,1.0,0.0,0.0,29.0
JEC-J05,181.5,0.0,5.0,0.0,0.0,0.0,1.0,14.0,6.0,4.0,1.0,0.0,0.0,29.0
JEC-J05,182.6,0.0,5.0,0.0,0.0,0.0,1.0,14.0,6.0,4.0,1.0,0.0,0.0,29.0
JEC-J05,183.7,0.0,5.0,0.0,0.0,0.0,1.0,13.0,6.0,4.0,1.0,0.0,0.0,29.0
JEC-J05,184.8,0.0,5.0,0.0,0.0,0.0,1.0,12.0,6.0,4.0,1.0,0.0,0.0,29.0
JEC-J05,185.9,0.0,5.0,0.0,0.0,0.0,1.0,13.0,6.0,4.0,1.0,0.0,0.0,29.0
JEC-J05,187.0,0.0,5.0,0.0,0.0,0.0,1.0,14.0,6.0,4.0,1.0,0.0,0.0,29.0
JEC-J05,188.1,0.0,5.0,0.0,0.0,0.0,1.0,14.0,6.0,4.0,1.0,0.0,0.0,29.0
JEC-J05,189.2,0.0,5.0,0.0,0.0,0.0,2.0,13.0,6.0,4.0,1.0,0.0,0.0,30.0
JEC-J05,190.3,0.0,5.0,0.0,0.0,0.0,1.0,13.0,6.0,4.0,1.0,0.0,0.0,29.0
JEC-J05,191.4,0.0,5.0,0.0,0.0,0.0,1.0,14.0,6.0,4.0,1.0,0.0,0.0,28.0
JEC-J05,192.5,0.0,5.0,0.0,0.0,0.0,1.0,14.0,6.0,4.0,1.0,0.0,0.0,30.0
JEC-J05,193.6,0.0,5.0,0.0,0.0,0.0,1.0,13.0,6.0,4.0,1.0,0.0,0.0,29.0
JEC-J06,1.1,0.0,5.0,0.0,0.0,0.0,0.0,0.0,4.0,0.0,1.3,0.0,0.0,0.0
JEC-J06,2.2,0.0,5.0,0.0,0.0,0.0,0.0,0.0,4.0,0.0,1.3,0.0,0.0,0.0
JEC-J06,3.3,0.0,5.0,0.0,0.0,0.0,0.0,0.0,4.0,0.0,1.3,0.0,0.0,0.0
JEC-J06,4.4,0.0,5.0,0.0,0.0,0.0,0.0,0.0,4.0,0.0,1.3,0.0,0.0,0.0
JEC-J06,5.5,0.0,5.0,0.0,0.0,0.0,0.0,0.0,4.0,0.0,1.3,0.0,0.0,0.0
JEC-J06,6.6,0.0,5.0,0.0,0.0,0.0,0.0,0.0,4.0,0.0,1.3,0.0,0.0,0.0
JEC-J06,7.7,0.0,5.0,0.0,0.0,0.0,0.0,0.0,4.0,0.0,1.3,0.0,0.0,0.0
JEC-J06,8.8,0.0,5.0,0.0,0.0,0.0,0.0,0.0,4.0,0.0,1.3,0.0,0.0,0.0
JEC-J06,9.9,0.0,5.0,0.0,0.0,0.0,0.0,0.0,4.0,0.0,1.3,0.0,0.0,0.0
JEC-J06,11.0,0.0,5.0,0.0,0.0,0.0,0.0,0.0,4.0,0.0,1.3,0.0,0.0,0.0
JEC-J06,12.1,0.0,5.0,0.0,0.0,0.0,0.0,0.0,4.0,0.0,1.3,0.0,0.0,0.0
JEC-J06,13.2,0.0,5.0,0.0,0.0,0.0,0.0,0.0,4.0,0.0,1.3,0.0,0.0,0.0
JEC-J06,14.3,0.0,5.0,0.0,0.0,0.0,0.0,0.0,4.0,0.0,1.3,0.0,0.0,0.0
JEC-J06,15.4,0.0,5.0,0.0,0.0,0.0,0.0,0.0,4.0,0.0,1.3,0.0,0.0,0.0
JEC-J06,16.5,0.0,5.0,0.0,0.0,0.0,0.0,0.0,4.0,0.0,1.3,0.0,0.0,0.0
JEC-J06,17.6,0.0,5.0,0.0,0.0,0.0,0.0,0.0,4.0,1.0,1.3,0.0,0.0,1.0
JEC-J06,18.7,1.0,5.0,0.0,0.0,0.0,1.0,0.0,4.0,1.0,1.3,0.0,0.0,1.0
JEC-J06,19.8,1.0,5.0,0.0,0.0,0.0,1.0,0.0,4.0,1.0,1.3,0.0,0.0,1.0
JEC-J06,20.9,1.0,5.0,0.0,0.0,0.0,2.0,0.0,4.0,1.0,1.3,0.0,0.0,1.0
JEC-J06,22.0,0.0,5.0,0.0,0.0,0.0,2.0,0.0,4.0,1.0,1.3,0.0,0.0,3.0
JEC-J06,23.1,0.0,5.0,0.0,0.0,0.0,2.0,0.0,4.0,1.0,1.3,0.0,0.0,4.0
JEC-J06,24.2,0.0,5.0,1.0,0.0,0.0,2.0,0.0,4.0,1.0,1.3,0.0,0.0,5.0
JEC-J06,25.3,0.0,5.0,1.0,0.0,0.0,2.0,0.0,4.0,2.0,1.3,0.0,0.0,2.0
JEC-J06,26.4,0.0,5.0,1.0,0.0,0.0,2.0,0.0,4.0,2.0,1.3,0.0,0.0,2.0
JEC-J06,27.5,1.0,5.0,0.0,0.0,0.0,1.0,0.0,4.0,3.0,1.3,0.0,0.0,2.0
JEC-J06,28.6,1.0,5.0,0.0,0.0,0.0,1.0,0.0,4.0,3.0,1.3,0.0,0.0,2.0
JEC-J06,29.7,1.0,5.0,0.0,0.0,0.0,1.0,0.0,4.0,2.0,1.3,0.0,0.0,2.0
JEC-J06,30.8,0.0,5.0,0.0,0.0,0.0,1.0,0.0,4.0,2.0,1.3,0.0,0.0,3.0
JEC-J06,31.9,0.0,5.0,0.0,0.0,0.0,1.0,0.0,4.0,2.0,1.3,0.0,0.0,3.0
JEC-J06,33.0,0.0,5.0,1.0,0.0,0.0,0.0,0.0,4.0,3.0,1.3,0.0,0.0,4.0
JEC-J06,34.1,1.0,5.0,1.0,0.0,0.0,0.0,0.0,4.0,3.0,1.3,0.0,0.0,0.0
JEC-J06,35.2,1.0,5.0,1.0,0.0,0.0,0.0,0.0,4.0,3.0,1.3,0.0,0.0,0.0
JEC-J06,36.3,1.0,5.0,0.0,0.0,0.0,0.0,0.0,4.0,3.0,1.3,0.0,0.0,0.0
JEC-J06,37.4,0.0,5.0,0.0,0.0,0.0,0.0,0.0,4.0,3.0,1.3,0.0,0.0,1.0
JEC-J06,38.5,1.0,5.0,0.0,0.0,0.0,1.0,0.0,4.0,2.0,1.3,0.0,0.0,1.0
JEC-J06,39.6,1.0,5.0,1.0,0.0,0.0,1.0,0.0,4.0,2.0,1.3,0.0,0.0,2.0
JEC-J06,40.7,1.0,5.0,1.0,0.0,0.0,1.0,1.0,4.0,2.0,1.3,0.0,0.0,1.0
JEC-J06,41.8,1.0,5.0,1.0,0.0,0.0,1.0,1.0,4.0,2.0,1.3,0.0,0.0,2.0
JEC-J06,42.9,1.0,5.0,0.0,0.0,0.0,1.0,1.0,4.0,2.0,1.3,0.0,0.0,3.0
JEC-J06,44.0,1.0,5.0,1.0,0.0,0.0,1.0,1.0,4.0,2.0,1.3,0.0,0.0,3.0
JEC-J06,45.1,1.0,5.0,1.0,0.0,0.0,1.0,1.0,4.0,2.0,1.3,0.0,0.0,4.0
JEC-J06,46.2,1.0,5.0,1.0,0.0,0.0,1.0,0.0,4.0,2.0,1.3,0.0,0.0,0.0
JEC-J06,47.3,1.0,5.0,1.0,0.0,0.0,1.0,0.0,4.0,2.0,1.3,0.0,0.0,0.0
JEC-J06,48.4,1.0,5.0,1.0,0.0,0.0,1.0,0.0,4.0,2.0,1.3,0.0,0.0,0.0
JEC-J06,49.5,1.0,5.0,1.0,0.0,0.0,1.0,0.0,4.0,2.0,1.3,0.0,0.0,0.0
JEC-J06,50.6,1.0,5.0,1.0,0.0,0.0,1.0,0.0,4.0,2.0,1.0,0.0,0.0,0.0
JEC-J06,51.7,1.0,5.0,1.0,0.0,0.0,1.0,0.0,4.0,2.0,1.0,0.0,0.0,0.0
JEC-J06,52.8,1.0,5.0,1.0,0.0,0.0,1.0,0.0,4.0,2.0,1.0,0.0,0.0,0.0
JEC-J06,53.9,1.0,5.0,1.0,0.0,0.0,1.0,0.0,4.0,2.0,1.0,0.0,0.0,0.0
JEC-J06,55.0,1.0,5.0,1.0,0.0,0.0,1.0,0.0,4.0,2.0,1.0,0.0,0.0,0.0
JEC-J06,56.1,1.0,5.0,1.0,0.0,0.0,1.0,0.0,4.0,2.0,1.21,0.0,0.0,0.0
JEC-J06,57.2,1.0,5.0,1.0,0.0,0.0,1.0,0.0,5.0,2.0,1.21,0.0,0.0,0.0
JEC-J06,58.3,1.0,5.0,1.0,0.0,0.0,1.0,0.0,5.0,2.0,1.21,0.0,0.0,0.0
JEC-J06,59.4,1.0,5.0,1.0,0.0,0.0,1.0,0.0,5.0,2.0,1.21,0.0,0.0,0.0
JEC-J06,60.5,1.0,5.0,1.0,0.0,0.0,1.0,0.0,5.0,2.0,1.21,0.0,0.0,0.0
JEC-J06,61.6,1.0,5.0,1.0,0.0,0.0,1.0,0.0,5.0,2.0,1.21,0.0,0.0,0.0
JEC-J06,62.7,1.0,5.0,1.0,0.0,0.0,1.0,0.0,5.0,2.0,1.21,0.0,0.0,0.0
JEC-J06,63.8,1.0,5.0,1.0,0.0,0.0,1.0,0.0,5.0,2.0,1.21,0.0,0.0,0.0
JEC-J06,64.9,1.0,5.0,1.0,0.0,0.0,1.0,0.0,5.0,2.0,1.21,0.0,0.0,0.0
JEC-J06,66.0,1.0,5.0,1.0,0.0,0.0,2.0,0.0,5.0,2.0,1.21,0.0,0.0,0.0
JEC-J06,67.1,1.0,5.0,1.0,0.0,0.0,2.0,0.0,5.0,2.0,1.21,0.0,0.0,0.0
JEC-J06,68.2,1.0,5.0,1.0,0.0,0.0,2.0,0.0,5.0,2.0,1.21,0.0,0.0,0.0
JEC-J06,69.3,1.0,5.0,1.0,0.0,0.0,2.0,0.0,5.0,2.0,1.21,0.0,0.0,0.0
JEC-J06,70.4,1.0,5.0,1.0,0.0,0.0,2.0,0.0,5.0,2.0,1.21,0.0,0.0,0.0
JEC-J06,71.5,1.0,5.0,1.0,0.0,0.0,2.0,0.0,5.0,2.0,1.21,0.0,0.0,0.0
JEC-J06,72.6,1.0,5.0,1.0,0.0,0.0,2.0,0.0,5.0,2.0,1.21,0.0,0.0,0.0
JEC-J06,73.7,1.0,5.0,1.0,0.0,0.0,2.0,0.0,5.0,2.0,1.21,0.0,0.0,0.0
JEC-J06,74.8,1.0,5.0,1.0,0.0,0.0,2.0,0.0,5.0,2.0,1.21,0.0,0.0,0.0
JEC-J06,75.9,1.0,5.0,1.0,0.0,0.0,2.0,0.0,5.0,2.0,1.21,0.0,0.0,0.0
JEC-J06,77.0,1.0,5.0,1.0,0.0,0.0,2.0,0.0,5.0,2.0,1.21,0.0,0.0,0.0
JEC-J06,78.1,1.0,5.0,1.0,0.0,0.0,2.0,0.0,5.0,2.0,1.21,0.0,0.0,0.0
JEC-J06,79.2,1.0,5.0,1.0,0.0,0.0,2.0,0.0,5.0,2.0,1.21,0.0,0.0,0.0
JEC-J06,80.3,1.0,5.0,1.0,0.0,0.0,2.0,0.0,5.0,2.0,1.21,0.0,0.0,1.0
JEC-J06,81.4,1.0,5.0,1.0,0.0,0.0,2.0,0.0,5.0,2.0,1.21,0.0,0.0,2.0
JEC-J06,82.5,1.0,5.0,1.0,0.0,0.0,2.0,0.0,5.0,2.0,1.21,0.0,0.0,4.0
JEC-J06,83.6,1.0,5.0,1.0,0.0,0.0,2.0,0.0,5.0,2.0,1.21,0.0,0.0,5.0
JEC-J06,84.7,1.0,5.0,1.0,0.0,0.0,2.0,0.0,5.0,2.0,1.21,0.0,0.0,6.0
JEC-J06,85.8,1.0,5.0,1.0,0.0,0.0,2.0,0.0,5.0,2.0,1.21,0.0,0.0,6.0
JEC-J06,86.9,1.0,5.0,1.0,0.0,0.0,2.0,0.0,5.0,2.0,1.21,0.0,0.0,6.0
JEC-J06,88.0,1.0,5.0,1.0,0.0,0.0,2.0,0.0,5.0,2.0,1.21,0.0,0.0,6.0
JEC-J06,89.1,1.0,5.0,1.0,0.0,0.0,2.0,0.0,5.0,2.0,1.21,0.0,0.0,6.0
JEC-J06,90.2,1.0,5.0,1.0,0.0,0.0,2.0,0.0,5.0,2.0,1.21,0.0,0.0,5.0
JEC-J06,91.3,1.0,5.0,1.0,0.0,0.0,2.0,0.0,5.0,2.0,1.21,0.0,0.0,5.0
JEC-J06,92.4,1.0,5.0,1.0,0.0,0.0,2.0,0.0,5.0,2.0,1.21,0.0,0.0,5.0
JEC-J06,93.5,1.0,5.0,1.0,0.0,0.0,2.0,0.0,5.0,2.0,1.21,0.0,0.0,6.0
JEC-J06,94.6,1.0,5.0,1.0,0.0,0.0,2.0,0.0,5.0,2.0,1.21,0.0,0.0,6.0
JEC-J06,95.7,1.0,5.0,1.0,0.0,0.0,2.0,0.0,5.0,2.0,1.21,0.0,0.0,6.0
JEC-J06,96.8,1.0,5.0,1.0,0.0,0.0,2.0,0.0,5.0,2.0,1.21,0.0,0.0,6.0
JEC-J06,97.9,1.0,5.0,1.0,0.0,0.0,2.0,0.0,5.0,2.0,1.21,0.0,0.0,6.0
JEC-J06,99.0,1.0,5.0,1.0,0.0,0.0,2.0,0.0,5.0,2.0,1.21,0.0,0.0,6.0
JEC-J06,100.1,1.0,5.0,1.0,0.0,0.0,2.0,0.0,5.0,2.0,1.21,0.0,0.0,6.0
JEC-J06,101.2,1.0,5.0,1.0,0.0,0.0,2.0,0.0,5.0,2.0,1.21,0.0,0.0,5.0
JEC-J06,102.3,1.0,5.0,1.0,0.0,0.0,2.0,0.0,5.0,2.0,1.21,0.0,0.0,5.0
JEC-J06,103.4,1.0,5.0,1.0,0.0,0.0,2.0,0.0,5.0,2.0,1.21,0.0,0.0,5.0
JEC-J06,104.5,1.0,5.0,1.0,0.0,0.0,2.0,0.0,5.0,2.0,1.21,0.0,0.0,6.0
JEC-J06,105.6,1.0,5.0,1.0,0.0,0.0,2.0,0.0,5.0,2.0,1.21,0.0,0.0,6.0
JEC-J06,106.7,1.0,5.0,1.0,0.0,0.0,2.0,0.0,5.0,2.0,1.21,0.0,0.0,6.0
JEC-J06,107.8,1.0,5.0,1.0,0.0,0.0,2.0,0.0,5.0,2.0,1.21,0.0,0.0,6.0
JEC-J06,108.9,1.0,5.0,1.0,0.0,0.0,2.0,0.0,5.0,2.0,1.21,0.0,0.0,6.0
JEC-J06,110.0,1.0,5.0,1.0,0.0,0.0,2.0,0.0,5.0,2.0,1.21,0.0,0.0,6.0
JEC-J06,111.1,1.0,5.0,1.0,0.0,0.0,2.0,0.0,5.0,2.0,1.21,0.0,0.0,6.0
JEC-J06,112.2,1.0,5.0,1.0,0.0,0.0,2.0,0.0,5.0,2.0,1.21,0.0,0.0,5.0
JEC-J06,113.3,1.0,5.0,1.0,0.0,0.0,2.0,0.0,5.0,2.0,1.21,0.0,0.0,5.0
JEC-J06,114.4,1.0,5.0,1.0,0.0,0.0,2.0,0.0,5.0,2.0,1.21,0.0,0.0,5.0
JEC-J06,115.5,1.0,5.0,1.0,0.0,0.0,2.0,0.0,5.0,2.0,1.0,0.0,0.0,6.0
JEC-J06,116.6,1.0,5.0,1.0,0.0,0.0,2.0,0.0,5.0,2.0,1.0,0.0,0.0,6.0
JEC-J06,117.7,1.0,5.0,1.0,0.0,0.0,2.0,0.0,5.0,2.0,1.0,0.0,0.0,6.0
JEC-J06,118.8,1.0,5.0,1.0,0.0,0.0,2.0,0.0,5.0,2.0,1.0,0.0,0.0,6.0
JEC-J06,119.9,1.0,5.0,1.0,0.0,0.0,2.0,0.0,5.0,2.0,1.0,0.0,0.0,6.0
JEC-J06,121.0,1.0,5.0,1.0,0.0,0.0,2.0,0.0,5.0,2.0,1.07,0.0,0.0,6.0
JEC-J06,122.1,1.0,5.0,1.0,0.0,0.0,2.0,0.0,5.0,2.0,1.07,0.0,0.0,6.0
JEC-J06,123.2,1.0,5.0,1.0,0.0,0.0,2.0,0.0,5.0,2.0,1.07,0.0,0.0,5.0
JEC-J06,124.3,1.0,5.0,1.0,0.0,0.0,2.0,0.0,5.0,2.0,1.07,0.0,0.0,5.0
JEC-J06,125.4,1.0,5.0,1.0,0.0,0.0,2.0,0.0,5.0,2.0,1.07,0.0,0.0,5.0
JEC-J06,126.5,1.0,5.0,1.0,0.0,0.0,2.0,0.0,5.0,2.0,1.07,0.0,0.0,6.0
JEC-J06,127.6,1.0,5.0,1.0,0.0,0.0,2.0,0.0,5.0,2.0,1.07,0.0,0.0,6.0
JEC-J06,128.7,1.0,5.0,1.0,0.0,0.0,2.0,0.0,5.0,2.0,1.07,0.0,0.0,6.0
JEC-J06,129.8,1.0,5.0,1.0,0.0,0.0,2.0,0.0,5.0,2.0,1.07,0.0,0.0,6.0
JEC-J06,130.9,1.0,5.0,1.0,0.0,0.0,2.0,0.0,5.0,2.0,1.07,0.0,0.0,6.0
JEC-J06,132.0,1.0,5.0,1.0,0.0,0.0,2.0,0.0,5.0,2.0,1.07,0.0,0.0,6.0
JEC-J06,133.1,1.0,5.0,1.0,0.0,0.0,2.0,0.0,5.0,2.0,1.07,0.0,0.0,6.0
JEC-J06,134.2,1.0,5.0,1.0,0.0,0.0,2.0,0.0,5.0,2.0,1.07,0.0,0.0,5.0
JEC-J06,135.3,1.0,5.0,1.0,0.0,0.0,2.0,0.0,5.0,2.0,1.07,0.0,0.0,5.0
JEC-J06,136.4,1.0,5.0,1.0,0.0,0.0,2.0,0.0,5.0,2.0,1.07,0.0,0.0,5.0
JEC-J06,137.5,1.0,5.0,1.0,0.0,0.0,2.0,0.0,5.0,2.0,1.07,0.0,0.0,6.0
JEC-J06,138.6,1.0,5.0,1.0,0.0,0.0,2.0,0.0,5.0,2.0,1.07,0.0,0.0,6.0
JEC-J06,139.7,1.0,5.0,1.0,0.0,0.0,2.0,0.0,5.0,2.0,1.07,0.0,0.0,6.0
JEC-J06,140.8,1.0,5.0,1.0,0.0,0.0,2.0,0.0,5.0,2.0,1.07,0.0,0.0,6.0
JEC-J06,141.9,1.0,5.0,1.0,0.0,0.0,2.0,0.0,5.0,2.0,1.07,0.0,0.0,6.0
JEC-J06,143.0,1.0,5.0,1.0,0.0,0.0,2.0,0.0,5.0,2.0,1.07,0.0,0.0,6.0
JEC-J06,144.1,1.0,5.0,1.0,0.0,0.0,2.0,0.0,5.0,2.0,1.07,0.0,0.0,6.0
JEC-J06,145.2,1.0,5.0,1.0,0.0,0.0,2.0,0.0,5.0,2.0,1.07,0.0,0.0,5.0
JEC-J06,146.3,1.0,5.0,1.0,0.0,0.0,2.0,0.0,5.0,2.0,1.07,0.0,0.0,5.0
JEC-J06,147.4,1.0,5.0,1.0,0.0,0.0,2.0,0.0,5.0,2.0,1.07,0.0,0.0,5.0
JEC-J06,148.5,1.0,5.0,1.0,0.0,0.0,2.0,0.0,5.0,2.0,1.07,0.0,0.0,6.0
JEC-J06,149.6,1.0,5.0,1.0,0.0,0.0,2.0,0.0,5.0,2.0,1.07,0.0,0.0,6.0
JEC-J06,150.7,1.0,5.0,1.0,0.0,0.0,2.0,0.0,5.0,2.0,1.07,0.0,0.0,6.0
JEC-J06,151.8,1.0,5.0,1.0,0.0,0.0,2.0,0.0,5.0,2.0,1.07,0.0,0.0,6.0
JEC-J06,152.9,1.0,5.0,1.0,0.0,0.0,2.0,0.0,5.0,2.0,1.07,0.0,0.0,6.0
JEC-J06,154.0,1.0,5.0,1.0,0.0,0.0,2.0,0.0,5.0,2.0,1.07,0.0,0.0,6.0
JEC-J06,155.1,1.0,5.0,1.0,0.0,0.0,2.0,0.0,5.0,2.0,1.07,0.0,0.0,6.0
JEC-J06,156.2,1.0,5.0,1.0,0.0,0.0,2.0,0.0,5.0,2.0,1.07,0.0,0.0,5.0
JEC-J06,157.3,1.0,5.0,1.0,0.0,0.0,2.0,0.0,5.0,2.0,1.07,0.0,0.0,5.0
JEC-J06,158.4,1.0,5.0,1.0,0.0,0.0,2.0,0.0,5.0,2.0,1.07,0.0,0.0,5.0
JEC-J06,159.5,1.0,5.0,1.0,0.0,0.0,2.0,0.0,5.0,2.0,1.07,0.0,0.0,6.0
JEC-J06,160.6,1.0,5.0,1.0,0.0,0.0,2.0,0.0,5.0,2.0,1.07,0.0,0.0,6.0
JEC-J06,161.7,1.0,5.0,1.0,0.0,0.0,2.0,0.0,5.0,2.0,1.07,0.0,0.0,6.0
JEC-J06,162.8,1.0,5.0,1.0,0.0,0.0,2.0,0.0,5.0,2.0,1.07,0.0,0.0,6.0
JEC-J06,163.9,1.0,5.0,1.0,0.0,0.0,2.0,0.0,5.0,2.0,1.07,0.0,0.0,6.0
JEC-J06,165.0,1.0,5.0,1.0,0.0,0.0,2.0,0.0,5.0,2.0,1.07,0.0,0.0,6.0
JEC-J06,166.1,1.0,5.0,1.0,0.0,0.0,2.0,0.0,5.0,2.0,1.07,0.0,0.0,6.0
JEC-J06,167.2,1.0,5.0,1.0,0.0,0.0,2.0,0.0,5.0,2.0,1.07,0.0,0.0,5.0
JEC-J06,168.3,1.0,5.0,1.0,0.0,0.0,2.0,0.0,5.0,2.0,1.07,0.0,0.0,5.0
JEC-J06,169.4,1.0,5.0,1.0,0.0,0.0,2.0,0.0,5.0,2.0,1.07,0.0,0.0,5.0
JEC-J06,170.5,1.0,5.0,1.0,0.0,0.0,2.0,0.0,5.0,2.0,1.0,0.0,0.0,6.0
JEC-J06,171.6,1.0,5.0,1.0,0.0,0.0,2.0,0.0,5.0,2.0,1.0,0.0,0.0,6.0
JEC-J06,172.7,1.0,5.0,1.0,0.0,0.0,2.0,0.0,5.0,2.0,1.0,0.0,0.0,6.0
JEC-J06,173.8,1.0,5.0,1.0,0.0,0.0,2.0,0.0,5.0,2.0,1.0,0.0,0.0,6.0
JEC-J06,174.9,1.0,5.0,1.0,0.0,0.0,2.0,0.0,5.0,2.0,1.0,0.0,0.0,6.0
JEC-J06,176.0,1.0,5.0,1.0,0.0,0.0,2.0,0.0,5.0,2.0,1.0,0.0,0.0,6.0
JEC-J06,177.1,1.0,5.0,1.0,0.0,0.0,2.0,0.0,5.0,2.0,1.0,0.0,0.0,6.0
JEC-J06,178.2,1.0,5.0,1.0,0.0,0.0,2.0,0.0,5.0,2.0,1.0,0.0,0.0,5.0
JEC-J06,179.3,1.0,5.0,1.0,0.0,0.0,2.0,0.0,5.0,2.0,1.0,0.0,0.0,5.0
JEC-J06,180.4,1.0,5.0,1.0,0.0,0.0,2.0,0.0,5.0,2.0,1.0,0.0,0.0,5.0
JEC-J06,181.5,1.0,5.0,1.0,0.0,0.0,2.0,0.0,5.0,2.0,1.0,0.0,0.0,6.0
JEC-J06,182.6,1.0,5.0,1.0,0.0,0.0,2.0,0.0,5.0,2.0,1.0,0.0,0.0,6.0
JEC-J06,183.7,1.0,5.0,1.0,0.0,0.0,2.0,0.0,5.0,2.0,1.0,0.0,0.0,6.0
JEC-J06,184.8,1.0,5.0,1.0,0.0,0.0,2.0,0.0,5.0,2.0,1.0,0.0,0.0,6.0
JEC-J06,185.9,1.0,5.0,1.0,0.0,0.0,2.0,0.0,5.0,2.0,1.0,0.0,0.0,6.0
JEC-J06,187.0,1.0,5.0,1.0,0.0,0.0,2.0,0.0,5.0,2.0,1.0,0.0,0.0,6.0
JEC-J06,188.1,1.0,5.0,1.0,0.0,0.0,2.0,0.0,5.0,2.0,1.0,0.0,0.0,6.0
JEC-J06,189.2,1.0,5.0,1.0,0.0,0.0,2.0,0.0,5.0,2.0,1.0,0.0,0.0,5.0
JEC-J06,190.3,1.0,5.0,1.0,0.0,0.0,2.0,0.0,5.0,2.0,1.0,0.0,0.0,5.0
JEC-J06,191.4,1.0,5.0,1.0,0.0,0.0,2.0,0.0,5.0,2.0,1.0,0.0,0.0,5.0
JEC-J06,192.5,1.0,5.0,1.0,0.0,0.0,2.0,0.0,5.0,2.0,1.0,0.0,0.0,6.0
JEC-J06,193.6,1.0,5.0,1.0,0.0,0.0,2.0,0.0,5.0,2.0,1.0,0.0,0.0,6.0
JEC-J19,1.1,0.0,5.0,0.0,0.0,0.0,0.0,0.0,3.0,0.0,1.3,0.0,0.0,0.0
JEC-J19,2.2,0.0,5.0,0.0,0.0,0.0,0.0,0.0,3.0,0.0,1.3,0.0,0.0,0.0
JEC-J19,3.3,0.0,5.0,0.0,0.0,0.0,0.0,0.0,3.0,0.0,1.3,0.0,0.0,0.0
JEC-J19,4.4,0.0,5.0,0.0,0.0,0.0,0.0,0.0,3.0,0.0,1.3,0.0,0.0,0.0
JEC-J19,5.5,0.0,5.0,0.0,0.0,0.0,0.0,0.0,3.0,0.0,1.3,0.0,0.0,0.0
JEC-J19,6.6,0.0,5.0,0.0,0.0,0.0,0.0,0.0,3.0,0.0,1.3,0.0,0.0,0.0
JEC-J19,7.7,0.0,5.0,0.0,0.0,0.0,0.0,0.0,3.0,0.0,1.3,0.0,0.0,0.0
JEC-J19,8.8,0.0,5.0,0.0,0.0,0.0,0.0,0.0,3.0,0.0,1.3,0.0,0.0,0.0
JEC-J19,9.9,0.0,5.0,0.0,0.0,0.0,0.0,0.0,3.0,0.0,1.3,0.0,0.0,0.0
JEC-J19,11.0,0.0,5.0,0.0,0.0,0.0,0.0,0.0,3.0,0.0,1.3,0.0,0.0,0.0
JEC-J19,12.1,0.0,5.0,0.0,0.0,0.0,0.0,0.0,3.0,0.0,1.3,0.0,0.0,0.0
JEC-J19,13.2,0.0,5.0,0.0,0.0,0.0,0.0,0.0,3.0,0.0,1.3,0.0,0.0,0.0
JEC-J19,14.3,0.0,5.0,0.0,0.0,0.0,0.0,0.0,3.0,0.0,1.3,0.0,0.0,0.0
JEC-J19,15.4,0.0,5.0,0.0,0.0,0.0,0.0,0.0,3.0,0.0,1.3,0.0,0.0,0.0
JEC-J19,16.5,0.0,5.0,0.0,0.0,0.0,0.0,0.0,3.0,0.0,1.3,0.0,0.0,0.0
JEC-J19,17.6,0.0,5.0,0.0,0.0,0.0,0.0,0.0,3.0,0.0,1.3,0.0,0.0,0.0
JEC-J19,18.7,0.0,5.0,0.0,0.0,0.0,0.0,0.0,3.0,0.0,1.3,0.0,0.0,0.0
JEC-J19,19.8,0.0,5.0,0.0,0.0,0.0,0.0,0.0,3.0,0.0,1.3,0.0,0.0,0.0
JEC-J19,20.9,0.0,5.0,0.0,0.0,0.0,0.0,0.0,4.0,0.0,1.3,0.0,0.0,0.0
JEC-J19,22.0,0.0,5.0,0.0,0.0,0.0,0.0,0.0,4.0,0.0,1.3,0.0,0.0,0.0
JEC-J19,23.1,0.0,5.0,0.0,0.0,0.0,0.0,0.0,4.0,0.0,1.3,0.0,0.0,0.0
JEC-J19,24.2,0.0,5.0,0.0,0.0,0.0,0.0,0.0,5.0,0.0,1.3,0.0,0.0,0.0
JEC-J19,25.3,0.0,5.0,0.0,0.0,0.0,0.0,0.0,5.0,0.0,1.3,0.0,0.0,0.0
JEC-J19,26.4,0.0,5.0,0.0,0.0,0.0,0.0,0.0,6.0,0.0,1.3,0.0,0.0,0.0
JEC-J19,27.5,0.0,5.0,0.0,0.0,0.0,0.0,0.0,6.0,0.0,1.3,0.0,0.0,0.0
JEC-J19,28.6,0.0,5.0,0.0,0.0,0.0,0.0,0.0,7.0,0.0,1.3,0.0,0.0,0.0
JEC-J19,29.7,0.0,5.0,0.0,0.0,0.0,0.0,0.0,7.0,0.0,1.3,0.0,0.0,0.0
JEC-J19,30.8,0.0,5.0,0.0,0.0,0.0,0.0,0.0,7.0,0.0,1.3,0.0,0.0,0.0
JEC-J19,31.9,0.0,5.0,0.0,0.0,0.0,0.0,0.0,7.0,0.0,1.3,0.0,0.0,0.0
JEC-J19,33.0,0.0,5.0,0.0,0.0,0.0,0.0,0.0,7.0,0.0,1.3,0.0,0.0,0.0
JEC-J19,34.1,0.0,5.0,0.0,0.0,0.0,0.0,0.0,8.0,0.0,1.3,0.0,0.0,0.0
JEC-J19,35.2,0.0,5.0,0.0,0.0,0.0,0.0,0.0,8.0,0.0,1.3,0.0,0.0,0.0
JEC-J19,36.3,0.0,5.0,0.0,0.0,0.0,0.0,0.0,8.0,0.0,1.3,0.0,0.0,0.0
JEC-J19,37.4,0.0,5.0,0.0,0.0,0.0,0.0,0.0,9.0,0.0,1.3,0.0,0.0,0.0
JEC-J19,38.5,0.0,5.0,0.0,0.0,0.0,0.0,0.0,9.0,0.0,1.3,0.0,0.0,0.0
JEC-J19,39.6,0.0,5.0,0.0,0.0,0.0,0.0,0.0,10.0,0.0,1.3,0.0,0.0,0.0
JEC-J19,40.7,0.0,5.0,0.0,0.0,0.0,0.0,0.0,10.0,0.0,1.3,0.0,0.0,0.0
JEC-J19,41.8,0.0,5.0,0.0,0.0,0.0,0.0,0.0,10.0,0.0,1.3,0.0,0.0,0.0
JEC-J19,42.9,0.0,5.0,0.0,0.0,0.0,0.0,0.0,10.0,0.0,1.3,0.0,0.0,0.0
JEC-J19,44.0,0.0,5.0,0.0,0.0,0.0,0.0,0.0,10.0,0.0,1.3,0.0,0.0,0.0
JEC-J19,45.1,0.0,5.0,0.0,0.0,0.0,0.0,0.0,10.0,0.0,1.3,0.0,0.0,0.0
JEC-J19,46.2,0.0,5.0,0.0,0.0,0.0,0.0,0.0,10.0,0.0,1.3,0.0,0.0,0.0
JEC-J19,47.3,0.0,5.0,0.0,0.0,0.0,0.0,0.0,10.0,0.0,1.3,0.0,0.0,0.0
JEC-J19,48.4,0.0,5.0,0.0,0.0,0.0,0.0,0.0,10.0,0.0,1.3,0.0,0.0,0.0
JEC-J19,49.5,0.0,5.0,0.0,0.0,0.0,0.0,0.0,10.0,0.0,1.3,0.0,0.0,0.0
JEC-J19,50.6,0.0,5.0,0.0,0.0,0.0,0.0,0.0,10.0,0.0,1.0,0.0,0.0,0.0
JEC-J19,51.7,0.0,5.0,0.0,0.0,0.0,0.0,0.0,10.0,0.0,1.0,0.0,0.0,0.0
JEC-J19,52.8,0.0,5.0,0.0,0.0,0.0,0.0,0.0,10.0,0.0,1.0,0.0,0.0,0.0
JEC-J19,53.9,0.0,5.0,0.0,0.0,0.0,0.0,0.0,10.0,0.0,1.0,0.0,0.0,0.0
JEC-J19,55.0,0.0,5.0,0.0,0.0,0.0,0.0,0.0,10.0,0.0,1.0,0.0,0.0,0.0
JEC-J19,56.1,0.0,5.0,0.0,0.0,0.0,0.0,0.0,10.0,0.0,1.21,0.0,0.0,0.0
JEC-J19,57.2,0.0,5.0,0.0,0.0,0.0,0.0,0.0,10.0,0.0,1.21,0.0,0.0,0.0
JEC-J19,58.3,0.0,5.0,0.0,0.0,0.0,0.0,0.0,10.0,0.0,1.21,0.0,0.0,0.0
JEC-J19,59.4,0.0,5.0,0.0,0.0,0.0,0.0,0.0,10.0,0.0,1.21,0.0,0.0,0.0
JEC-J19,60.5,0.0,5.0,0.0,0.0,0.0,0.0,0.0,10.0,0.0,1.21,0.0,0.0,0.0
JEC-J19,61.6,0.0,5.0,0.0,0.0,0.0,0.0,0.0,10.0,0.0,1.21,0.0,0.0,0.0
JEC-J19,62.7,0.0,5.0,0.0,0.0,0.0,0.0,0.0,10.0,0.0,1.21,0.0,0.0,0.0
JEC-J19,63.8,0.0,5.0,0.0,0.0,0.0,0.0,0.0,10.0,0.0,1.21,0.0,0.0,0.0
JEC-J19,64.9,0.0,5.0,0.0,0.0,0.0,0.0,0.0,10.0,0.0,1.21,0.0,0.0,0.0
JEC-J19,66.0,0.0,5.0,0.0,0.0,0.0,0.0,0.0,10.0,0.0,1.21,0.0,0.0,0.0
JEC-J19,67.1,0.0,5.0,0.0,0.0,0.0,0.0,0.0,10.0,0.0,1.21,0.0,0.0,0.0
JEC-J19,68.2,0.0,5.0,0.0,0.0,0.0,0.0,0.0,10.0,0.0,1.21,0.0,0.0,0.0
JEC-J19,69.3,0.0,5.0,0.0,0.0,0.0,0.0,0.0,10.0,0.0,1.21,0.0,0.0,0.0
JEC-J19,70.4,0.0,5.0,0.0,0.0,0.0,1.0,0.0,10.0,0.0,1.21,0.0,0.0,0.0
JEC-J19,71.5,0.0,5.0,0.0,0.0,0.0,1.0,0.0,10.0,0.0,1.21,0.0,0.0,0.0
JEC-J19,72.6,0.0,5.0,0.0,0.0,0.0,1.0,0.0,10.0,0.0,1.21,0.0,0.0,0.0
JEC-J19,73.7,0.0,5.0,0.0,0.0,0.0,1.0,0.0,10.0,0.0,1.21,0.0,0.0,0.0
JEC-J19,74.8,0.0,5.0,0.0,0.0,0.0,1.0,0.0,10.0,0.0,1.21,0.0,0.0,0.0
JEC-J19,75.9,0.0,5.0,0.0,0.0,0.0,1.0,0.0,10.0,0.0,1.21,0.0,0.0,0.0
JEC-J19,77.0,0.0,5.0,0.0,0.0,0.0,1.0,0.0,10.0,0.0,1.21,0.0,0.0,0.0
JEC-J19,78.1,0.0,5.0,0.0,0.0,0.0,1.0,0.0,10.0,0.0,1.21,0.0,0.0,0.0
JEC-J19,79.2,0.0,5.0,0.0,0.0,0.0,1.0,0.0,10.0,0.0,1.21,0.0,0.0,0.0
JEC-J19,80.3,0.0,5.0,0.0,0.0,0.0,1.0,0.0,10.0,0.0,1.21,0.0,0.0,0.0
JEC-J19,81.4,0.0,5.0,0.0,0.0,0.0,1.0,0.0,10.0,0.0,1.21,0.0,0.0,0.0
JEC-J19,82.5,0.0,5.0,0.0,0.0,0.0,1.0,0.0,10.0,0.0,1.21,0.0,0.0,0.0
JEC-J19,83.6,0.0,5.0,0.0,0.0,0.0,1.0,0.0,10.0,0.0,1.21,0.0,0.0,0.0
JEC-J19,84.7,0.0,5.0,0.0,0.0,0.0,1.0,0.0,10.0,0.0,1.21,0.0,0.0,0.0
JEC-J19,85.8,0.0,5.0,0.0,0.0,0.0,1.0,0.0,10.0,0.0,1.21,0.0,0.0,0.0
JEC-J19,86.9,0.0,5.0,0.0,0.0,0.0,1.0,0.0,10.0,0.0,1.21,0.0,0.0,0.0
JEC-J19,88.0,0.0,5.0,0.0,0.0,0.0,1.0,0.0,10.0,0.0,1.21,0.0,0.0,0.0
JEC-J19,89.1,0.0,5.0,0.0,0.0,0.0,1.0,0.0,10.0,0.0,1.21,0.0,0.0,0.0
JEC-J19,90.2,0.0,5.0,0.0,0.0,0.0,1.0,0.0,10.0,0.0,1.21,0.0,0.0,0.0
JEC-J19,91.3,0.0,5.0,0.0,0.0,0.0,1.0,0.0,10.0,0.0,1.21,0.0,0.0,0.0
JEC-J19,92.4,0.0,5.0,0.0,0.0,0.0,1.0,0.0,10.0,0.0,1.21,0.0,0.0,0.0
JEC-J19,93.5,0.0,5.0,0.0,0.0,0.0,1.0,0.0,10.0,0.0,1.21,0.0,0.0,0.0
JEC-J19,94.6,0.0,5.0,0.0,0.0,0.0,1.0,0.0,10.0,0.0,1.21,0.0,0.0,0.0
JEC-J19,95.7,0.0,5.0,0.0,0.0,0.0,1.0,0.0,10.0,0.0,1.21,0.0,0.0,0.0
JEC-J19,96.8,0.0,5.0,0.0,0.0,0.0,1.0,0.0,10.0,0.0,1.21,0.0,0.0,0.0
JEC-J19,97.9,0.0,5.0,0.0,0.0,0.0,1.0,0.0,10.0,0.0,1.21,0.0,0.0,0.0
JEC-J19,99.0,0.0,5.0,0.0,0.0,0.0,1.0,0.0,10.0,0.0,1.21,0.0,0.0,0.0
JEC-J19,100.1,0.0,5.0,0.0,0.0,0.0,1.0,0.0,10.0,0.0,1.21,0.0,0.0,0.0
JEC-J19,101.2,0.0,5.0,0.0,0.0,0.0,1.0,0.0,10.0,0.0,1.21,0.0,0.0,0.0
JEC-J19,102.3,0.0,5.0,0.0,0.0,0.0,1.0,0.0,10.0,0.0,1.21,0.0,0.0,0.0
JEC-J19,103.4,0.0,5.0,0.0,0.0,0.0,1.0,0.0,10.0,0.0,1.21,0.0,0.0,0.0
JEC-J19,104.5,0.0,5.0,0.0,0.0,0.0,1.0,0.0,10.0,0.0,1.21,0.0,0.0,0.0
JEC-J19,105.6,0.0,5.0,0.0,0.0,0.0,1.0,0.0,10.0,0.0,1.21,0.0,0.0,0.0
JEC-J19,106.7,0.0,5.0,0.0,0.0,0.0,1.0,0.0,10.0,0.0,1.21,0.0,0.0,0.0
JEC-J19,107.8,0.0,5.0,0.0,0.0,0.0,1.0,0.0,10.0,0.0,1.21,0.0,0.0,0.0
JEC-J19,108.9,0.0,5.0,0.0,0.0,0.0,1.0,0.0,10.0,0.0,1.21,0.0,0.0,0.0
JEC-J19,110.0,0.0,5.0,0.0,0.0,0.0,1.0,0.0,10.0,0.0,1.21,0.0,0.0,0.0
JEC-J19,111.1,0.0,5.0,0.0,0.0,0.0,1.0,0.0,10.0,0.0,1.21,0.0,0.0,0.0
JEC-J19,112.2,0.0,5.0,0.0,0.0,0.0,1.0,0.0,10.0,0.0,1.21,0.0,0.0,0.0
JEC-J19,113.3,0.0,5.0,0.0,0.0,0.0,1.0,0.0,10.0,0.0,1.21,0.0,0.0,0.0
JEC-J19,114.4,0.0,5.0,0.0,0.0,0.0,1.0,0.0,10.0,0.0,1.21,0.0,0.0,0.0
JEC-J19,115.5,0.0,5.0,0.0,0.0,0.0,1.0,0.0,10.0,0.0,1.0,0.0,0.0,0.0
JEC-J19,116.6,0.0,5.0,0.0,0.0,0.0,1.0,0.0,10.0,0.0,1.0,0.0,0.0,0.0
JEC-J19,117.7,0.0,5.0,0.0,0.0,0.0,1.0,0.0,10.0,0.0,1.0,0.0,0.0,0.0
JEC-J19,118.8,0.0,5.0,0.0,0.0,0.0,1.0,0.0,10.0,0.0,1.0,0.0,0.0,0.0
JEC-J19,119.9,0.0,5.0,0.0,0.0,0.0,1.0,0.0,10.0,0.0,1.0,0.0,0.0,0.0
JEC-J19,121.0,0.0,5.0,0.0,0.0,0.0,1.0,0.0,10.0,0.0,1.07,0.0,0.0,0.0
JEC-J19,122.1,0.0,5.0,0.0,0.0,0.0,1.0,0.0,10.0,0.0,1.07,0.0,0.0,0.0
JEC-J19,123.2,0.0,5.0,0.0,0.0,0.0,1.0,0.0,10.0,0.0,1.07,0.0,0.0,0.0
JEC-J19,124.3,0.0,5.0,0.0,0.0,0.0,1.0,0.0,10.0,0.0,1.07,0.0,0.0,0.0
JEC-J19,125.4,0.0,5.0,0.0,0.0,0.0,1.0,0.0,10.0,0.0,1.07,0.0,0.0,0.0
JEC-J19,126.5,0.0,5.0,0.0,0.0,0.0,1.0,0.0,10.0,0.0,1.07,0.0,0.0,0.0
JEC-J19,127.6,0.0,5.0,0.0,0.0,0.0,1.0,0.0,10.0,0.0,1.07,0.0,0.0,0.0
JEC-J19,128.7,0.0,5.0,0.0,0.0,0.0,1.0,0.0,10.0,0.0,1.07,0.0,0.0,0.0
JEC-J19,129.8,0.0,5.0,0.0,0.0,0.0,1.0,0.0,10.0,0.0,1.07,0.0,0.0,0.0
JEC-J19,130.9,0.0,5.0,0.0,0.0,0.0,1.0,0.0,10.0,0.0,1.07,0.0,0.0,0.0
JEC-J19,132.0,0.0,5.0,0.0,0.0,0.0,1.0,0.0,10.0,0.0,1.07,0.0,0.0,0.0
JEC-J19,133.1,0.0,5.0,0.0,0.0,0.0,1.0,0.0,10.0,0.0,1.07,0.0,0.0,0.0
JEC-J19,134.2,0.0,5.0,0.0,0.0,0.0,1.0,0.0,10.0,0.0,1.07,0.0,0.0,0.0
JEC-J19,135.3,0.0,5.0,0.0,0.0,0.0,1.0,0.0,10.0,0.0,1.07,0.0,0.0,0.0
JEC-J19,136.4,0.0,5.0,0.0,0.0,0.0,1.0,0.0,10.0,0.0,1.07,0.0,0.0,0.0
JEC-J19,137.5,0.0,5.0,0.0,0.0,0.0,1.0,0.0,10.0,0.0,1.07,0.0,0.0,0.0
JEC-J19,138.6,0.0,5.0,0.0,0.0,0.0,1.0,0.0,10.0,0.0,1.07,0.0,0.0,0.0
JEC-J19,139.7,0.0,5.0,0.0,0.0,0.0,1.0,0.0,10.0,0.0,1.07,0.0,0.0,0.0
JEC-J19,140.8,0.0,5.0,0.0,0.0,0.0,1.0,0.0,10.0,0.0,1.07,0.0,0.0,0.0
JEC-J19,141.9,0.0,5.0,0.0,0.0,0.0,1.0,0.0,10.0,0.0,1.07,0.0,0.0,0.0
JEC-J19,143.0,0.0,5.0,0.0,0.0,0.0,1.0,0.0,10.0,0.0,1.07,0.0,0.0,0.0
JEC-J19,144.1,0.0,5.0,0.0,0.0,0.0,1.0,0.0,10.0,0.0,1.07,0.0,0.0,0.0
JEC-J19,145.2,0.0,5.0,0.0,0.0,0.0,1.0,0.0,10.0,0.0,1.07,0.0,0.0,0.0
JEC-J19,146.3,0.0,5.0,0.0,0.0,0.0,1.0,0.0,10.0,0.0,1.07,0.0,0.0,0.0
JEC-J19,147.4,0.0,5.0,0.0,0.0,0.0,1.0,0.0,10.0,0.0,1.07,0.0,0.0,0.0
JEC-J19,148.5,0.0,5.0,0.0,0.0,0.0,1.0,0.0,10.0,0.0,1.07,0.0,0.0,0.0
JEC-J19,149.6,0.0,5.0,0.0,0.0,0.0,1.0,0.0,10.0,0.0,1.07,0.0,0.0,0.0
JEC-J19,150.7,0.0,5.0,0.0,0.0,0.0,1.0,0.0,10.0,0.0,1.07,0.0,0.0,0.0
JEC-J19,151.8,0.0,5.0,0.0,0.0,0.0,1.0,0.0,10.0,0.0,1.07,0.0,0.0,0.0
JEC-J19,152.9,0.0,5.0,0.0,0.0,0.0,1.0,0.0,10.0,0.0,1.07,0.0,0.0,0.0
JEC-J19,154.0,0.0,5.0,0.0,0.0,0.0,1.0,0.0,10.0,0.0,1.07,0.0,0.0,0.0
JEC-J19,155.1,0.0,5.0,0.0,0.0,0.0,1.0,0.0,10.0,0.0,1.07,0.0,0.0,0.0
JEC-J19,156.2,0.0,5.0,0.0,0.0,0.0,1.0,0.0,10.0,0.0,1.07,0.0,0.0,0.0
JEC-J19,157.3,0.0,5.0,0.0,0.0,0.0,1.0,0.0,10.0,0.0,1.07,0.0,0.0,0.0
JEC-J19,158.4,0.0,5.0,0.0,0.0,0.0,1.0,0.0,10.0,0.0,1.07,0.0,0.0,0.0
JEC-J19,159.5,0.0,5.0,0.0,0.0,0.0,1.0,0.0,10.0,0.0,1.07,0.0,0.0,0.0
JEC-J19,160.6,0.0,5.0,0.0,0.0,0.0,1.0,0.0,10.0,0.0,1.07,0.0,0.0,0.0
JEC-J19,161.7,0.0,5.0,0.0,0.0,0.0,1.0,0.0,10.0,0.0,1.07,0.0,0.0,0.0
JEC-J19,162.8,0.0,5.0,0.0,0.0,0.0,1.0,0.0,10.0,0.0,1.07,0.0,0.0,0.0
JEC-J19,163.9,0.0,5.0,0.0,0.0,0.0,1.0,0.0,10.0,0.0,1.07,0.0,0.0,0.0
JEC-J19,165.0,0.0,5.0,0.0,0.0,0.0,1.0,0.0,10.0,0.0,1.07,0.0,0.0,0.0
JEC-J19,166.1,0.0,5.0,0.0,0.0,0.0,1.0,0.0,10.0,0.0,1.07,0.0,0.0,0.0
JEC-J19,167.2,0.0,5.0,0.0,0.0,0.0,1.0,0.0,10.0,0.0,1.07,0.0,0.0,0.0
JEC-J19,168.3,0.0,5.0,0.0,0.0,0.0,1.0,0.0,10.0,0.0,1.07,0.0,0.0,0.0
JEC-J19,169.4,0.0,5.0,0.0,0.0,0.0,1.0,0.0,10.0,0.0,1.07,0.0,0.0,0.0
JEC-J19,170.5,0.0,5.0,0.0,0.0,0.0,1.0,0.0,10.0,0.0,1.0,0.0,0.0,0.0
JEC-J19,171.6,0.0,5.0,0.0,0.0,0.0,1.0,0.0,10.0,0.0,1.0,0.0,0.0,0.0
JEC-J19,172.7,0.0,5.0,0.0,0.0,0.0,1.0,0.0,10.0,0.0,1.0,0.0,0.0,0.0
JEC-J19,173.8,0.0,5.0,0.0,0.0,0.0,1.0,0.0,10.0,0.0,1.0,0.0,0.0,0.0
JEC-J19,174.9,0.0,5.0,0.0,0.0,0.0,1.0,0.0,10.0,0.0,1.0,0.0,0.0,0.0
JEC-J19,176.0,0.0,5.0,0.0,0.0,0.0,1.0,0.0,10.0,0.0,1.0,0.0,0.0,0.0
JEC-J19,177.1,0.0,5.0,0.0,0.0,0.0,1.0,0.0,10.0,0.0,1.0,0.0,0.0,0.0
JEC-J19,178.2,0.0,5.0,0.0,0.0,0.0,1.0,0.0,10.0,0.0,1.0,0.0,0.0,0.0
JEC-J19,179.3,0.0,5.0,0.0,0.0,0.0,1.0,0.0,10.0,0.0,1.0,0.0,0.0,0.0
JEC-J19,180.4,0.0,5.0,0.0,0.0,0.0,1.0,0.0,10.0,0.0,1.0,0.0,0.0,0.0
JEC-J19,181.5,0.0,5.0,0.0,0.0,0.0,1.0,0.0,10.0,0.0,1.0,0.0,0.0,0.0
JEC-J19,182.6,0.0,5.0,0.0,0.0,0.0,1.0,0.0,10.0,0.0,1.0,0.0,0.0,0.0
JEC-J19,183.7,0.0,5.0,0.0,0.0,0.0,1.0,0.0,10.0,0.0,1.0,0.0,0.0,0.0
JEC-J19,184.8,0.0,5.0,0.0,0.0,0.0,1.0,0.0,10.0,0.0,1.0,0.0,0.0,0.0
JEC-J19,185.9,0.0,5.0,0.0,0.0,0.0,1.0,0.0,10.0,0.0,1.0,0.0,0.0,0.0
JEC-J19,187.0,0.0,5.0,0.0,0.0,0.0,1.0,0.0,10.0,0.0,1.0,0.0,0.0,0.0
JEC-J19,188.1,0.0,5.0,0.0,0.0,0.0,1.0,0.0,10.0,0.0,1.0,0.0,0.0,0.0
JEC-J19,189.2,0.0,5.0,0.0,0.0,0.0,1.0,0.0,10.0,0.0,1.0,0.0,0.0,0.0
JEC-J19,190.3,0.0,5.0,0.0,0.0,0.0,1.0,0.0,10.0,0.0,1.0,0.0,0.0,0.0
JEC-J19,191.4,0.0,5.0,0.0,0.0,0.0,1.0,0.0,10.0,0.0,1.0,0.0,0.0,0.0
JEC-J19,192.5,0.0,5.0,0.0,0.0,0.0,1.0,0.0,10.0,0.0,1.0,0.0,0.0,0.0
JEC-J19,193.6,0.0,5.0,0.0,0.0,0.0,1.0,0.0,10.0,0.0,1.0,0.0,0.0,0.0
JEC-J15,1.1,0.0,5.0,0.0,0.0,0.0,0.0,0.0,1.0,0.0,1.3,0.0,0.0,0.0
JEC-J15,2.2,0.0,5.0,0.0,0.0,0.0,0.0,0.0,1.0,0.0,1.3,0.0,0.0,0.0
JEC-J15,3.3,0.0,5.0,0.0,0.0,0.0,0.0,0.0,1.0,0.0,1.3,0.0,0.0,0.0
JEC-J15,4.4,0.0,5.0,0.0,0.0,0.0,0.0,0.0,1.0,0.0,1.3,0.0,0.0,0.0
JEC-J15,5.5,0.0,5.0,0.0,0.0,0.0,0.0,0.0,1.0,0.0,1.3,0.0,0.0,0.0
JEC-J15,6.6,0.0,5.0,0.0,0.0,0.0,0.0,0.0,1.0,0.0,1.3,0.0,0.0,0.0
JEC-J15,7.7,0.0,5.0,0.0,0.0,0.0,0.0,0.0,1.0,0.0,1.3,0.0,0.0,0.0
JEC-J15,8.8,0.0,5.0,0.0,0.0,0.0,0.0,0.0,1.0,0.0,1.3,0.0,0.0,0.0
JEC-J15,9.9,0.0,5.0,0.0,0.0,0.0,0.0,0.0,1.0,0.0,1.3,0.0,0.0,0.0
JEC-J15,11.0,0.0,5.0,0.0,0.0,0.0,0.0,0.0,1.0,0.0,1.3,0.0,0.0,0.0
JEC-J15,12.1,0.0,5.0,0.0,0.0,0.0,0.0,0.0,1.0,0.0,1.3,0.0,0.0,0.0
JEC-J15,13.2,0.0,5.0,0.0,0.0,0.0,0.0,0.0,1.0,0.0,1.3,0.0,0.0,0.0
JEC-J15,14.3,0.0,5.0,0.0,0.0,0.0,0.0,0.0,1.0,0.0,1.3,0.0,0.0,0.0
JEC-J15,15.4,0.0,5.0,0.0,0.0,0.0,0.0,0.0,1.0,0.0,1.3,0.0,0.0,0.0
JEC-J15,16.5,0.0,5.0,0.0,0.0,0.0,0.0,0.0,1.0,0.0,1.3,0.0,0.0,0.0
JEC-J15,17.6,0.0,5.0,0.0,0.0,0.0,0.0,0.0,2.0,0.0,1.3,0.0,0.0,0.0
JEC-J15,18.7,0.0,5.0,0.0,0.0,0.0,0.0,0.0,2.0,0.0,1.3,0.0,0.0,0.0
JEC-J15,19.8,0.0,5.0,0.0,0.0,0.0,0.0,0.0,2.0,0.0,1.3,0.0,0.0,0.0
JEC-J15,20.9,0.0,5.0,0.0,0.0,0.0,1.0,0.0,3.0,0.0,1.3,0.0,0.0,0.0
JEC-J15,22.0,0.0,5.0,0.0,0.0,0.0,1.0,0.0,4.0,0.0,1.3,0.0,0.0,0.0
JEC-J15,23.1,0.0,5.0,0.0,0.0,0.0,1.0,0.0,4.0,0.0,1.3,0.0,0.0,0.0
JEC-J15,24.2,0.0,5.0,0.0,0.0,0.0,1.0,0.0,4.0,0.0,1.3,0.0,0.0,0.0
JEC-J15,25.3,0.0,5.0,0.0,0.0,0.0,1.0,0.0,4.0,0.0,1.3,0.0,0.0,0.0
JEC-J15,26.4,0.0,5.0,0.0,0.0,0.0,2.0,0.0,4.0,0.0,1.3,0.0,0.0,0.0
JEC-J15,27.5,0.0,5.0,0.0,0.0,0.0,2.0,0.0,5.0,0.0,1.3,0.0,0.0,0.0
JEC-J15,28.6,1.0,5.0,0.0,0.0,0.0,2.0,0.0,5.0,0.0,1.3,0.0,0.0,0.0
JEC-J15,29.7,1.0,5.0,0.0,0.0,0.0,1.0,0.0,5.0,1.0,1.3,0.0,0.0,0.0
JEC-J15,30.8,1.0,5.0,0.0,0.0,0.0,1.0,0.0,5.0,1.0,1.3,0.0,0.0,1.0
JEC-J15,31.9,0.0,5.0,0.0,0.0,0.0,2.0,0.0,5.0,1.0,1.3,0.0,0.0,1.0
JEC-J15,33.0,0.0,5.0,0.0,0.0,0.0,2.0,0.0,6.0,1.0,1.3,0.0,0.0,2.0
JEC-J15,34.1,1.0,5.0,1.0,0.0,0.0,2.0,0.0,7.0,1.0,1.3,0.0,0.0,2.0
JEC-J15,35.2,1.0,5.0,1.0,0.0,0.0,1.0,0.0,7.0,2.0,1.3,0.0,0.0,1.0
JEC-J15,36.3,1.0,5.0,1.0,0.0,0.0,1.0,0.0,7.0,2.0,1.3,0.0,0.0,1.0
JEC-J15,37.4,1.0,5.0,0.0,0.0,0.0,2.0,0.0,7.0,2.0,1.3,0.0,0.0,1.0
JEC-J15,38.5,0.0,5.0,0.0,0.0,0.0,2.0,0.0,7.0,2.0,1.3,0.0,0.0,2.0
JEC-J15,39.6,0.0,5.0,1.0,0.0,0.0,2.0,0.0,7.0,1.0,1.3,0.0,0.0,2.0
JEC-J15,40.7,1.0,5.0,1.0,0.0,0.0,2.0,0.0,7.0,1.0,1.3,0.0,0.0,0.0
JEC-J15,41.8,1.0,5.0,1.0,0.0,0.0,1.0,0.0,7.0,2.0,1.3,0.0,0.0,1.0
JEC-J15,42.9,1.0,5.0,1.0,0.0,0.0,2.0,0.0,7.0,2.0,1.3,0.0,0.0,1.0
JEC-J15,44.0,1.0,5.0,0.0,0.0,0.0,2.0,0.0,7.0,2.0,1.3,0.0,0.0,2.0
JEC-J15,45.1,0.0,5.0,0.0,0.0,0.0,2.0,0.0,6.0,1.0,1.3,0.0,0.0,2.0
JEC-J15,46.2,0.0,5.0,1.0,0.0,0.0,1.0,0.0,6.0,2.0,1.3,0.0,0.0,3.0
JEC-J15,47.3,0.0,5.0,1.0,0.0,0.0,1.0,0.0,6.0,2.0,1.3,0.0,0.0,3.0
JEC-J15,48.4,1.0,5.0,1.0,0.0,0.0,1.0,0.0,6.0,2.0,1.3,0.0,0.0,0.0
JEC-J15,49.5,1.0,5.0,1.0,0.0,0.0,1.0,0.0,6.0,2.0,1.3,0.0,0.0,0.0
JEC-J15,50.6,1.0,5.0,0.0,0.0,0.0,1.0,0.0,6.0,2.0,1.0,0.0,0.0,0.0
JEC-J15,51.7,0.0,5.0,0.0,0.0,0.0,2.0,0.0,6.0,1.0,1.0,0.0,0.0,1.0
JEC-J15,52.8,0.0,5.0,0.0,0.0,0.0,2.0,0.0,6.0,1.0,1.0,0.0,0.0,2.0
JEC-J15,53.9,0.0,5.0,1.0,0.0,0.0,2.0,0.0,6.0,1.0,1.0,0.0,0.0,2.0
JEC-J15,55.0,0.0,5.0,1.0,0.0,0.0,2.0,0.0,6.0,1.0,1.0,0.0,0.0,0.0
JEC-J15,56.1,0.0,5.0,1.0,0.0,0.0,2.0,0.0,6.0,1.0,1.21,0.0,0.0,0.0
JEC-J15,57.2,0.0,5.0,0.0,0.0,0.0,2.0,0.0,6.0,1.0,1.21,0.0,0.0,0.0
JEC-J15,58.3,0.0,5.0,0.0,0.0,0.0,2.0,0.0,6.0,1.0,1.21,0.0,0.0,0.0
JEC-J15,59.4,0.0,5.0,0.0,0.0,0.0,2.0,0.0,6.0,1.0,1.21,0.0,0.0,0.0
JEC-J15,60.5,1.0,5.0,0.0,0.0,0.0,1.0,0.0,6.0,1.0,1.21,0.0,0.0,0.0
JEC-J15,61.6,0.0,5.0,0.0,0.0,0.0,2.0,0.0,6.0,1.0,1.21,0.0,0.0,0.0
JEC-J15,62.7,0.0,5.0,0.0,0.0,0.0,2.0,0.0,6.0,1.0,1.21,0.0,0.0,0.0
JEC-J15,63.8,0.0,5.0,0.0,0.0,0.0,2.0,0.0,6.0,1.0,1.21,0.0,0.0,0.0
JEC-J15,64.9,0.0,5.0,0.0,0.0,0.0,2.0,0.0,6.0,1.0,1.21,0.0,0.0,1.0
JEC-J15,66.0,0.0,5.0,1.0,0.0,0.0,2.0,0.0,6.0,1.0,1.21,0.0,0.0,1.0
JEC-J15,67.1,0.0,5.0,0.0,0.0,0.0,2.0,0.0,6.0,1.0,1.21,0.0,0.0,1.0
JEC-J15,68.2,0.0,5.0,0.0,0.0,0.0,2.0,0.0,6.0,1.0,1.21,0.0,0.0,1.0
JEC-J15,69.3,0.0,5.0,0.0,0.0,0.0,2.0,0.0,6.0,1.0,1.21,0.0,0.0,1.0
JEC-J15,70.4,1.0,5.0,0.0,0.0,0.0,2.0,0.0,6.0,1.0,1.21,0.0,0.0,1.0
JEC-J15,71.5,1.0,5.0,0.0,0.0,0.0,2.0,0.0,6.0,1.0,1.21,0.0,0.0,0.0
JEC-J15,72.6,0.0,5.0,0.0,0.0,0.0,2.0,0.0,6.0,1.0,1.21,0.0,0.0,0.0
JEC-J15,73.7,0.0,5.0,0.0,0.0,0.0,2.0,0.0,6.0,1.0,1.21,0.0,0.0,0.0
JEC-J15,74.8,0.0,5.0,0.0,0.0,0.0,2.0,0.0,6.0,1.0,1.21,0.0,0.0,1.0
JEC-J15,75.9,0.0,5.0,1.0,0.0,0.0,2.0,0.0,6.0,1.0,1.21,0.0,0.0,1.0
JEC-J15,77.0,0.0,5.0,1.0,0.0,0.0,2.0,0.0,6.0,1.0,1.21,0.0,0.0,1.0
JEC-J15,78.1,0.0,5.0,0.0,0.0,0.0,2.0,0.0,6.0,1.0,1.21,0.0,0.0,1.0
JEC-J15,79.2,0.0,5.0,0.0,0.0,0.0,2.0,0.0,6.0,1.0,1.21,0.0,0.0,1.0
JEC-J15,80.3,1.0,5.0,0.0,0.0,0.0,2.0,0.0,6.0,1.0,1.21,0.0,0.0,1.0
JEC-J15,81.4,1.0,5.0,0.0,0.0,0.0,2.0,0.0,6.0,1.0,1.21,0.0,0.0,0.0
JEC-J15,82.5,0.0,5.0,0.0,0.0,0.0,2.0,0.0,6.0,1.0,1.21,0.0,0.0,0.0
JEC-J15,83.6,0.0,5.0,0.0,0.0,0.0,2.0,0.0,6.0,1.0,1.21,0.0,0.0,0.0
JEC-J15,84.7,0.0,5.0,0.0,0.0,0.0,2.0,0.0,6.0,1.0,1.21,0.0,0.0,0.0
JEC-J15,85.8,0.0,5.0,1.0,0.0,0.0,2.0,0.0,6.0,1.0,1.21,0.0,0.0,1.0
JEC-J15,86.9,0.0,5.0,1.0,0.0,0.0,2.0,0.0,6.0,1.0,1.21,0.0,0.0,1.0
JEC-J15,88.0,0.0,5.0,0.0,0.0,0.0,2.0,0.0,6.0,1.0,1.21,0.0,0.0,1.0
JEC-J15,89.1,0.0,5.0,0.0,0.0,0.0,2.0,0.0,6.0,1.0,1.21,0.0,0.0,1.0
JEC-J15,90.2,0.0,5.0,0.0,0.0,0.0,2.0,0.0,6.0,1.0,1.21,0.0,0.0,1.0
JEC-J15,91.3,1.0,5.0,0.0,0.0,0.0,2.0,0.0,6.0,1.0,1.21,0.0,0.0,1.0
JEC-J15,92.4,1.0,5.0,0.0,0.0,0.0,2.0,0.0,6.0,1.0,1.21,0.0,0.0,0.0
JEC-J15,93.5,0.0,5.0,0.0,0.0,0.0,1.0,0.0,6.0,1.0,1.21,0.0,0.0,0.0
JEC-J15,94.6,0.0,5.0,0.0,0.0,0.0,2.0,0.0,6.0,1.0,1.21,0.0,0.0,0.0
JEC-J15,95.7,0.0,5.0,0.0,0.0,0.0,2.0,0.0,6.0,1.0,1.21,0.0,0.0,0.0
JEC-J15,96.8,0.0,5.0,1.0,0.0,0.0,2.0,0.0,6.0,1.0,1.21,0.0,0.0,1.0
JEC-J15,97.9,0.0,5.0,1.0,0.0,0.0,2.0,0.0,6.0,1.0,1.21,0.0,0.0,1.0
JEC-J15,99.0,0.0,5.0,0.0,0.0,0.0,2.0,0.0,6.0,1.0,1.21,0.0,0.0,1.0
JEC-J15,100.1,0.0,5.0,0.0,0.0,0.0,2.0,0.0,6.0,1.0,1.21,0.0,0.0,1.0
JEC-J15,101.2,1.0,5.0,0.0,0.0,0.0,2.0,0.0,6.0,1.0,1.21,0.0,0.0,1.0
JEC-J15,102.3,1.0,5.0,0.0,0.0,0.0,2.0,0.0,6.0,1.0,1.21,0.0,0.0,0.0
JEC-J15,103.4,0.0,5.0,0.0,0.0,0.0,2.0,0.0,6.0,1.0,1.21,0.0,0.0,0.0
JEC-J15,104.5,0.0,5.0,0.0,0.0,0.0,2.0,0.0,6.0,1.0,1.21,0.0,0.0,0.0
JEC-J15,105.6,0.0,5.0,0.0,0.0,0.0,2.0,0.0,6.0,1.0,1.21,0.0,0.0,0.0
JEC-J15,106.7,0.0,5.0,1.0,0.0,0.0,2.0,0.0,6.0,1.0,1.21,0.0,0.0,1.0
JEC-J15,107.8,0.0,5.0,1.0,0.0,0.0,2.0,0.0,6.0,1.0,1.21,0.0,0.0,1.0
JEC-J15,108.9,0.0,5.0,0.0,0.0,0.0,2.0,0.0,6.0,1.0,1.21,0.0,0.0,1.0
JEC-J15,110.0,0.0,5.0,0.0,0.0,0.0,2.0,0.0,6.0,1.0,1.21,0.0,0.0,1.0
JEC-J15,111.1,0.0,5.0,0.0,0.0,0.0,1.0,0.0,6.0,1.0,1.21,0.0,0.0,1.0
JEC-J15,112.2,1.0,5.0,0.0,0.0,0.0,2.0,0.0,6.0,1.0,1.21,0.0,0.0,1.0
JEC-J15,113.3,1.0,5.0,0.0,0.0,0.0,2.0,0.0,6.0,1.0,1.21,0.0,0.0,0.0
JEC-J15,114.4,0.0,5.0,0.0,0.0,0.0,2.0,0.0,6.0,1.0,1.21,0.0,0.0,0.0
JEC-J15,115.5,0.0,5.0,0.0,0.0,0.0,2.0,0.0,6.0,1.0,1.0,0.0,0.0,0.0
JEC-J15,116.6,0.0,5.0,0.0,0.0,0.0,2.0,0.0,6.0,1.0,1.0,0.0,0.0,0.0
JEC-J15,117.7,0.0,5.0,1.0,0.0,0.0,2.0,0.0,6.0,1.0,1.0,0.0,0.0,1.0
JEC-J15,118.8,0.0,5.0,1.0,0.0,0.0,2.0,0.0,6.0,1.0,1.0,0.0,0.0,1.0
JEC-J15,119.9,0.0,5.0,0.0,0.0,0.0,2.0,0.0,6.0,1.0,1.0,0.0,0.0,1.0
JEC-J15,121.0,0.0,5.0,0.0,0.0,0.0,2.0,0.0,6.0,1.0,1.07,0.0,0.0,1.0
JEC-J15,122.1,0.0,5.0,0.0,0.0,0.0,2.0,0.0,6.0,1.0,1.07,0.0,0.0,1.0
JEC-J15,123.2,1.0,5.0,0.0,0.0,0.0,2.0,0.0,6.0,1.0,1.07,0.0,0.0,0.0
JEC-J15,124.3,0.0,5.0,0.0,0.0,0.0,2.0,0.0,6.0,1.0,1.07,0.0,0.0,0.0
JEC-J15,125.4,0.0,5.0,0.0,0.0,0.0,2.0,0.0,6.0,1.0,1.07,0.0,0.0,0.0
JEC-J15,126.5,0.0,5.0,0.0,0.0,0.0,2.0,0.0,6.0,1.0,1.07,0.0,0.0,0.0
JEC-J15,127.6,0.0,5.0,0.0,0.0,0.0,2.0,0.0,6.0,1.0,1.07,0.0,0.0,1.0
JEC-J15,128.7,0.0,5.0,1.0,0.0,0.0,2.0,0.0,6.0,1.0,1.07,0.0,0.0,1.0
JEC-J15,129.8,0.0,5.0,0.0,0.0,0.0,2.0,0.0,6.0,1.0,1.07,0.0,0.0,1.0
JEC-J15,130.9,0.0,5.0,0.0,0.0,0.0,2.0,0.0,6.0,1.0,1.07,0.0,0.0,1.0
JEC-J15,132.0,0.0,5.0,0.0,0.0,0.0,2.0,0.0,6.0,1.0,1.07,0.0,0.0,1.0
JEC-J15,133.1,1.0,5.0,0.0,0.0,0.0,2.0,0.0,6.0,1.0,1.07,0.0,0.0,1.0
JEC-J15,134.2,1.0,5.0,0.0,0.0,0.0,2.0,0.0,6.0,1.0,1.07,0.0,0.0,0.0
JEC-J15,135.3,0.0,5.0,0.0,0.0,0.0,2.0,0.0,6.0,1.0,1.07,0.0,0.0,0.0
JEC-J15,136.4,0.0,5.0,0.0,0.0,0.0,2.0,0.0,6.0,1.0,1.07,0.0,0.0,0.0
JEC-J15,137.5,0.0,5.0,0.0,0.0,0.0,2.0,0.0,6.0,1.0,1.07,0.0,0.0,0.0
JEC-J15,138.6,0.0,5.0,1.0,0.0,0.0,2.0,0.0,6.0,1.0,1.07,0.0,0.0,1.0
JEC-J15,139.7,0.0,5.0,1.0,0.0,0.0,2.0,0.0,6.0,1.0,1.07,0.0,0.0,1.0
JEC-J15,140.8,0.0,5.0,0.0,0.0,0.0,2.0,0.0,6.0,1.0,1.07,0.0,0.0,1.0
JEC-J15,141.9,0.0,5.0,0.0,0.0,0.0,2.0,0.0,6.0,1.0,1.07,0.0,0.0,1.0
JEC-J15,143.0,0.0,5.0,0.0,0.0,0.0,2.0,0.0,6.0,1.0,1.07,0.0,0.0,1.0
JEC-J15,144.1,1.0,5.0,0.0,0.0,0.0,2.0,0.0,6.0,1.0,1.07,0.0,0.0,0.0
JEC-J15,145.2,0.0,5.0,0.0,0.0,0.0,2.0,0.0,6.0,1.0,1.07,0.0,0.0,0.0
JEC-J15,146.3,0.0,5.0,0.0,0.0,0.0,2.0,0.0,6.0,1.0,1.07,0.0,0.0,0.0
JEC-J15,147.4,0.0,5.0,0.0,0.0,0.0,1.0,0.0,6.0,1.0,1.07,0.0,0.0,0.0
JEC-J15,148.5,0.0,5.0,0.0,0.0,0.0,2.0,0.0,6.0,1.0,1.07,0.0,0.0,1.0
JEC-J15,149.6,0.0,5.0,1.0,0.0,0.0,2.0,0.0,6.0,1.0,1.07,0.0,0.0,1.0
JEC-J15,150.7,0.0,5.0,0.0,0.0,0.0,2.0,0.0,6.0,1.0,1.07,0.0,0.0,1.0
JEC-J15,151.8,0.0,5.0,0.0,0.0,0.0,2.0,0.0,6.0,1.0,1.07,0.0,0.0,1.0
JEC-J15,152.9,0.0,5.0,0.0,0.0,0.0,2.0,0.0,6.0,1.0,1.07,0.0,0.0,1.0
JEC-J15,154.0,1.0,5.0,0.0,0.0,0.0,2.0,0.0,6.0,1.0,1.07,0.0,0.0,1.0
JEC-J15,155.1,1.0,5.0,0.0,0.0,0.0,2.0,0.0,6.0,1.0,1.07,0.0,0.0,0.0
JEC-J15,156.2,0.0,5.0,0.0,0.0,0.0,2.0,0.0,6.0,1.0,1.07,0.0,0.0,0.0
JEC-J15,157.3,0.0,5.0,0.0,0.0,0.0,2.0,0.0,6.0,1.0,1.07,0.0,0.0,0.0
JEC-J15,158.4,0.0,5.0,0.0,0.0,0.0,2.0,0.0,6.0,1.0,1.07,0.0,0.0,0.0
JEC-J15,159.5,0.0,5.0,1.0,0.0,0.0,2.0,0.0,6.0,1.0,1.07,0.0,0.0,1.0
JEC-J15,160.6,0.0,5.0,1.0,0.0,0.0,2.0,0.0,6.0,1.0,1.07,0.0,0.0,1.0
JEC-J15,161.7,0.0,5.0,0.0,0.0,0.0,2.0,0.0,6.0,1.0,1.07,0.0,0.0,1.0
JEC-J15,162.8,0.0,5.0,0.0,0.0,0.0,2.0,0.0,6.0,1.0,1.07,0.0,0.0,1.0
JEC-J15,163.9,0.0,5.0,0.0,0.0,0.0,2.0,0.0,6.0,1.0,1.07,0.0,0.0,1.0
JEC-J15,165.0,1.0,5.0,0.0,0.0,0.0,2.0,0.0,6.0,1.0,1.07,0.0,0.0,1.0
JEC-J15,166.1,0.0,5.0,0.0,0.0,0.0,2.0,0.0,6.0,1.0,1.07,0.0,0.0,0.0
JEC-J15,167.2,0.0,5.0,0.0,0.0,0.0,2.0,0.0,6.0,1.0,1.07,0.0,0.0,0.0
JEC-J15,168.3,0.0,5.0,0.0,0.0,0.0,2.0,0.0,6.0,1.0,1.07,0.0,0.0,0.0
JEC-J15,169.4,0.0,5.0,0.0,0.0,0.0,2.0,0.0,6.0,1.0,1.07,0.0,0.0,1.0
JEC-J15,170.5,0.0,5.0,1.0,0.0,0.0,2.0,0.0,6.0,1.0,1.0,0.0,0.0,1.0
JEC-J15,171.6,0.0,5.0,0.0,0.0,0.0,2.0,0.0,6.0,1.0,1.0,0.0,0.0,1.0
JEC-J15,172.7,0.0,5.0,0.0,0.0,0.0,2.0,0.0,6.0,1.0,1.0,0.0,0.0,1.0
JEC-J15,173.8,0.0,5.0,0.0,0.0,0.0,2.0,0.0,6.0,1.0,1.0,0.0,0.0,1.0
JEC-J15,174.9,1.0,5.0,0.0,0.0,0.0,2.0,0.0,6.0,1.0,1.0,0.0,0.0,1.0
JEC-J15,176.0,1.0,5.0,0.0,0.0,0.0,2.0,0.0,6.0,1.0,1.0,0.0,0.0,0.0
JEC-J15,177.1,0.0,5.0,0.0,0.0,0.0,2.0,0.0,6.0,1.0,1.0,0.0,0.0,0.0
JEC-J15,178.2,0.0,5.0,0.0,0.0,0.0,2.0,0.0,6.0,1.0,1.0,0.0,0.0,0.0
JEC-J15,179.3,0.0,5.0,0.0,0.0,0.0,2.0,0.0,6.0,1.0,1.0,0.0,0.0,0.0
JEC-J15,180.4,0.0,5.0,1.0,0.0,0.0,2.0,0.0,6.0,1.0,1.0,0.0,0.0,1.0
JEC-J15,181.5,0.0,5.0,1.0,0.0,0.0,2.0,0.0,6.0,1.0,1.0,0.0,0.0,1.0
JEC-J15,182.6,0.0,5.0,0.0,0.0,0.0,2.0,0.0,6.0,1.0,1.0,0.0,0.0,1.0
JEC-J15,183.7,0.0,5.0,0.0,0.0,0.0,2.0,0.0,6.0,1.0,1.0,0.0,0.0,1.0
JEC-J15,184.8,0.0,5.0,0.0,0.0,0.0,2.0,0.0,6.0,1.0,1.0,0.0,0.0,1.0
JEC-J15,185.9,1.0,5.0,0.0,0.0,0.0,2.0,0.0,6.0,1.0,1.0,0.0,0.0,1.0
JEC-J15,187.0,1.0,5.0,0.0,0.0,0.0,2.0,0.0,6.0,1.0,1.0,0.0,0.0,0.0
JEC-J15,188.1,0.0,5.0,0.0,0.0,0.0,2.0,0.0,6.0,1.0,1.0,0.0,0.0,0.0
JEC-J15,189.2,0.0,5.0,0.0,0.0,0.0,2.0,0.0,6.0,1.0,1.0,0.0,0.0,0.0
JEC-J15,190.3,0.0,5.0,0.0,0.0,0.0,2.0,0.0,6.0,1.0,1.0,0.0,0.0,0.0
JEC-J15,191.4,0.0,5.0,1.0,0.0,0.0,2.0,0.0,6.0,1.0,1.0,0.0,0.0,1.0
JEC-J15,192.5,0.0,5.0,1.0,0.0,0.0,1.0,0.0,6.0,1.0,1.0,0.0,0.0,1.0
JEC-J15,193.6,0.0,5.0,0.0,0.0,0.0,2.0,0.0,6.0,1.0,1.0,0.0,0.0,1.0
JEC-J22,1.1,0.0,5.0,0.0,0.0,0.0,0.0,0.0,4.0,0.0,1.3,0.0,0.0,0.0
JEC-J22,2.2,0.0,5.0,0.0,0.0,0.0,0.0,0.0,4.0,0.0,1.3,0.0,0.0,0.0
JEC-J22,3.3,0.0,5.0,0.0,0.0,0.0,0.0,0.0,4.0,0.0,1.3,0.0,0.0,0.0
JEC-J22,4.4,0.0,5.0,0.0,0.0,0.0,0.0,0.0,4.0,0.0,1.3,0.0,0.0,0.0
JEC-J22,5.5,0.0,5.0,0.0,0.0,0.0,0.0,0.0,4.0,0.0,1.3,0.0,0.0,0.0
JEC-J22,6.6,0.0,5.0,0.0,0.0,0.0,0.0,0.0,4.0,0.0,1.3,0.0,0.0,0.0
JEC-J22,7.7,0.0,5.0,0.0,0.0,0.0,0.0,0.0,4.0,0.0,1.3,0.0,0.0,0.0
JEC-J22,8.8,0.0,5.0,0.0,0.0,0.0,0.0,0.0,4.0,0.0,1.3,0.0,0.0,0.0
JEC-J22,9.9,0.0,5.0,0.0,0.0,0.0,0.0,0.0,4.0,0.0,1.3,0.0,0.0,0.0
JEC-J22,11.0,0.0,5.0,0.0,0.0,0.0,0.0,0.0,4.0,0.0,1.3,0.0,0.0,0.0
JEC-J22,12.1,0.0,5.0,0.0,0.0,0.0,0.0,0.0,4.0,0.0,1.3,0.0,0.0,0.0
JEC-J22,13.2,0.0,5.0,0.0,0.0,0.0,0.0,0.0,4.0,0.0,1.3,0.0,0.0,0.0
JEC-J22,14.3,0.0,5.0,0.0,0.0,0.0,0.0,0.0,4.0,0.0,1.3,0.0,0.0,0.0
JEC-J22,15.4,0.0,5.0,0.0,0.0,0.0,0.0,0.0,4.0,0.0,1.3,0.0,0.0,0.0
JEC-J22,16.5,0.0,5.0,0.0,0.0,0.0,0.0,0.0,4.0,0.0,1.3,0.0,0.0,0.0
JEC-J22,17.6,0.0,5.0,0.0,0.0,0.0,0.0,0.0,4.0,0.0,1.3,0.0,0.0,0.0
JEC-J22,18.7,0.0,5.0,0.0,0.0,0.0,0.0,0.0,4.0,0.0,1.3,0.0,0.0,0.0
JEC-J22,19.8,0.0,5.0,0.0,0.0,0.0,0.0,0.0,4.0,0.0,1.3,0.0,0.0,0.0
JEC-J22,20.9,0.0,5.0,0.0,0.0,0.0,0.0,0.0,4.0,0.0,1.3,0.0,0.0,0.0
JEC-J22,22.0,0.0,5.0,0.0,0.0,0.0,0.0,0.0,4.0,0.0,1.3,0.0,0.0,0.0
JEC-J22,23.1,0.0,5.0,0.0,0.0,0.0,0.0,0.0,4.0,0.0,1.3,0.0,0.0,0.0
JEC-J22,24.2,0.0,5.0,0.0,0.0,0.0,0.0,0.0,4.0,0.0,1.3,0.0,0.0,0.0
JEC-J22,25.3,0.0,5.0,0.0,0.0,0.0,0.0,0.0,4.0,0.0,1.3,0.0,0.0,0.0
JEC-J22,26.4,0.0,5.0,0.0,0.0,0.0,0.0,0.0,4.0,0.0,1.3,0.0,0.0,0.0
JEC-J22,27.5,0.0,5.0,0.0,0.0,0.0,0.0,0.0,4.0,0.0,1.3,0.0,0.0,0.0
JEC-J22,28.6,0.0,5.0,0.0,0.0,0.0,0.0,0.0,4.0,0.0,1.3,0.0,0.0,0.0
JEC-J22,29.7,0.0,5.0,0.0,0.0,0.0,0.0,0.0,4.0,0.0,1.3,0.0,0.0,0.0
JEC-J22,30.8,0.0,5.0,0.0,0.0,0.0,0.0,0.0,4.0,0.0,1.3,0.0,0.0,0.0
JEC-J22,31.9,0.0,5.0,0.0,0.0,0.0,0.0,0.0,4.0,0.0,1.3,0.0,0.0,0.0
JEC-J22,33.0,0.0,5.0,0.0,0.0,0.0,0.0,0.0,3.0,0.0,1.3,0.0,0.0,0.0
JEC-J22,34.1,0.0,5.0,0.0,0.0,0.0,0.0,0.0,3.0,0.0,1.3,0.0,0.0,0.0
JEC-J22,35.2,0.0,5.0,0.0,0.0,0.0,0.0,0.0,3.0,0.0,1.3,0.0,0.0,0.0
JEC-J22,36.3,0.0,5.0,0.0,0.0,0.0,0.0,0.0,3.0,0.0,1.3,0.0,0.0,0.0
JEC-J22,37.4,0.0,5.0,0.0,0.0,0.0,0.0,0.0,3.0,0.0,1.3,0.0,0.0,0.0
JEC-J22,38.5,0.0,5.0,0.0,0.0,0.0,0.0,0.0,3.0,0.0,1.3,0.0,0.0,0.0
JEC-J22,39.6,0.0,5.0,0.0,0.0,0.0,0.0,0.0,2.0,0.0,1.3,0.0,0.0,0.0
JEC-J22,40.7,0.0,5.0,0.0,0.0,0.0,0.0,0.0,2.0,0.0,1.3,0.0,0.0,0.0
JEC-J22,41.8,0.0,5.0,0.0,0.0,0.0,0.0,0.0,2.0,0.0,1.3,0.0,0.0,0.0
JEC-J22,42.9,0.0,5.0,0.0,0.0,0.0,0.0,0.0,2.0,0.0,1.3,0.0,0.0,0.0
JEC-J22,44.0,0.0,5.0,0.0,0.0,0.0,0.0,0.0,2.0,0.0,1.3,0.0,0.0,0.0
JEC-J22,45.1,0.0,5.0,0.0,0.0,0.0,0.0,0.0,1.0,0.0,1.3,0.0,0.0,0.0
JEC-J22,46.2,0.0,5.0,0.0,0.0,0.0,0.0,0.0,1.0,0.0,1.3,0.0,0.0,0.0
JEC-J22,47.3,0.0,5.0,0.0,0.0,0.0,0.0,0.0,1.0,0.0,1.3,0.0,0.0,0.0
JEC-J22,48.4,0.0,5.0,0.0,0.0,0.0,0.0,0.0,1.0,0.0,1.3,0.0,0.0,0.0
JEC-J22,49.5,0.0,5.0,0.0,0.0,0.0,0.0,0.0,1.0,0.0,1.3,0.0,0.0,0.0
JEC-J22,50.6,0.0,5.0,0.0,0.0,0.0,0.0,0.0,0.0,0.0,1.0,0.0,0.0,0.0
JEC-J22,51.7,0.0,5.0,0.0,0.0,0.0,0.0,0.0,0.0,0.0,1.0,0.0,0.0,0.0
JEC-J22,52.8,0.0,5.0,0.0,0.0,0.0,0.0,0.0,0.0,0.0,1.0,0.0,0.0,0.0
JEC-J22,53.9,0.0,5.0,0.0,0.0,0.0,0.0,0.0,0.0,0.0,1.0,0.0,0.0,0.0
JEC-J22,55.0,0.0,5.0,0.0,0.0,0.0,0.0,0.0,0.0,0.0,1.0,0.0,0.0,0.0
JEC-J22,56.1,0.0,5.0,0.0,0.0,0.0,0.0,0.0,0.0,0.0,1.21,0.0,0.0,0.0
JEC-J22,57.2,0.0,5.0,0.0,0.0,0.0,0.0,0.0,0.0,0.0,1.21,0.0,0.0,0.0
JEC-J22,58.3,0.0,5.0,0.0,0.0,0.0,0.0,0.0,0.0,0.0,1.21,0.0,0.0,0.0
JEC-J22,59.4,0.0,5.0,0.0,0.0,0.0,0.0,0.0,0.0,0.0,1.21,0.0,0.0,0.0
JEC-J22,60.5,0.0,5.0,0.0,0.0,0.0,0.0,0.0,0.0,0.0,1.21,0.0,0.0,0.0
JEC-J22,61.6,0.0,5.0,0.0,0.0,0.0,0.0,0.0,0.0,0.0,1.21,0.0,0.0,0.0
JEC-J22,62.7,0.0,5.0,0.0,0.0,0.0,0.0,0.0,0.0,0.0,1.21,0.0,0.0,0.0
JEC-J22,63.8,0.0,5.0,0.0,0.0,0.0,0.0,0.0,0.0,0.0,1.21,0.0,0.0,0.0
JEC-J22,64.9,0.0,5.0,0.0,0.0,0.0,0.0,0.0,0.0,0.0,1.21,0.0,0.0,0.0
JEC-J22,66.0,0.0,5.0,0.0,0.0,0.0,0.0,0.0,0.0,0.0,1.21,0.0,0.0,0.0
JEC-J22,67.1,0.0,5.0,0.0,0.0,0.0,0.0,0.0,0.0,0.0,1.21,0.0,0.0,0.0
JEC-J22,68.2,0.0,5.0,0.0,0.0,0.0,0.0,0.0,0.0,0.0,1.21,0.0,0.0,0.0
JEC-J22,69.3,0.0,5.0,0.0,0.0,0.0,0.0,0.0,0.0,0.0,1.21,0.0,0.0,0.0
JEC-J22,70.4,0.0,5.0,0.0,0.0,0.0,0.0,0.0,0.0,0.0,1.21,0.0,0.0,0.0
JEC-J22,71.5,0.0,5.0,0.0,0.0,0.0,0.0,0.0,0.0,0.0,1.21,0.0,0.0,0.0
JEC-J22,72.6,0.0,5.0,0.0,0.0,0.0,0.0,0.0,0.0,0.0,1.21,0.0,0.0,0.0
JEC-J22,73.7,0.0,5.0,0.0,0.0,0.0,0.0,0.0,0.0,0.0,1.21,0.0,0.0,0.0
JEC-J22,74.8,0.0,5.0,0.0,0.0,0.0,0.0,0.0,0.0,0.0,1.21,0.0,0.0,0.0
JEC-J22,75.9,0.0,5.0,0.0,0.0,0.0,0.0,0.0,0.0,0.0,1.21,0.0,0.0,0.0
JEC-J22,77.0,0.0,5.0,0.0,0.0,0.0,0.0,0.0,0.0,0.0,1.21,0.0,0.0,0.0
JEC-J22,78.1,0.0,5.0,0.0,0.0,0.0,0.0,0.0,0.0,0.0,1.21,0.0,0.0,0.0
JEC-J22,79.2,0.0,5.0,0.0,0.0,0.0,0.0,0.0,0.0,0.0,1.21,0.0,0.0,0.0
JEC-J22,80.3,0.0,5.0,0.0,0.0,0.0,0.0,0.0,0.0,0.0,1.21,0.0,0.0,0.0
JEC-J22,81.4,0.0,5.0,0.0,0.0,0.0,0.0,0.0,0.0,0.0,1.21,0.0,0.0,0.0
JEC-J22,82.5,0.0,5.0,0.0,0.0,0.0,0.0,0.0,0.0,0.0,1.21,0.0,0.0,0.0
JEC-J22,83.6,0.0,5.0,0.0,0.0,0.0,0.0,0.0,0.0,0.0,1.21,0.0,0.0,0.0
JEC-J22,84.7,0.0,5.0,0.0,0.0,0.0,0.0,0.0,0.0,0.0,1.21,0.0,0.0,0.0
JEC-J22,85.8,0.0,5.0,0.0,0.0,0.0,0.0,0.0,0.0,0.0,1.21,0.0,0.0,0.0
JEC-J22,86.9,0.0,5.0,0.0,0.0,0.0,0.0,0.0,0.0,0.0,1.21,0.0,0.0,0.0
JEC-J22,88.0,0.0,5.0,0.0,0.0,0.0,0.0,0.0,0.0,0.0,1.21,0.0,0.0,0.0
JEC-J22,89.1,0.0,5.0,0.0,0.0,0.0,0.0,0.0,0.0,0.0,1.21,0.0,0.0,0.0
JEC-J22,90.2,0.0,5.0,0.0,0.0,0.0,0.0,0.0,0.0,0.0,1.21,0.0,0.0,0.0
JEC-J22,91.3,0.0,5.0,0.0,0.0,0.0,0.0,0.0,0.0,0.0,1.21,0.0,0.0,0.0
JEC-J22,92.4,0.0,5.0,0.0,0.0,0.0,0.0,0.0,0.0,0.0,1.21,0.0,0.0,0.0
JEC-J22,93.5,0.0,5.0,0.0,0.0,0.0,0.0,0.0,0.0,0.0,1.21,0.0,0.0,0.0
JEC-J22,94.6,0.0,5.0,0.0,0.0,0.0,0.0,0.0,0.0,0.0,1.21,0.0,0.0,0.0
JEC-J22,95.7,0.0,5.0,0.0,0.0,0.0,0.0,0.0,0.0,0.0,1.21,0.0,0.0,0.0
JEC-J22,96.8,0.0,5.0,0.0,0.0,0.0,0.0,0.0,0.0,0.0,1.21,0.0,0.0,0.0
JEC-J22,97.9,0.0,5.0,0.0,0.0,0.0,0.0,0.0,0.0,0.0,1.21,0.0,0.0,0.0
JEC-J22,99.0,0.0,5.0,0.0,0.0,0.0,0.0,0.0,0.0,0.0,1.21,0.0,0.0,0.0
JEC-J22,100.1,0.0,5.0,0.0,0.0,0.0,0.0,0.0,0.0,0.0,1.21,0.0,0.0,0.0
JEC-J22,101.2,0.0,5.0,0.0,0.0,0.0,0.0,0.0,0.0,0.0,1.21,0.0,0.0,0.0
JEC-J22,102.3,0.0,5.0,0.0,0.0,0.0,0.0,0.0,0.0,0.0,1.21,0.0,0.0,0.0
JEC-J22,103.4,0.0,5.0,0.0,0.0,0.0,0.0,0.0,0.0,0.0,1.21,0.0,0.0,0.0
JEC-J22,104.5,0.0,5.0,0.0,0.0,0.0,0.0,0.0,0.0,0.0,1.21,0.0,0.0,0.0
JEC-J22,105.6,0.0,5.0,0.0,0.0,0.0,0.0,0.0,0.0,0.0,1.21,0.0,0.0,0.0
JEC-J22,106.7,0.0,5.0,0.0,0.0,0.0,0.0,0.0,0.0,0.0,1.21,0.0,0.0,0.0
JEC-J22,107.8,0.0,5.0,0.0,0.0,0.0,0.0,0.0,0.0,0.0,1.21,0.0,0.0,0.0
JEC-J22,108.9,0.0,5.0,0.0,0.0,0.0,0.0,0.0,0.0,0.0,1.21,0.0,0.0,0.0
JEC-J22,110.0,0.0,5.0,0.0,0.0,0.0,0.0,0.0,0.0,0.0,1.21,0.0,0.0,0.0
JEC-J22,111.1,0.0,5.0,0.0,0.0,0.0,0.0,0.0,0.0,0.0,1.21,0.0,0.0,0.0
JEC-J22,112.2,0.0,5.0,0.0,0.0,0.0,0.0,0.0,0.0,0.0,1.21,0.0,0.0,0.0
JEC-J22,113.3,0.0,5.0,0.0,0.0,0.0,0.0,0.0,0.0,0.0,1.21,0.0,0.0,0.0
JEC-J22,114.4,0.0,5.0,0.0,0.0,0.0,0.0,0.0,0.0,0.0,1.21,0.0,0.0,0.0
JEC-J22,115.5,0.0,5.0,0.0,0.0,0.0,0.0,0.0,0.0,0.0,1.0,0.0,0.0,0.0
JEC-J22,116.6,0.0,5.0,0.0,0.0,0.0,0.0,0.0,0.0,0.0,1.0,0.0,0.0,0.0
JEC-J22,117.7,0.0,5.0,0.0,0.0,0.0,0.0,0.0,0.0,0.0,1.0,0.0,0.0,0.0
JEC-J22,118.8,0.0,5.0,0.0,0.0,0.0,0.0,0.0,0.0,0.0,1.0,0.0,0.0,0.0
JEC-J22,119.9,0.0,5.0,0.0,0.0,0.0,0.0,0.0,0.0,0.0,1.0,0.0,0.0,0.0
JEC-J22,121.0,0.0,5.0,0.0,0.0,0.0,0.0,0.0,0.0,0.0,1.07,0.0,0.0,0.0
JEC-J22,122.1,0.0,5.0,0.0,0.0,0.0,0.0,0.0,0.0,0.0,1.07,0.0,0.0,0.0
JEC-J22,123.2,0.0,5.0,0.0,0.0,0.0,0.0,0.0,0.0,0.0,1.07,0.0,0.0,0.0
JEC-J22,124.3,0.0,5.0,0.0,0.0,0.0,0.0,0.0,0.0,0.0,1.07,0.0,0.0,0.0
JEC-J22,125.4,0.0,5.0,0.0,0.0,0.0,0.0,0.0,0.0,0.0,1.07,0.0,0.0,0.0
JEC-J22,126.5,0.0,5.0,0.0,0.0,0.0,0.0,0.0,0.0,0.0,1.07,0.0,0.0,0.0
JEC-J22,127.6,0.0,5.0,0.0,0.0,0.0,0.0,0.0,0.0,0.0,1.07,0.0,0.0,0.0
JEC-J22,128.7,0.0,5.0,0.0,0.0,0.0,0.0,0.0,0.0,0.0,1.07,0.0,0.0,0.0
JEC-J22,129.8,0.0,5.0,0.0,0.0,0.0,0.0,0.0,0.0,0.0,1.07,0.0,0.0,0.0
JEC-J22,130.9,0.0,5.0,0.0,0.0,0.0,0.0,0.0,0.0,0.0,1.07,0.0,0.0,0.0
JEC-J22,132.0,0.0,5.0,0.0,0.0,0.0,0.0,0.0,0.0,0.0,1.07,0.0,0.0,0.0
JEC-J22,133.1,0.0,5.0,0.0,0.0,0.0,0.0,0.0,0.0,0.0,1.07,0.0,0.0,0.0
JEC-J22,134.2,0.0,5.0,0.0,0.0,0.0,0.0,0.0,0.0,0.0,1.07,0.0,0.0,0.0
JEC-J22,135.3,0.0,5.0,0.0,0.0,0.0,0.0,0.0,0.0,0.0,1.07,0.0,0.0,0.0
JEC-J22,136.4,0.0,5.0,0.0,0.0,0.0,0.0,0.0,0.0,0.0,1.07,0.0,0.0,0.0
JEC-J22,137.5,0.0,5.0,0.0,0.0,0.0,0.0,0.0,0.0,0.0,1.07,0.0,0.0,0.0
JEC-J22,138.6,0.0,5.0,0.0,0.0,0.0,0.0,0.0,0.0,0.0,1.07,0.0,0.0,0.0
JEC-J22,139.7,0.0,5.0,0.0,0.0,0.0,0.0,0.0,0.0,0.0,1.07,0.0,0.0,0.0
JEC-J22,140.8,0.0,5.0,0.0,0.0,0.0,0.0,0.0,0.0,0.0,1.07,0.0,0.0,0.0
JEC-J22,141.9,0.0,5.0,0.0,0.0,0.0,0.0,0.0,0.0,0.0,1.07,0.0,0.0,0.0
JEC-J22,143.0,0.0,5.0,0.0,0.0,0.0,0.0,0.0,0.0,0.0,1.07,0.0,0.0,0.0
JEC-J22,144.1,0.0,5.0,0.0,0.0,0.0,0.0,0.0,0.0,0.0,1.07,0.0,0.0,0.0
JEC-J22,145.2,0.0,5.0,0.0,0.0,0.0,0.0,0.0,0.0,0.0,1.07,0.0,0.0,0.0
JEC-J22,146.3,0.0,5.0,0.0,0.0,0.0,0.0,0.0,0.0,0.0,1.07,0.0,0.0,0.0
JEC-J22,147.4,0.0,5.0,0.0,0.0,0.0,0.0,0.0,0.0,0.0,1.07,0.0,0.0,0.0
JEC-J22,148.5,0.0,5.0,0.0,0.0,0.0,0.0,0.0,0.0,0.0,1.07,0.0,0.0,0.0
JEC-J22,149.6,0.0,5.0,0.0,0.0,0.0,0.0,0.0,0.0,0.0,1.07,0.0,0.0,0.0
JEC-J22,150.7,0.0,5.0,0.0,0.0,0.0,0.0,0.0,0.0,0.0,1.07,0.0,0.0,0.0
JEC-J22,151.8,0.0,5.0,0.0,0.0,0.0,0.0,0.0,0.0,0.0,1.07,0.0,0.0,0.0
JEC-J22,152.9,0.0,5.0,0.0,0.0,0.0,0.0,0.0,0.0,0.0,1.07,0.0,0.0,0.0
JEC-J22,154.0,0.0,5.0,0.0,0.0,0.0,0.0,0.0,0.0,0.0,1.07,0.0,0.0,0.0
JEC-J22,155.1,0.0,5.0,0.0,0.0,0.0,0.0,0.0,0.0,0.0,1.07,0.0,0.0,0.0
JEC-J22,156.2,0.0,5.0,0.0,0.0,0.0,0.0,0.0,0.0,0.0,1.07,0.0,0.0,0.0
JEC-J22,157.3,0.0,5.0,0.0,0.0,0.0,0.0,0.0,0.0,0.0,1.07,0.0,0.0,0.0
JEC-J22,158.4,0.0,5.0,0.0,0.0,0.0,0.0,0.0,0.0,0.0,1.07,0.0,0.0,0.0
JEC-J22,159.5,0.0,5.0,0.0,0.0,0.0,0.0,0.0,0.0,0.0,1.07,0.0,0.0,0.0
JEC-J22,160.6,0.0,5.0,0.0,0.0,0.0,0.0,0.0,0.0,0.0,1.07,0.0,0.0,0.0
JEC-J22,161.7,0.0,5.0,0.0,0.0,0.0,0.0,0.0,0.0,0.0,1.07,0.0,0.0,0.0
JEC-J22,162.8,0.0,5.0,0.0,0.0,0.0,0.0,0.0,0.0,0.0,1.07,0.0,0.0,0.0
JEC-J22,163.9,0.0,5.0,0.0,0.0,0.0,0.0,0.0,0.0,0.0,1.07,0.0,0.0,0.0
JEC-J22,165.0,0.0,5.0,0.0,0.0,0.0,0.0,0.0,0.0,0.0,1.07,0.0,0.0,0.0
JEC-J22,166.1,0.0,5.0,0.0,0.0,0.0,0.0,0.0,0.0,0.0,1.07,0.0,0.0,0.0
JEC-J22,167.2,0.0,5.0,0.0,0.0,0.0,0.0,0.0,0.0,0.0,1.07,0.0,0.0,0.0
JEC-J22,168.3,0.0,5.0,0.0,0.0,0.0,0.0,0.0,0.0,0.0,1.07,0.0,0.0,0.0
JEC-J22,169.4,0.0,5.0,0.0,0.0,0.0,0.0,0.0,0.0,0.0,1.07,0.0,0.0,0.0
JEC-J22,170.5,0.0,5.0,0.0,0.0,0.0,0.0,0.0,0.0,0.0,1.0,0.0,0.0,0.0
JEC-J22,171.6,0.0,5.0,0.0,0.0,0.0,0.0,0.0,0.0,0.0,1.0,0.0,0.0,0.0
JEC-J22,172.7,0.0,5.0,0.0,0.0,0.0,0.0,0.0,0.0,0.0,1.0,0.0,0.0,0.0
JEC-J22,173.8,0.0,5.0,0.0,0.0,0.0,0.0,0.0,0.0,0.0,1.0,0.0,0.0,0.0
JEC-J22,174.9,0.0,5.0,0.0,0.0,0.0,0.0,0.0,0.0,0.0,1.0,0.0,0.0,0.0
JEC-J22,176.0,0.0,5.0,0.0,0.0,0.0,0.0,0.0,0.0,0.0,1.0,0.0,0.0,0.0
JEC-J22,177.1,0.0,5.0,0.0,0.0,0.0,0.0,0.0,0.0,0.0,1.0,0.0,0.0,0.0
JEC-J22,178.2,0.0,5.0,0.0,0.0,0.0,0.0,0.0,0.0,0.0,1.0,0.0,0.0,0.0
JEC-J22,179.3,0.0,5.0,0.0,0.0,0.0,0.0,0.0,0.0,0.0,1.0,0.0,0.0,0.0
JEC-J22,180.4,0.0,5.0,0.0,0.0,0.0,0.0,0.0,0.0,0.0,1.0,0.0,0.0,0.0
JEC-J22,181.5,0.0,5.0,0.0,0.0,0.0,0.0,0.0,0.0,0.0,1.0,0.0,0.0,0.0
JEC-J22,182.6,0.0,5.0,0.0,0.0,0.0,0.0,0.0,0.0,0.0,1.0,0.0,0.0,0.0
JEC-J22,183.7,0.0,5.0,0.0,0.0,0.0,0.0,0.0,0.0,0.0,1.0,0.0,0.0,0.0
JEC-J22,184.8,0.0,5.0,0.0,0.0,0.0,0.0,0.0,0.0,0.0,1.0,0.0,0.0,0.0
JEC-J22,185.9,0.0,5.0,0.0,0.0,0.0,0.0,0.0,0.0,0.0,1.0,0.0,0.0,0.0
JEC-J22,187.0,0.0,5.0,0.0,0.0,0.0,0.0,0.0,0.0,0.0,1.0,0.0,0.0,0.0
JEC-J22,188.1,0.0,5.0,0.0,0.0,0.0,0.0,0.0,0.0,0.0,1.0,0.0,0.0,0.0
JEC-J22,189.2,0.0,5.0,0.0,0.0,0.0,0.0,0.0,0.0,0.0,1.0,0.0,0.0,0.0
JEC-J22,190.3,0.0,5.0,0.0,0.0,0.0,0.0,0.0,0.0,0.0,1.0,0.0,0.0,0.0
JEC-J22,191.4,0.0,5.0,0.0,0.0,0.0,0.0,0.0,0.0,0.0,1.0,0.0,0.0,0.0
JEC-J22,192.5,0.0,5.0,0.0,0.0,0.0,0.0,0.0,0.0,0.0,1.0,0.0,0.0,0.0
JEC-J22,193.6,0.0,5.0,0.0,0.0,0.0,0.0,0.0,0.0,0.0,1.0,0.0,0.0,0.0
